ISO-10303-21;
HEADER;
FILE_DESCRIPTION(('Open CASCADE Model'),'2;1');
FILE_NAME('Open CASCADE Shape Model','2026-09-11T11:41:37',('Author'),(
    'Open CASCADE'),'Open CASCADE STEP processor 7.9','Open CASCADE 7.9'
  ,'Unknown');
FILE_SCHEMA(('AUTOMOTIVE_DESIGN { 1 0 10303 214 1 1 1 1 }'));
ENDSEC;
DATA;
#1 = APPLICATION_PROTOCOL_DEFINITION('international standard',
  'automotive_design',2000,#2);
#2 = APPLICATION_CONTEXT(
  'core data for automotive mechanical design processes');
#3 = SHAPE_DEFINITION_REPRESENTATION(#4,#10);
#4 = PRODUCT_DEFINITION_SHAPE('','',#5);
#5 = PRODUCT_DEFINITION('design','',#6,#9);
#6 = PRODUCT_DEFINITION_FORMATION('','',#7);
#7 = PRODUCT('villa_wing','villa_wing','',(#8));
#8 = PRODUCT_CONTEXT('',#2,'mechanical');
#9 = PRODUCT_DEFINITION_CONTEXT('part definition',#2,'design');
#10 = SHAPE_REPRESENTATION('',(#11,#15,#19,#23,#27,#31,#35,#39,#43,#47,
    #51,#55,#59,#63,#67,#71,#75),#79);
#11 = AXIS2_PLACEMENT_3D('',#12,#13,#14);
#12 = CARTESIAN_POINT('',(0.,0.,0.));
#13 = DIRECTION('',(0.,0.,1.));
#14 = DIRECTION('',(1.,0.,-0.));
#15 = AXIS2_PLACEMENT_3D('',#16,#17,#18);
#16 = CARTESIAN_POINT('',(0.,0.,0.));
#17 = DIRECTION('',(0.,0.,1.));
#18 = DIRECTION('',(1.,0.,-0.));
#19 = AXIS2_PLACEMENT_3D('',#20,#21,#22);
#20 = CARTESIAN_POINT('',(0.,0.,0.));
#21 = DIRECTION('',(0.,0.,1.));
#22 = DIRECTION('',(1.,0.,-0.));
#23 = AXIS2_PLACEMENT_3D('',#24,#25,#26);
#24 = CARTESIAN_POINT('',(0.,0.,0.));
#25 = DIRECTION('',(0.,0.,1.));
#26 = DIRECTION('',(1.,0.,-0.));
#27 = AXIS2_PLACEMENT_3D('',#28,#29,#30);
#28 = CARTESIAN_POINT('',(0.,0.,0.));
#29 = DIRECTION('',(0.,0.,1.));
#30 = DIRECTION('',(1.,0.,-0.));
#31 = AXIS2_PLACEMENT_3D('',#32,#33,#34);
#32 = CARTESIAN_POINT('',(0.,0.,0.));
#33 = DIRECTION('',(0.,0.,1.));
#34 = DIRECTION('',(1.,0.,-0.));
#35 = AXIS2_PLACEMENT_3D('',#36,#37,#38);
#36 = CARTESIAN_POINT('',(0.,0.,0.));
#37 = DIRECTION('',(0.,0.,1.));
#38 = DIRECTION('',(1.,0.,-0.));
#39 = AXIS2_PLACEMENT_3D('',#40,#41,#42);
#40 = CARTESIAN_POINT('',(0.,0.,0.));
#41 = DIRECTION('',(0.,0.,1.));
#42 = DIRECTION('',(1.,0.,-0.));
#43 = AXIS2_PLACEMENT_3D('',#44,#45,#46);
#44 = CARTESIAN_POINT('',(0.,0.,0.));
#45 = DIRECTION('',(0.,0.,1.));
#46 = DIRECTION('',(1.,0.,-0.));
#47 = AXIS2_PLACEMENT_3D('',#48,#49,#50);
#48 = CARTESIAN_POINT('',(0.,0.,0.));
#49 = DIRECTION('',(0.,0.,1.));
#50 = DIRECTION('',(1.,0.,-0.));
#51 = AXIS2_PLACEMENT_3D('',#52,#53,#54);
#52 = CARTESIAN_POINT('',(0.,0.,0.));
#53 = DIRECTION('',(0.,0.,1.));
#54 = DIRECTION('',(1.,0.,-0.));
#55 = AXIS2_PLACEMENT_3D('',#56,#57,#58);
#56 = CARTESIAN_POINT('',(0.,0.,0.));
#57 = DIRECTION('',(0.,0.,1.));
#58 = DIRECTION('',(1.,0.,-0.));
#59 = AXIS2_PLACEMENT_3D('',#60,#61,#62);
#60 = CARTESIAN_POINT('',(0.,0.,0.));
#61 = DIRECTION('',(0.,0.,1.));
#62 = DIRECTION('',(1.,0.,-0.));
#63 = AXIS2_PLACEMENT_3D('',#64,#65,#66);
#64 = CARTESIAN_POINT('',(0.,0.,0.));
#65 = DIRECTION('',(0.,0.,1.));
#66 = DIRECTION('',(1.,0.,-0.));
#67 = AXIS2_PLACEMENT_3D('',#68,#69,#70);
#68 = CARTESIAN_POINT('',(0.,0.,0.));
#69 = DIRECTION('',(0.,0.,1.));
#70 = DIRECTION('',(1.,0.,-0.));
#71 = AXIS2_PLACEMENT_3D('',#72,#73,#74);
#72 = CARTESIAN_POINT('',(0.,0.,0.));
#73 = DIRECTION('',(0.,0.,1.));
#74 = DIRECTION('',(1.,0.,-0.));
#75 = AXIS2_PLACEMENT_3D('',#76,#77,#78);
#76 = CARTESIAN_POINT('',(0.,0.,0.));
#77 = DIRECTION('',(0.,0.,1.));
#78 = DIRECTION('',(1.,0.,-0.));
#79 = ( GEOMETRIC_REPRESENTATION_CONTEXT(3) 
GLOBAL_UNCERTAINTY_ASSIGNED_CONTEXT((#83)) GLOBAL_UNIT_ASSIGNED_CONTEXT(
(#80,#81,#82)) REPRESENTATION_CONTEXT('Context #1',
  '3D Context with UNIT and UNCERTAINTY') );
#80 = ( LENGTH_UNIT() NAMED_UNIT(*) SI_UNIT(.MILLI.,.METRE.) );
#81 = ( NAMED_UNIT(*) PLANE_ANGLE_UNIT() SI_UNIT($,.RADIAN.) );
#82 = ( NAMED_UNIT(*) SI_UNIT($,.STERADIAN.) SOLID_ANGLE_UNIT() );
#83 = UNCERTAINTY_MEASURE_WITH_UNIT(LENGTH_MEASURE(2.E-05),#80,
  'distance_accuracy_value','confusion accuracy');
#84 = PRODUCT_RELATED_PRODUCT_CATEGORY('part',$,(#7));
#85 = SHAPE_DEFINITION_REPRESENTATION(#86,#92);
#86 = PRODUCT_DEFINITION_SHAPE('','',#87);
#87 = PRODUCT_DEFINITION('design','',#88,#91);
#88 = PRODUCT_DEFINITION_FORMATION('','',#89);
#89 = PRODUCT('floor_0','floor_0','',(#90));
#90 = PRODUCT_CONTEXT('',#2,'mechanical');
#91 = PRODUCT_DEFINITION_CONTEXT('part definition',#2,'design');
#92 = ADVANCED_BREP_SHAPE_REPRESENTATION('',(#11,#93),#639);
#93 = MANIFOLD_SOLID_BREP('',#94);
#94 = CLOSED_SHELL('',(#95,#215,#296,#377,#426,#475,#507,#556,#605,#632)
  );
#95 = ADVANCED_FACE('',(#96),#110,.F.);
#96 = FACE_BOUND('',#97,.F.);
#97 = EDGE_LOOP('',(#98,#133,#161,#189));
#98 = ORIENTED_EDGE('',*,*,#99,.F.);
#99 = EDGE_CURVE('',#100,#102,#104,.T.);
#100 = VERTEX_POINT('',#101);
#101 = CARTESIAN_POINT('',(-6.,-5.,0.));
#102 = VERTEX_POINT('',#103);
#103 = CARTESIAN_POINT('',(-6.,-5.,0.12));
#104 = SURFACE_CURVE('',#105,(#109,#121),.PCURVE_S1.);
#105 = LINE('',#106,#107);
#106 = CARTESIAN_POINT('',(-6.,-5.,0.));
#107 = VECTOR('',#108,1.);
#108 = DIRECTION('',(0.,0.,1.));
#109 = PCURVE('',#110,#115);
#110 = PLANE('',#111);
#111 = AXIS2_PLACEMENT_3D('',#112,#113,#114);
#112 = CARTESIAN_POINT('',(-6.,-5.,0.));
#113 = DIRECTION('',(1.,0.,0.));
#114 = DIRECTION('',(0.,0.,1.));
#115 = DEFINITIONAL_REPRESENTATION('',(#116),#120);
#116 = LINE('',#117,#118);
#117 = CARTESIAN_POINT('',(0.,0.));
#118 = VECTOR('',#119,1.);
#119 = DIRECTION('',(1.,0.));
#120 = ( GEOMETRIC_REPRESENTATION_CONTEXT(2) 
PARAMETRIC_REPRESENTATION_CONTEXT() REPRESENTATION_CONTEXT('2D SPACE',''
  ) );
#121 = PCURVE('',#122,#127);
#122 = PLANE('',#123);
#123 = AXIS2_PLACEMENT_3D('',#124,#125,#126);
#124 = CARTESIAN_POINT('',(-6.,-5.,0.));
#125 = DIRECTION('',(0.,1.,0.));
#126 = DIRECTION('',(0.,0.,1.));
#127 = DEFINITIONAL_REPRESENTATION('',(#128),#132);
#128 = LINE('',#129,#130);
#129 = CARTESIAN_POINT('',(0.,0.));
#130 = VECTOR('',#131,1.);
#131 = DIRECTION('',(1.,0.));
#132 = ( GEOMETRIC_REPRESENTATION_CONTEXT(2) 
PARAMETRIC_REPRESENTATION_CONTEXT() REPRESENTATION_CONTEXT('2D SPACE',''
  ) );
#133 = ORIENTED_EDGE('',*,*,#134,.T.);
#134 = EDGE_CURVE('',#100,#135,#137,.T.);
#135 = VERTEX_POINT('',#136);
#136 = CARTESIAN_POINT('',(-6.,5.,0.));
#137 = SURFACE_CURVE('',#138,(#142,#149),.PCURVE_S1.);
#138 = LINE('',#139,#140);
#139 = CARTESIAN_POINT('',(-6.,-5.,0.));
#140 = VECTOR('',#141,1.);
#141 = DIRECTION('',(0.,1.,0.));
#142 = PCURVE('',#110,#143);
#143 = DEFINITIONAL_REPRESENTATION('',(#144),#148);
#144 = LINE('',#145,#146);
#145 = CARTESIAN_POINT('',(0.,0.));
#146 = VECTOR('',#147,1.);
#147 = DIRECTION('',(0.,-1.));
#148 = ( GEOMETRIC_REPRESENTATION_CONTEXT(2) 
PARAMETRIC_REPRESENTATION_CONTEXT() REPRESENTATION_CONTEXT('2D SPACE',''
  ) );
#149 = PCURVE('',#150,#155);
#150 = PLANE('',#151);
#151 = AXIS2_PLACEMENT_3D('',#152,#153,#154);
#152 = CARTESIAN_POINT('',(-6.,-5.,0.));
#153 = DIRECTION('',(0.,0.,1.));
#154 = DIRECTION('',(1.,0.,0.));
#155 = DEFINITIONAL_REPRESENTATION('',(#156),#160);
#156 = LINE('',#157,#158);
#157 = CARTESIAN_POINT('',(0.,0.));
#158 = VECTOR('',#159,1.);
#159 = DIRECTION('',(0.,1.));
#160 = ( GEOMETRIC_REPRESENTATION_CONTEXT(2) 
PARAMETRIC_REPRESENTATION_CONTEXT() REPRESENTATION_CONTEXT('2D SPACE',''
  ) );
#161 = ORIENTED_EDGE('',*,*,#162,.T.);
#162 = EDGE_CURVE('',#135,#163,#165,.T.);
#163 = VERTEX_POINT('',#164);
#164 = CARTESIAN_POINT('',(-6.,5.,0.12));
#165 = SURFACE_CURVE('',#166,(#170,#177),.PCURVE_S1.);
#166 = LINE('',#167,#168);
#167 = CARTESIAN_POINT('',(-6.,5.,0.));
#168 = VECTOR('',#169,1.);
#169 = DIRECTION('',(0.,0.,1.));
#170 = PCURVE('',#110,#171);
#171 = DEFINITIONAL_REPRESENTATION('',(#172),#176);
#172 = LINE('',#173,#174);
#173 = CARTESIAN_POINT('',(0.,-10.));
#174 = VECTOR('',#175,1.);
#175 = DIRECTION('',(1.,0.));
#176 = ( GEOMETRIC_REPRESENTATION_CONTEXT(2) 
PARAMETRIC_REPRESENTATION_CONTEXT() REPRESENTATION_CONTEXT('2D SPACE',''
  ) );
#177 = PCURVE('',#178,#183);
#178 = PLANE('',#179);
#179 = AXIS2_PLACEMENT_3D('',#180,#181,#182);
#180 = CARTESIAN_POINT('',(-6.,5.,0.));
#181 = DIRECTION('',(0.,1.,0.));
#182 = DIRECTION('',(0.,0.,1.));
#183 = DEFINITIONAL_REPRESENTATION('',(#184),#188);
#184 = LINE('',#185,#186);
#185 = CARTESIAN_POINT('',(0.,0.));
#186 = VECTOR('',#187,1.);
#187 = DIRECTION('',(1.,0.));
#188 = ( GEOMETRIC_REPRESENTATION_CONTEXT(2) 
PARAMETRIC_REPRESENTATION_CONTEXT() REPRESENTATION_CONTEXT('2D SPACE',''
  ) );
#189 = ORIENTED_EDGE('',*,*,#190,.F.);
#190 = EDGE_CURVE('',#102,#163,#191,.T.);
#191 = SURFACE_CURVE('',#192,(#196,#203),.PCURVE_S1.);
#192 = LINE('',#193,#194);
#193 = CARTESIAN_POINT('',(-6.,-5.,0.12));
#194 = VECTOR('',#195,1.);
#195 = DIRECTION('',(0.,1.,0.));
#196 = PCURVE('',#110,#197);
#197 = DEFINITIONAL_REPRESENTATION('',(#198),#202);
#198 = LINE('',#199,#200);
#199 = CARTESIAN_POINT('',(0.12,0.));
#200 = VECTOR('',#201,1.);
#201 = DIRECTION('',(0.,-1.));
#202 = ( GEOMETRIC_REPRESENTATION_CONTEXT(2) 
PARAMETRIC_REPRESENTATION_CONTEXT() REPRESENTATION_CONTEXT('2D SPACE',''
  ) );
#203 = PCURVE('',#204,#209);
#204 = PLANE('',#205);
#205 = AXIS2_PLACEMENT_3D('',#206,#207,#208);
#206 = CARTESIAN_POINT('',(-5.985,-5.,0.135));
#207 = DIRECTION('',(0.707106781187,1.285021453507E-19,-0.707106781187)
  );
#208 = DIRECTION('',(-9.08647383745E-20,1.,9.08647383745E-20));
#209 = DEFINITIONAL_REPRESENTATION('',(#210),#214);
#210 = LINE('',#211,#212);
#211 = CARTESIAN_POINT('',(0.,-2.12132034356E-02));
#212 = VECTOR('',#213,1.);
#213 = DIRECTION('',(1.,0.));
#214 = ( GEOMETRIC_REPRESENTATION_CONTEXT(2) 
PARAMETRIC_REPRESENTATION_CONTEXT() REPRESENTATION_CONTEXT('2D SPACE',''
  ) );
#215 = ADVANCED_FACE('',(#216),#122,.F.);
#216 = FACE_BOUND('',#217,.F.);
#217 = EDGE_LOOP('',(#218,#248,#269,#270));
#218 = ORIENTED_EDGE('',*,*,#219,.F.);
#219 = EDGE_CURVE('',#220,#222,#224,.T.);
#220 = VERTEX_POINT('',#221);
#221 = CARTESIAN_POINT('',(6.,-5.,0.));
#222 = VERTEX_POINT('',#223);
#223 = CARTESIAN_POINT('',(6.,-5.,0.12));
#224 = SURFACE_CURVE('',#225,(#229,#236),.PCURVE_S1.);
#225 = LINE('',#226,#227);
#226 = CARTESIAN_POINT('',(6.,-5.,0.));
#227 = VECTOR('',#228,1.);
#228 = DIRECTION('',(0.,0.,1.));
#229 = PCURVE('',#122,#230);
#230 = DEFINITIONAL_REPRESENTATION('',(#231),#235);
#231 = LINE('',#232,#233);
#232 = CARTESIAN_POINT('',(0.,12.));
#233 = VECTOR('',#234,1.);
#234 = DIRECTION('',(1.,0.));
#235 = ( GEOMETRIC_REPRESENTATION_CONTEXT(2) 
PARAMETRIC_REPRESENTATION_CONTEXT() REPRESENTATION_CONTEXT('2D SPACE',''
  ) );
#236 = PCURVE('',#237,#242);
#237 = PLANE('',#238);
#238 = AXIS2_PLACEMENT_3D('',#239,#240,#241);
#239 = CARTESIAN_POINT('',(6.,-5.,0.));
#240 = DIRECTION('',(1.,0.,0.));
#241 = DIRECTION('',(0.,0.,1.));
#242 = DEFINITIONAL_REPRESENTATION('',(#243),#247);
#243 = LINE('',#244,#245);
#244 = CARTESIAN_POINT('',(0.,0.));
#245 = VECTOR('',#246,1.);
#246 = DIRECTION('',(1.,0.));
#247 = ( GEOMETRIC_REPRESENTATION_CONTEXT(2) 
PARAMETRIC_REPRESENTATION_CONTEXT() REPRESENTATION_CONTEXT('2D SPACE',''
  ) );
#248 = ORIENTED_EDGE('',*,*,#249,.F.);
#249 = EDGE_CURVE('',#100,#220,#250,.T.);
#250 = SURFACE_CURVE('',#251,(#255,#262),.PCURVE_S1.);
#251 = LINE('',#252,#253);
#252 = CARTESIAN_POINT('',(-6.,-5.,0.));
#253 = VECTOR('',#254,1.);
#254 = DIRECTION('',(1.,0.,0.));
#255 = PCURVE('',#122,#256);
#256 = DEFINITIONAL_REPRESENTATION('',(#257),#261);
#257 = LINE('',#258,#259);
#258 = CARTESIAN_POINT('',(0.,0.));
#259 = VECTOR('',#260,1.);
#260 = DIRECTION('',(0.,1.));
#261 = ( GEOMETRIC_REPRESENTATION_CONTEXT(2) 
PARAMETRIC_REPRESENTATION_CONTEXT() REPRESENTATION_CONTEXT('2D SPACE',''
  ) );
#262 = PCURVE('',#150,#263);
#263 = DEFINITIONAL_REPRESENTATION('',(#264),#268);
#264 = LINE('',#265,#266);
#265 = CARTESIAN_POINT('',(0.,0.));
#266 = VECTOR('',#267,1.);
#267 = DIRECTION('',(1.,0.));
#268 = ( GEOMETRIC_REPRESENTATION_CONTEXT(2) 
PARAMETRIC_REPRESENTATION_CONTEXT() REPRESENTATION_CONTEXT('2D SPACE',''
  ) );
#269 = ORIENTED_EDGE('',*,*,#99,.T.);
#270 = ORIENTED_EDGE('',*,*,#271,.T.);
#271 = EDGE_CURVE('',#102,#222,#272,.T.);
#272 = SURFACE_CURVE('',#273,(#277,#284),.PCURVE_S1.);
#273 = LINE('',#274,#275);
#274 = CARTESIAN_POINT('',(-6.,-5.,0.12));
#275 = VECTOR('',#276,1.);
#276 = DIRECTION('',(1.,0.,0.));
#277 = PCURVE('',#122,#278);
#278 = DEFINITIONAL_REPRESENTATION('',(#279),#283);
#279 = LINE('',#280,#281);
#280 = CARTESIAN_POINT('',(0.12,0.));
#281 = VECTOR('',#282,1.);
#282 = DIRECTION('',(0.,1.));
#283 = ( GEOMETRIC_REPRESENTATION_CONTEXT(2) 
PARAMETRIC_REPRESENTATION_CONTEXT() REPRESENTATION_CONTEXT('2D SPACE',''
  ) );
#284 = PCURVE('',#285,#290);
#285 = PLANE('',#286);
#286 = AXIS2_PLACEMENT_3D('',#287,#288,#289);
#287 = CARTESIAN_POINT('',(-6.,-4.985,0.135));
#288 = DIRECTION('',(-5.315471748743E-21,0.707106781187,-0.707106781187)
  );
#289 = DIRECTION('',(-1.,-3.758606118742E-21,3.758606118742E-21));
#290 = DEFINITIONAL_REPRESENTATION('',(#291),#295);
#291 = LINE('',#292,#293);
#292 = CARTESIAN_POINT('',(-0.,-2.12132034356E-02));
#293 = VECTOR('',#294,1.);
#294 = DIRECTION('',(-1.,0.));
#295 = ( GEOMETRIC_REPRESENTATION_CONTEXT(2) 
PARAMETRIC_REPRESENTATION_CONTEXT() REPRESENTATION_CONTEXT('2D SPACE',''
  ) );
#296 = ADVANCED_FACE('',(#297),#204,.F.);
#297 = FACE_BOUND('',#298,.F.);
#298 = EDGE_LOOP('',(#299,#322,#323,#351));
#299 = ORIENTED_EDGE('',*,*,#300,.F.);
#300 = EDGE_CURVE('',#102,#301,#303,.T.);
#301 = VERTEX_POINT('',#302);
#302 = CARTESIAN_POINT('',(-5.97,-4.97,0.15));
#303 = SURFACE_CURVE('',#304,(#308,#315),.PCURVE_S1.);
#304 = LINE('',#305,#306);
#305 = CARTESIAN_POINT('',(-5.99,-4.99,0.13));
#306 = VECTOR('',#307,1.);
#307 = DIRECTION('',(0.57735026919,0.57735026919,0.57735026919));
#308 = PCURVE('',#204,#309);
#309 = DEFINITIONAL_REPRESENTATION('',(#310),#314);
#310 = LINE('',#311,#312);
#311 = CARTESIAN_POINT('',(1.E-02,-7.071067811866E-03));
#312 = VECTOR('',#313,1.);
#313 = DIRECTION('',(0.57735026919,0.816496580928));
#314 = ( GEOMETRIC_REPRESENTATION_CONTEXT(2) 
PARAMETRIC_REPRESENTATION_CONTEXT() REPRESENTATION_CONTEXT('2D SPACE',''
  ) );
#315 = PCURVE('',#285,#316);
#316 = DEFINITIONAL_REPRESENTATION('',(#317),#321);
#317 = LINE('',#318,#319);
#318 = CARTESIAN_POINT('',(-1.E-02,-7.071067811866E-03));
#319 = VECTOR('',#320,1.);
#320 = DIRECTION('',(-0.57735026919,0.816496580928));
#321 = ( GEOMETRIC_REPRESENTATION_CONTEXT(2) 
PARAMETRIC_REPRESENTATION_CONTEXT() REPRESENTATION_CONTEXT('2D SPACE',''
  ) );
#322 = ORIENTED_EDGE('',*,*,#190,.T.);
#323 = ORIENTED_EDGE('',*,*,#324,.T.);
#324 = EDGE_CURVE('',#163,#325,#327,.T.);
#325 = VERTEX_POINT('',#326);
#326 = CARTESIAN_POINT('',(-5.97,4.97,0.15));
#327 = SURFACE_CURVE('',#328,(#332,#339),.PCURVE_S1.);
#328 = LINE('',#329,#330);
#329 = CARTESIAN_POINT('',(-4.323333333333,3.323333333333,1.796666666667
    ));
#330 = VECTOR('',#331,1.);
#331 = DIRECTION('',(0.57735026919,-0.57735026919,0.57735026919));
#332 = PCURVE('',#204,#333);
#333 = DEFINITIONAL_REPRESENTATION('',(#334),#338);
#334 = LINE('',#335,#336);
#335 = CARTESIAN_POINT('',(8.323333333333,2.349951536143));
#336 = VECTOR('',#337,1.);
#337 = DIRECTION('',(-0.57735026919,0.816496580928));
#338 = ( GEOMETRIC_REPRESENTATION_CONTEXT(2) 
PARAMETRIC_REPRESENTATION_CONTEXT() REPRESENTATION_CONTEXT('2D SPACE',''
  ) );
#339 = PCURVE('',#340,#345);
#340 = PLANE('',#341);
#341 = AXIS2_PLACEMENT_3D('',#342,#343,#344);
#342 = CARTESIAN_POINT('',(-6.,4.985,0.135));
#343 = DIRECTION('',(5.315471748743E-21,0.707106781187,0.707106781187));
#344 = DIRECTION('',(-1.,3.758606118742E-21,3.758606118742E-21));
#345 = DEFINITIONAL_REPRESENTATION('',(#346),#350);
#346 = LINE('',#347,#348);
#347 = CARTESIAN_POINT('',(-1.676666666667,2.349951536143));
#348 = VECTOR('',#349,1.);
#349 = DIRECTION('',(-0.57735026919,0.816496580928));
#350 = ( GEOMETRIC_REPRESENTATION_CONTEXT(2) 
PARAMETRIC_REPRESENTATION_CONTEXT() REPRESENTATION_CONTEXT('2D SPACE',''
  ) );
#351 = ORIENTED_EDGE('',*,*,#352,.F.);
#352 = EDGE_CURVE('',#301,#325,#353,.T.);
#353 = SURFACE_CURVE('',#354,(#358,#365),.PCURVE_S1.);
#354 = LINE('',#355,#356);
#355 = CARTESIAN_POINT('',(-5.97,-5.,0.15));
#356 = VECTOR('',#357,1.);
#357 = DIRECTION('',(0.,1.,0.));
#358 = PCURVE('',#204,#359);
#359 = DEFINITIONAL_REPRESENTATION('',(#360),#364);
#360 = LINE('',#361,#362);
#361 = CARTESIAN_POINT('',(0.,2.12132034356E-02));
#362 = VECTOR('',#363,1.);
#363 = DIRECTION('',(1.,0.));
#364 = ( GEOMETRIC_REPRESENTATION_CONTEXT(2) 
PARAMETRIC_REPRESENTATION_CONTEXT() REPRESENTATION_CONTEXT('2D SPACE',''
  ) );
#365 = PCURVE('',#366,#371);
#366 = PLANE('',#367);
#367 = AXIS2_PLACEMENT_3D('',#368,#369,#370);
#368 = CARTESIAN_POINT('',(-6.,-5.,0.15));
#369 = DIRECTION('',(0.,0.,1.));
#370 = DIRECTION('',(1.,0.,0.));
#371 = DEFINITIONAL_REPRESENTATION('',(#372),#376);
#372 = LINE('',#373,#374);
#373 = CARTESIAN_POINT('',(3.E-02,0.));
#374 = VECTOR('',#375,1.);
#375 = DIRECTION('',(0.,1.));
#376 = ( GEOMETRIC_REPRESENTATION_CONTEXT(2) 
PARAMETRIC_REPRESENTATION_CONTEXT() REPRESENTATION_CONTEXT('2D SPACE',''
  ) );
#377 = ADVANCED_FACE('',(#378),#150,.F.);
#378 = FACE_BOUND('',#379,.F.);
#379 = EDGE_LOOP('',(#380,#381,#382,#405));
#380 = ORIENTED_EDGE('',*,*,#134,.F.);
#381 = ORIENTED_EDGE('',*,*,#249,.T.);
#382 = ORIENTED_EDGE('',*,*,#383,.T.);
#383 = EDGE_CURVE('',#220,#384,#386,.T.);
#384 = VERTEX_POINT('',#385);
#385 = CARTESIAN_POINT('',(6.,5.,0.));
#386 = SURFACE_CURVE('',#387,(#391,#398),.PCURVE_S1.);
#387 = LINE('',#388,#389);
#388 = CARTESIAN_POINT('',(6.,-5.,0.));
#389 = VECTOR('',#390,1.);
#390 = DIRECTION('',(0.,1.,0.));
#391 = PCURVE('',#150,#392);
#392 = DEFINITIONAL_REPRESENTATION('',(#393),#397);
#393 = LINE('',#394,#395);
#394 = CARTESIAN_POINT('',(12.,0.));
#395 = VECTOR('',#396,1.);
#396 = DIRECTION('',(0.,1.));
#397 = ( GEOMETRIC_REPRESENTATION_CONTEXT(2) 
PARAMETRIC_REPRESENTATION_CONTEXT() REPRESENTATION_CONTEXT('2D SPACE',''
  ) );
#398 = PCURVE('',#237,#399);
#399 = DEFINITIONAL_REPRESENTATION('',(#400),#404);
#400 = LINE('',#401,#402);
#401 = CARTESIAN_POINT('',(0.,0.));
#402 = VECTOR('',#403,1.);
#403 = DIRECTION('',(0.,-1.));
#404 = ( GEOMETRIC_REPRESENTATION_CONTEXT(2) 
PARAMETRIC_REPRESENTATION_CONTEXT() REPRESENTATION_CONTEXT('2D SPACE',''
  ) );
#405 = ORIENTED_EDGE('',*,*,#406,.F.);
#406 = EDGE_CURVE('',#135,#384,#407,.T.);
#407 = SURFACE_CURVE('',#408,(#412,#419),.PCURVE_S1.);
#408 = LINE('',#409,#410);
#409 = CARTESIAN_POINT('',(-6.,5.,0.));
#410 = VECTOR('',#411,1.);
#411 = DIRECTION('',(1.,0.,0.));
#412 = PCURVE('',#150,#413);
#413 = DEFINITIONAL_REPRESENTATION('',(#414),#418);
#414 = LINE('',#415,#416);
#415 = CARTESIAN_POINT('',(0.,10.));
#416 = VECTOR('',#417,1.);
#417 = DIRECTION('',(1.,0.));
#418 = ( GEOMETRIC_REPRESENTATION_CONTEXT(2) 
PARAMETRIC_REPRESENTATION_CONTEXT() REPRESENTATION_CONTEXT('2D SPACE',''
  ) );
#419 = PCURVE('',#178,#420);
#420 = DEFINITIONAL_REPRESENTATION('',(#421),#425);
#421 = LINE('',#422,#423);
#422 = CARTESIAN_POINT('',(0.,0.));
#423 = VECTOR('',#424,1.);
#424 = DIRECTION('',(0.,1.));
#425 = ( GEOMETRIC_REPRESENTATION_CONTEXT(2) 
PARAMETRIC_REPRESENTATION_CONTEXT() REPRESENTATION_CONTEXT('2D SPACE',''
  ) );
#426 = ADVANCED_FACE('',(#427),#178,.T.);
#427 = FACE_BOUND('',#428,.T.);
#428 = EDGE_LOOP('',(#429,#452,#453,#454));
#429 = ORIENTED_EDGE('',*,*,#430,.F.);
#430 = EDGE_CURVE('',#384,#431,#433,.T.);
#431 = VERTEX_POINT('',#432);
#432 = CARTESIAN_POINT('',(6.,5.,0.12));
#433 = SURFACE_CURVE('',#434,(#438,#445),.PCURVE_S1.);
#434 = LINE('',#435,#436);
#435 = CARTESIAN_POINT('',(6.,5.,0.));
#436 = VECTOR('',#437,1.);
#437 = DIRECTION('',(0.,0.,1.));
#438 = PCURVE('',#178,#439);
#439 = DEFINITIONAL_REPRESENTATION('',(#440),#444);
#440 = LINE('',#441,#442);
#441 = CARTESIAN_POINT('',(0.,12.));
#442 = VECTOR('',#443,1.);
#443 = DIRECTION('',(1.,0.));
#444 = ( GEOMETRIC_REPRESENTATION_CONTEXT(2) 
PARAMETRIC_REPRESENTATION_CONTEXT() REPRESENTATION_CONTEXT('2D SPACE',''
  ) );
#445 = PCURVE('',#237,#446);
#446 = DEFINITIONAL_REPRESENTATION('',(#447),#451);
#447 = LINE('',#448,#449);
#448 = CARTESIAN_POINT('',(0.,-10.));
#449 = VECTOR('',#450,1.);
#450 = DIRECTION('',(1.,0.));
#451 = ( GEOMETRIC_REPRESENTATION_CONTEXT(2) 
PARAMETRIC_REPRESENTATION_CONTEXT() REPRESENTATION_CONTEXT('2D SPACE',''
  ) );
#452 = ORIENTED_EDGE('',*,*,#406,.F.);
#453 = ORIENTED_EDGE('',*,*,#162,.T.);
#454 = ORIENTED_EDGE('',*,*,#455,.T.);
#455 = EDGE_CURVE('',#163,#431,#456,.T.);
#456 = SURFACE_CURVE('',#457,(#461,#468),.PCURVE_S1.);
#457 = LINE('',#458,#459);
#458 = CARTESIAN_POINT('',(-6.,5.,0.12));
#459 = VECTOR('',#460,1.);
#460 = DIRECTION('',(1.,0.,0.));
#461 = PCURVE('',#178,#462);
#462 = DEFINITIONAL_REPRESENTATION('',(#463),#467);
#463 = LINE('',#464,#465);
#464 = CARTESIAN_POINT('',(0.12,0.));
#465 = VECTOR('',#466,1.);
#466 = DIRECTION('',(0.,1.));
#467 = ( GEOMETRIC_REPRESENTATION_CONTEXT(2) 
PARAMETRIC_REPRESENTATION_CONTEXT() REPRESENTATION_CONTEXT('2D SPACE',''
  ) );
#468 = PCURVE('',#340,#469);
#469 = DEFINITIONAL_REPRESENTATION('',(#470),#474);
#470 = LINE('',#471,#472);
#471 = CARTESIAN_POINT('',(-0.,-2.12132034356E-02));
#472 = VECTOR('',#473,1.);
#473 = DIRECTION('',(-1.,0.));
#474 = ( GEOMETRIC_REPRESENTATION_CONTEXT(2) 
PARAMETRIC_REPRESENTATION_CONTEXT() REPRESENTATION_CONTEXT('2D SPACE',''
  ) );
#475 = ADVANCED_FACE('',(#476),#237,.T.);
#476 = FACE_BOUND('',#477,.T.);
#477 = EDGE_LOOP('',(#478,#479,#480,#481));
#478 = ORIENTED_EDGE('',*,*,#219,.F.);
#479 = ORIENTED_EDGE('',*,*,#383,.T.);
#480 = ORIENTED_EDGE('',*,*,#430,.T.);
#481 = ORIENTED_EDGE('',*,*,#482,.F.);
#482 = EDGE_CURVE('',#222,#431,#483,.T.);
#483 = SURFACE_CURVE('',#484,(#488,#495),.PCURVE_S1.);
#484 = LINE('',#485,#486);
#485 = CARTESIAN_POINT('',(6.,-5.,0.12));
#486 = VECTOR('',#487,1.);
#487 = DIRECTION('',(0.,1.,0.));
#488 = PCURVE('',#237,#489);
#489 = DEFINITIONAL_REPRESENTATION('',(#490),#494);
#490 = LINE('',#491,#492);
#491 = CARTESIAN_POINT('',(0.12,0.));
#492 = VECTOR('',#493,1.);
#493 = DIRECTION('',(0.,-1.));
#494 = ( GEOMETRIC_REPRESENTATION_CONTEXT(2) 
PARAMETRIC_REPRESENTATION_CONTEXT() REPRESENTATION_CONTEXT('2D SPACE',''
  ) );
#495 = PCURVE('',#496,#501);
#496 = PLANE('',#497);
#497 = AXIS2_PLACEMENT_3D('',#498,#499,#500);
#498 = CARTESIAN_POINT('',(5.985,-5.,0.135));
#499 = DIRECTION('',(0.707106781187,-1.285021453507E-19,0.707106781187)
  );
#500 = DIRECTION('',(9.08647383745E-20,1.,9.08647383745E-20));
#501 = DEFINITIONAL_REPRESENTATION('',(#502),#506);
#502 = LINE('',#503,#504);
#503 = CARTESIAN_POINT('',(0.,-2.12132034356E-02));
#504 = VECTOR('',#505,1.);
#505 = DIRECTION('',(1.,0.));
#506 = ( GEOMETRIC_REPRESENTATION_CONTEXT(2) 
PARAMETRIC_REPRESENTATION_CONTEXT() REPRESENTATION_CONTEXT('2D SPACE',''
  ) );
#507 = ADVANCED_FACE('',(#508),#285,.F.);
#508 = FACE_BOUND('',#509,.T.);
#509 = EDGE_LOOP('',(#510,#511,#512,#535));
#510 = ORIENTED_EDGE('',*,*,#300,.F.);
#511 = ORIENTED_EDGE('',*,*,#271,.T.);
#512 = ORIENTED_EDGE('',*,*,#513,.T.);
#513 = EDGE_CURVE('',#222,#514,#516,.T.);
#514 = VERTEX_POINT('',#515);
#515 = CARTESIAN_POINT('',(5.97,-4.97,0.15));
#516 = SURFACE_CURVE('',#517,(#521,#528),.PCURVE_S1.);
#517 = LINE('',#518,#519);
#518 = CARTESIAN_POINT('',(3.99,-2.99,2.13));
#519 = VECTOR('',#520,1.);
#520 = DIRECTION('',(-0.57735026919,0.57735026919,0.57735026919));
#521 = PCURVE('',#285,#522);
#522 = DEFINITIONAL_REPRESENTATION('',(#523),#527);
#523 = LINE('',#524,#525);
#524 = CARTESIAN_POINT('',(-9.99,2.821356056934));
#525 = VECTOR('',#526,1.);
#526 = DIRECTION('',(0.57735026919,0.816496580928));
#527 = ( GEOMETRIC_REPRESENTATION_CONTEXT(2) 
PARAMETRIC_REPRESENTATION_CONTEXT() REPRESENTATION_CONTEXT('2D SPACE',''
  ) );
#528 = PCURVE('',#496,#529);
#529 = DEFINITIONAL_REPRESENTATION('',(#530),#534);
#530 = LINE('',#531,#532);
#531 = CARTESIAN_POINT('',(2.01,2.821356056934));
#532 = VECTOR('',#533,1.);
#533 = DIRECTION('',(0.57735026919,0.816496580928));
#534 = ( GEOMETRIC_REPRESENTATION_CONTEXT(2) 
PARAMETRIC_REPRESENTATION_CONTEXT() REPRESENTATION_CONTEXT('2D SPACE',''
  ) );
#535 = ORIENTED_EDGE('',*,*,#536,.F.);
#536 = EDGE_CURVE('',#301,#514,#537,.T.);
#537 = SURFACE_CURVE('',#538,(#542,#549),.PCURVE_S1.);
#538 = LINE('',#539,#540);
#539 = CARTESIAN_POINT('',(-6.,-4.97,0.15));
#540 = VECTOR('',#541,1.);
#541 = DIRECTION('',(1.,0.,0.));
#542 = PCURVE('',#285,#543);
#543 = DEFINITIONAL_REPRESENTATION('',(#544),#548);
#544 = LINE('',#545,#546);
#545 = CARTESIAN_POINT('',(-0.,2.12132034356E-02));
#546 = VECTOR('',#547,1.);
#547 = DIRECTION('',(-1.,0.));
#548 = ( GEOMETRIC_REPRESENTATION_CONTEXT(2) 
PARAMETRIC_REPRESENTATION_CONTEXT() REPRESENTATION_CONTEXT('2D SPACE',''
  ) );
#549 = PCURVE('',#366,#550);
#550 = DEFINITIONAL_REPRESENTATION('',(#551),#555);
#551 = LINE('',#552,#553);
#552 = CARTESIAN_POINT('',(0.,3.E-02));
#553 = VECTOR('',#554,1.);
#554 = DIRECTION('',(1.,0.));
#555 = ( GEOMETRIC_REPRESENTATION_CONTEXT(2) 
PARAMETRIC_REPRESENTATION_CONTEXT() REPRESENTATION_CONTEXT('2D SPACE',''
  ) );
#556 = ADVANCED_FACE('',(#557),#366,.T.);
#557 = FACE_BOUND('',#558,.T.);
#558 = EDGE_LOOP('',(#559,#560,#561,#584));
#559 = ORIENTED_EDGE('',*,*,#352,.F.);
#560 = ORIENTED_EDGE('',*,*,#536,.T.);
#561 = ORIENTED_EDGE('',*,*,#562,.T.);
#562 = EDGE_CURVE('',#514,#563,#565,.T.);
#563 = VERTEX_POINT('',#564);
#564 = CARTESIAN_POINT('',(5.97,4.97,0.15));
#565 = SURFACE_CURVE('',#566,(#570,#577),.PCURVE_S1.);
#566 = LINE('',#567,#568);
#567 = CARTESIAN_POINT('',(5.97,-5.,0.15));
#568 = VECTOR('',#569,1.);
#569 = DIRECTION('',(0.,1.,0.));
#570 = PCURVE('',#366,#571);
#571 = DEFINITIONAL_REPRESENTATION('',(#572),#576);
#572 = LINE('',#573,#574);
#573 = CARTESIAN_POINT('',(11.97,0.));
#574 = VECTOR('',#575,1.);
#575 = DIRECTION('',(0.,1.));
#576 = ( GEOMETRIC_REPRESENTATION_CONTEXT(2) 
PARAMETRIC_REPRESENTATION_CONTEXT() REPRESENTATION_CONTEXT('2D SPACE',''
  ) );
#577 = PCURVE('',#496,#578);
#578 = DEFINITIONAL_REPRESENTATION('',(#579),#583);
#579 = LINE('',#580,#581);
#580 = CARTESIAN_POINT('',(0.,2.12132034356E-02));
#581 = VECTOR('',#582,1.);
#582 = DIRECTION('',(1.,0.));
#583 = ( GEOMETRIC_REPRESENTATION_CONTEXT(2) 
PARAMETRIC_REPRESENTATION_CONTEXT() REPRESENTATION_CONTEXT('2D SPACE',''
  ) );
#584 = ORIENTED_EDGE('',*,*,#585,.F.);
#585 = EDGE_CURVE('',#325,#563,#586,.T.);
#586 = SURFACE_CURVE('',#587,(#591,#598),.PCURVE_S1.);
#587 = LINE('',#588,#589);
#588 = CARTESIAN_POINT('',(-6.,4.97,0.15));
#589 = VECTOR('',#590,1.);
#590 = DIRECTION('',(1.,0.,0.));
#591 = PCURVE('',#366,#592);
#592 = DEFINITIONAL_REPRESENTATION('',(#593),#597);
#593 = LINE('',#594,#595);
#594 = CARTESIAN_POINT('',(0.,9.97));
#595 = VECTOR('',#596,1.);
#596 = DIRECTION('',(1.,0.));
#597 = ( GEOMETRIC_REPRESENTATION_CONTEXT(2) 
PARAMETRIC_REPRESENTATION_CONTEXT() REPRESENTATION_CONTEXT('2D SPACE',''
  ) );
#598 = PCURVE('',#340,#599);
#599 = DEFINITIONAL_REPRESENTATION('',(#600),#604);
#600 = LINE('',#601,#602);
#601 = CARTESIAN_POINT('',(-0.,2.12132034356E-02));
#602 = VECTOR('',#603,1.);
#603 = DIRECTION('',(-1.,0.));
#604 = ( GEOMETRIC_REPRESENTATION_CONTEXT(2) 
PARAMETRIC_REPRESENTATION_CONTEXT() REPRESENTATION_CONTEXT('2D SPACE',''
  ) );
#605 = ADVANCED_FACE('',(#606),#340,.T.);
#606 = FACE_BOUND('',#607,.F.);
#607 = EDGE_LOOP('',(#608,#609,#610,#631));
#608 = ORIENTED_EDGE('',*,*,#324,.F.);
#609 = ORIENTED_EDGE('',*,*,#455,.T.);
#610 = ORIENTED_EDGE('',*,*,#611,.T.);
#611 = EDGE_CURVE('',#431,#563,#612,.T.);
#612 = SURFACE_CURVE('',#613,(#617,#624),.PCURVE_S1.);
#613 = LINE('',#614,#615);
#614 = CARTESIAN_POINT('',(2.323333333333,1.323333333333,3.796666666667)
  );
#615 = VECTOR('',#616,1.);
#616 = DIRECTION('',(-0.57735026919,-0.57735026919,0.57735026919));
#617 = PCURVE('',#340,#618);
#618 = DEFINITIONAL_REPRESENTATION('',(#619),#623);
#619 = LINE('',#620,#621);
#620 = CARTESIAN_POINT('',(-8.323333333333,5.178378660889));
#621 = VECTOR('',#622,1.);
#622 = DIRECTION('',(0.57735026919,0.816496580928));
#623 = ( GEOMETRIC_REPRESENTATION_CONTEXT(2) 
PARAMETRIC_REPRESENTATION_CONTEXT() REPRESENTATION_CONTEXT('2D SPACE',''
  ) );
#624 = PCURVE('',#496,#625);
#625 = DEFINITIONAL_REPRESENTATION('',(#626),#630);
#626 = LINE('',#627,#628);
#627 = CARTESIAN_POINT('',(6.323333333333,5.178378660889));
#628 = VECTOR('',#629,1.);
#629 = DIRECTION('',(-0.57735026919,0.816496580928));
#630 = ( GEOMETRIC_REPRESENTATION_CONTEXT(2) 
PARAMETRIC_REPRESENTATION_CONTEXT() REPRESENTATION_CONTEXT('2D SPACE',''
  ) );
#631 = ORIENTED_EDGE('',*,*,#585,.F.);
#632 = ADVANCED_FACE('',(#633),#496,.T.);
#633 = FACE_BOUND('',#634,.T.);
#634 = EDGE_LOOP('',(#635,#636,#637,#638));
#635 = ORIENTED_EDGE('',*,*,#513,.F.);
#636 = ORIENTED_EDGE('',*,*,#482,.T.);
#637 = ORIENTED_EDGE('',*,*,#611,.T.);
#638 = ORIENTED_EDGE('',*,*,#562,.F.);
#639 = ( GEOMETRIC_REPRESENTATION_CONTEXT(3) 
GLOBAL_UNCERTAINTY_ASSIGNED_CONTEXT((#643)) GLOBAL_UNIT_ASSIGNED_CONTEXT
((#640,#641,#642)) REPRESENTATION_CONTEXT('Context #1',
  '3D Context with UNIT and UNCERTAINTY') );
#640 = ( LENGTH_UNIT() NAMED_UNIT(*) SI_UNIT(.MILLI.,.METRE.) );
#641 = ( NAMED_UNIT(*) PLANE_ANGLE_UNIT() SI_UNIT($,.RADIAN.) );
#642 = ( NAMED_UNIT(*) SI_UNIT($,.STERADIAN.) SOLID_ANGLE_UNIT() );
#643 = UNCERTAINTY_MEASURE_WITH_UNIT(LENGTH_MEASURE(5.E-05),#640,
  'distance_accuracy_value','confusion accuracy');
#644 = CONTEXT_DEPENDENT_SHAPE_REPRESENTATION(#645,#647);
#645 = ( REPRESENTATION_RELATIONSHIP('','',#92,#10) 
REPRESENTATION_RELATIONSHIP_WITH_TRANSFORMATION(#646) 
SHAPE_REPRESENTATION_RELATIONSHIP() );
#646 = ITEM_DEFINED_TRANSFORMATION('','',#11,#15);
#647 = PRODUCT_DEFINITION_SHAPE('Placement','Placement of an item',#648
  );
#648 = NEXT_ASSEMBLY_USAGE_OCCURRENCE('193','floor_0','',#5,#87,$);
#649 = PRODUCT_RELATED_PRODUCT_CATEGORY('part',$,(#89));
#650 = SHAPE_DEFINITION_REPRESENTATION(#651,#657);
#651 = PRODUCT_DEFINITION_SHAPE('','',#652);
#652 = PRODUCT_DEFINITION('design','',#653,#656);
#653 = PRODUCT_DEFINITION_FORMATION('','',#654);
#654 = PRODUCT('floor_1','floor_1','',(#655));
#655 = PRODUCT_CONTEXT('',#2,'mechanical');
#656 = PRODUCT_DEFINITION_CONTEXT('part definition',#2,'design');
#657 = ADVANCED_BREP_SHAPE_REPRESENTATION('',(#11,#658),#988);
#658 = MANIFOLD_SOLID_BREP('',#659);
#659 = CLOSED_SHELL('',(#660,#780,#880,#927,#974,#981));
#660 = ADVANCED_FACE('',(#661),#675,.F.);
#661 = FACE_BOUND('',#662,.F.);
#662 = EDGE_LOOP('',(#663,#698,#726,#754));
#663 = ORIENTED_EDGE('',*,*,#664,.F.);
#664 = EDGE_CURVE('',#665,#667,#669,.T.);
#665 = VERTEX_POINT('',#666);
#666 = CARTESIAN_POINT('',(-4.7,-3.7,0.15));
#667 = VERTEX_POINT('',#668);
#668 = CARTESIAN_POINT('',(-4.7,-3.7,0.25));
#669 = SURFACE_CURVE('',#670,(#674,#686),.PCURVE_S1.);
#670 = LINE('',#671,#672);
#671 = CARTESIAN_POINT('',(-4.7,-3.7,0.15));
#672 = VECTOR('',#673,1.);
#673 = DIRECTION('',(0.,0.,1.));
#674 = PCURVE('',#675,#680);
#675 = PLANE('',#676);
#676 = AXIS2_PLACEMENT_3D('',#677,#678,#679);
#677 = CARTESIAN_POINT('',(-4.7,-3.7,0.15));
#678 = DIRECTION('',(1.,0.,0.));
#679 = DIRECTION('',(0.,0.,1.));
#680 = DEFINITIONAL_REPRESENTATION('',(#681),#685);
#681 = LINE('',#682,#683);
#682 = CARTESIAN_POINT('',(0.,0.));
#683 = VECTOR('',#684,1.);
#684 = DIRECTION('',(1.,0.));
#685 = ( GEOMETRIC_REPRESENTATION_CONTEXT(2) 
PARAMETRIC_REPRESENTATION_CONTEXT() REPRESENTATION_CONTEXT('2D SPACE',''
  ) );
#686 = PCURVE('',#687,#692);
#687 = PLANE('',#688);
#688 = AXIS2_PLACEMENT_3D('',#689,#690,#691);
#689 = CARTESIAN_POINT('',(-4.7,-3.7,0.15));
#690 = DIRECTION('',(0.,1.,0.));
#691 = DIRECTION('',(0.,0.,1.));
#692 = DEFINITIONAL_REPRESENTATION('',(#693),#697);
#693 = LINE('',#694,#695);
#694 = CARTESIAN_POINT('',(0.,0.));
#695 = VECTOR('',#696,1.);
#696 = DIRECTION('',(1.,0.));
#697 = ( GEOMETRIC_REPRESENTATION_CONTEXT(2) 
PARAMETRIC_REPRESENTATION_CONTEXT() REPRESENTATION_CONTEXT('2D SPACE',''
  ) );
#698 = ORIENTED_EDGE('',*,*,#699,.T.);
#699 = EDGE_CURVE('',#665,#700,#702,.T.);
#700 = VERTEX_POINT('',#701);
#701 = CARTESIAN_POINT('',(-4.7,3.7,0.15));
#702 = SURFACE_CURVE('',#703,(#707,#714),.PCURVE_S1.);
#703 = LINE('',#704,#705);
#704 = CARTESIAN_POINT('',(-4.7,-3.7,0.15));
#705 = VECTOR('',#706,1.);
#706 = DIRECTION('',(0.,1.,0.));
#707 = PCURVE('',#675,#708);
#708 = DEFINITIONAL_REPRESENTATION('',(#709),#713);
#709 = LINE('',#710,#711);
#710 = CARTESIAN_POINT('',(0.,0.));
#711 = VECTOR('',#712,1.);
#712 = DIRECTION('',(0.,-1.));
#713 = ( GEOMETRIC_REPRESENTATION_CONTEXT(2) 
PARAMETRIC_REPRESENTATION_CONTEXT() REPRESENTATION_CONTEXT('2D SPACE',''
  ) );
#714 = PCURVE('',#715,#720);
#715 = PLANE('',#716);
#716 = AXIS2_PLACEMENT_3D('',#717,#718,#719);
#717 = CARTESIAN_POINT('',(-4.7,-3.7,0.15));
#718 = DIRECTION('',(0.,0.,1.));
#719 = DIRECTION('',(1.,0.,0.));
#720 = DEFINITIONAL_REPRESENTATION('',(#721),#725);
#721 = LINE('',#722,#723);
#722 = CARTESIAN_POINT('',(0.,0.));
#723 = VECTOR('',#724,1.);
#724 = DIRECTION('',(0.,1.));
#725 = ( GEOMETRIC_REPRESENTATION_CONTEXT(2) 
PARAMETRIC_REPRESENTATION_CONTEXT() REPRESENTATION_CONTEXT('2D SPACE',''
  ) );
#726 = ORIENTED_EDGE('',*,*,#727,.T.);
#727 = EDGE_CURVE('',#700,#728,#730,.T.);
#728 = VERTEX_POINT('',#729);
#729 = CARTESIAN_POINT('',(-4.7,3.7,0.25));
#730 = SURFACE_CURVE('',#731,(#735,#742),.PCURVE_S1.);
#731 = LINE('',#732,#733);
#732 = CARTESIAN_POINT('',(-4.7,3.7,0.15));
#733 = VECTOR('',#734,1.);
#734 = DIRECTION('',(0.,0.,1.));
#735 = PCURVE('',#675,#736);
#736 = DEFINITIONAL_REPRESENTATION('',(#737),#741);
#737 = LINE('',#738,#739);
#738 = CARTESIAN_POINT('',(0.,-7.4));
#739 = VECTOR('',#740,1.);
#740 = DIRECTION('',(1.,0.));
#741 = ( GEOMETRIC_REPRESENTATION_CONTEXT(2) 
PARAMETRIC_REPRESENTATION_CONTEXT() REPRESENTATION_CONTEXT('2D SPACE',''
  ) );
#742 = PCURVE('',#743,#748);
#743 = PLANE('',#744);
#744 = AXIS2_PLACEMENT_3D('',#745,#746,#747);
#745 = CARTESIAN_POINT('',(-4.7,3.7,0.15));
#746 = DIRECTION('',(0.,1.,0.));
#747 = DIRECTION('',(0.,0.,1.));
#748 = DEFINITIONAL_REPRESENTATION('',(#749),#753);
#749 = LINE('',#750,#751);
#750 = CARTESIAN_POINT('',(0.,0.));
#751 = VECTOR('',#752,1.);
#752 = DIRECTION('',(1.,0.));
#753 = ( GEOMETRIC_REPRESENTATION_CONTEXT(2) 
PARAMETRIC_REPRESENTATION_CONTEXT() REPRESENTATION_CONTEXT('2D SPACE',''
  ) );
#754 = ORIENTED_EDGE('',*,*,#755,.F.);
#755 = EDGE_CURVE('',#667,#728,#756,.T.);
#756 = SURFACE_CURVE('',#757,(#761,#768),.PCURVE_S1.);
#757 = LINE('',#758,#759);
#758 = CARTESIAN_POINT('',(-4.7,-3.7,0.25));
#759 = VECTOR('',#760,1.);
#760 = DIRECTION('',(0.,1.,0.));
#761 = PCURVE('',#675,#762);
#762 = DEFINITIONAL_REPRESENTATION('',(#763),#767);
#763 = LINE('',#764,#765);
#764 = CARTESIAN_POINT('',(0.1,0.));
#765 = VECTOR('',#766,1.);
#766 = DIRECTION('',(0.,-1.));
#767 = ( GEOMETRIC_REPRESENTATION_CONTEXT(2) 
PARAMETRIC_REPRESENTATION_CONTEXT() REPRESENTATION_CONTEXT('2D SPACE',''
  ) );
#768 = PCURVE('',#769,#774);
#769 = PLANE('',#770);
#770 = AXIS2_PLACEMENT_3D('',#771,#772,#773);
#771 = CARTESIAN_POINT('',(-4.7,-3.7,0.25));
#772 = DIRECTION('',(0.,0.,1.));
#773 = DIRECTION('',(1.,0.,0.));
#774 = DEFINITIONAL_REPRESENTATION('',(#775),#779);
#775 = LINE('',#776,#777);
#776 = CARTESIAN_POINT('',(0.,0.));
#777 = VECTOR('',#778,1.);
#778 = DIRECTION('',(0.,1.));
#779 = ( GEOMETRIC_REPRESENTATION_CONTEXT(2) 
PARAMETRIC_REPRESENTATION_CONTEXT() REPRESENTATION_CONTEXT('2D SPACE',''
  ) );
#780 = ADVANCED_FACE('',(#781),#795,.T.);
#781 = FACE_BOUND('',#782,.T.);
#782 = EDGE_LOOP('',(#783,#813,#836,#859));
#783 = ORIENTED_EDGE('',*,*,#784,.F.);
#784 = EDGE_CURVE('',#785,#787,#789,.T.);
#785 = VERTEX_POINT('',#786);
#786 = CARTESIAN_POINT('',(4.7,-3.7,0.15));
#787 = VERTEX_POINT('',#788);
#788 = CARTESIAN_POINT('',(4.7,-3.7,0.25));
#789 = SURFACE_CURVE('',#790,(#794,#806),.PCURVE_S1.);
#790 = LINE('',#791,#792);
#791 = CARTESIAN_POINT('',(4.7,-3.7,0.15));
#792 = VECTOR('',#793,1.);
#793 = DIRECTION('',(0.,0.,1.));
#794 = PCURVE('',#795,#800);
#795 = PLANE('',#796);
#796 = AXIS2_PLACEMENT_3D('',#797,#798,#799);
#797 = CARTESIAN_POINT('',(4.7,-3.7,0.15));
#798 = DIRECTION('',(1.,0.,0.));
#799 = DIRECTION('',(0.,0.,1.));
#800 = DEFINITIONAL_REPRESENTATION('',(#801),#805);
#801 = LINE('',#802,#803);
#802 = CARTESIAN_POINT('',(0.,0.));
#803 = VECTOR('',#804,1.);
#804 = DIRECTION('',(1.,0.));
#805 = ( GEOMETRIC_REPRESENTATION_CONTEXT(2) 
PARAMETRIC_REPRESENTATION_CONTEXT() REPRESENTATION_CONTEXT('2D SPACE',''
  ) );
#806 = PCURVE('',#687,#807);
#807 = DEFINITIONAL_REPRESENTATION('',(#808),#812);
#808 = LINE('',#809,#810);
#809 = CARTESIAN_POINT('',(0.,9.4));
#810 = VECTOR('',#811,1.);
#811 = DIRECTION('',(1.,0.));
#812 = ( GEOMETRIC_REPRESENTATION_CONTEXT(2) 
PARAMETRIC_REPRESENTATION_CONTEXT() REPRESENTATION_CONTEXT('2D SPACE',''
  ) );
#813 = ORIENTED_EDGE('',*,*,#814,.T.);
#814 = EDGE_CURVE('',#785,#815,#817,.T.);
#815 = VERTEX_POINT('',#816);
#816 = CARTESIAN_POINT('',(4.7,3.7,0.15));
#817 = SURFACE_CURVE('',#818,(#822,#829),.PCURVE_S1.);
#818 = LINE('',#819,#820);
#819 = CARTESIAN_POINT('',(4.7,-3.7,0.15));
#820 = VECTOR('',#821,1.);
#821 = DIRECTION('',(0.,1.,0.));
#822 = PCURVE('',#795,#823);
#823 = DEFINITIONAL_REPRESENTATION('',(#824),#828);
#824 = LINE('',#825,#826);
#825 = CARTESIAN_POINT('',(0.,0.));
#826 = VECTOR('',#827,1.);
#827 = DIRECTION('',(0.,-1.));
#828 = ( GEOMETRIC_REPRESENTATION_CONTEXT(2) 
PARAMETRIC_REPRESENTATION_CONTEXT() REPRESENTATION_CONTEXT('2D SPACE',''
  ) );
#829 = PCURVE('',#715,#830);
#830 = DEFINITIONAL_REPRESENTATION('',(#831),#835);
#831 = LINE('',#832,#833);
#832 = CARTESIAN_POINT('',(9.4,0.));
#833 = VECTOR('',#834,1.);
#834 = DIRECTION('',(0.,1.));
#835 = ( GEOMETRIC_REPRESENTATION_CONTEXT(2) 
PARAMETRIC_REPRESENTATION_CONTEXT() REPRESENTATION_CONTEXT('2D SPACE',''
  ) );
#836 = ORIENTED_EDGE('',*,*,#837,.T.);
#837 = EDGE_CURVE('',#815,#838,#840,.T.);
#838 = VERTEX_POINT('',#839);
#839 = CARTESIAN_POINT('',(4.7,3.7,0.25));
#840 = SURFACE_CURVE('',#841,(#845,#852),.PCURVE_S1.);
#841 = LINE('',#842,#843);
#842 = CARTESIAN_POINT('',(4.7,3.7,0.15));
#843 = VECTOR('',#844,1.);
#844 = DIRECTION('',(0.,0.,1.));
#845 = PCURVE('',#795,#846);
#846 = DEFINITIONAL_REPRESENTATION('',(#847),#851);
#847 = LINE('',#848,#849);
#848 = CARTESIAN_POINT('',(0.,-7.4));
#849 = VECTOR('',#850,1.);
#850 = DIRECTION('',(1.,0.));
#851 = ( GEOMETRIC_REPRESENTATION_CONTEXT(2) 
PARAMETRIC_REPRESENTATION_CONTEXT() REPRESENTATION_CONTEXT('2D SPACE',''
  ) );
#852 = PCURVE('',#743,#853);
#853 = DEFINITIONAL_REPRESENTATION('',(#854),#858);
#854 = LINE('',#855,#856);
#855 = CARTESIAN_POINT('',(0.,9.4));
#856 = VECTOR('',#857,1.);
#857 = DIRECTION('',(1.,0.));
#858 = ( GEOMETRIC_REPRESENTATION_CONTEXT(2) 
PARAMETRIC_REPRESENTATION_CONTEXT() REPRESENTATION_CONTEXT('2D SPACE',''
  ) );
#859 = ORIENTED_EDGE('',*,*,#860,.F.);
#860 = EDGE_CURVE('',#787,#838,#861,.T.);
#861 = SURFACE_CURVE('',#862,(#866,#873),.PCURVE_S1.);
#862 = LINE('',#863,#864);
#863 = CARTESIAN_POINT('',(4.7,-3.7,0.25));
#864 = VECTOR('',#865,1.);
#865 = DIRECTION('',(0.,1.,0.));
#866 = PCURVE('',#795,#867);
#867 = DEFINITIONAL_REPRESENTATION('',(#868),#872);
#868 = LINE('',#869,#870);
#869 = CARTESIAN_POINT('',(0.1,0.));
#870 = VECTOR('',#871,1.);
#871 = DIRECTION('',(0.,-1.));
#872 = ( GEOMETRIC_REPRESENTATION_CONTEXT(2) 
PARAMETRIC_REPRESENTATION_CONTEXT() REPRESENTATION_CONTEXT('2D SPACE',''
  ) );
#873 = PCURVE('',#769,#874);
#874 = DEFINITIONAL_REPRESENTATION('',(#875),#879);
#875 = LINE('',#876,#877);
#876 = CARTESIAN_POINT('',(9.4,0.));
#877 = VECTOR('',#878,1.);
#878 = DIRECTION('',(0.,1.));
#879 = ( GEOMETRIC_REPRESENTATION_CONTEXT(2) 
PARAMETRIC_REPRESENTATION_CONTEXT() REPRESENTATION_CONTEXT('2D SPACE',''
  ) );
#880 = ADVANCED_FACE('',(#881),#687,.F.);
#881 = FACE_BOUND('',#882,.F.);
#882 = EDGE_LOOP('',(#883,#904,#905,#926));
#883 = ORIENTED_EDGE('',*,*,#884,.F.);
#884 = EDGE_CURVE('',#665,#785,#885,.T.);
#885 = SURFACE_CURVE('',#886,(#890,#897),.PCURVE_S1.);
#886 = LINE('',#887,#888);
#887 = CARTESIAN_POINT('',(-4.7,-3.7,0.15));
#888 = VECTOR('',#889,1.);
#889 = DIRECTION('',(1.,0.,0.));
#890 = PCURVE('',#687,#891);
#891 = DEFINITIONAL_REPRESENTATION('',(#892),#896);
#892 = LINE('',#893,#894);
#893 = CARTESIAN_POINT('',(0.,0.));
#894 = VECTOR('',#895,1.);
#895 = DIRECTION('',(0.,1.));
#896 = ( GEOMETRIC_REPRESENTATION_CONTEXT(2) 
PARAMETRIC_REPRESENTATION_CONTEXT() REPRESENTATION_CONTEXT('2D SPACE',''
  ) );
#897 = PCURVE('',#715,#898);
#898 = DEFINITIONAL_REPRESENTATION('',(#899),#903);
#899 = LINE('',#900,#901);
#900 = CARTESIAN_POINT('',(0.,0.));
#901 = VECTOR('',#902,1.);
#902 = DIRECTION('',(1.,0.));
#903 = ( GEOMETRIC_REPRESENTATION_CONTEXT(2) 
PARAMETRIC_REPRESENTATION_CONTEXT() REPRESENTATION_CONTEXT('2D SPACE',''
  ) );
#904 = ORIENTED_EDGE('',*,*,#664,.T.);
#905 = ORIENTED_EDGE('',*,*,#906,.T.);
#906 = EDGE_CURVE('',#667,#787,#907,.T.);
#907 = SURFACE_CURVE('',#908,(#912,#919),.PCURVE_S1.);
#908 = LINE('',#909,#910);
#909 = CARTESIAN_POINT('',(-4.7,-3.7,0.25));
#910 = VECTOR('',#911,1.);
#911 = DIRECTION('',(1.,0.,0.));
#912 = PCURVE('',#687,#913);
#913 = DEFINITIONAL_REPRESENTATION('',(#914),#918);
#914 = LINE('',#915,#916);
#915 = CARTESIAN_POINT('',(0.1,0.));
#916 = VECTOR('',#917,1.);
#917 = DIRECTION('',(0.,1.));
#918 = ( GEOMETRIC_REPRESENTATION_CONTEXT(2) 
PARAMETRIC_REPRESENTATION_CONTEXT() REPRESENTATION_CONTEXT('2D SPACE',''
  ) );
#919 = PCURVE('',#769,#920);
#920 = DEFINITIONAL_REPRESENTATION('',(#921),#925);
#921 = LINE('',#922,#923);
#922 = CARTESIAN_POINT('',(0.,0.));
#923 = VECTOR('',#924,1.);
#924 = DIRECTION('',(1.,0.));
#925 = ( GEOMETRIC_REPRESENTATION_CONTEXT(2) 
PARAMETRIC_REPRESENTATION_CONTEXT() REPRESENTATION_CONTEXT('2D SPACE',''
  ) );
#926 = ORIENTED_EDGE('',*,*,#784,.F.);
#927 = ADVANCED_FACE('',(#928),#743,.T.);
#928 = FACE_BOUND('',#929,.T.);
#929 = EDGE_LOOP('',(#930,#951,#952,#973));
#930 = ORIENTED_EDGE('',*,*,#931,.F.);
#931 = EDGE_CURVE('',#700,#815,#932,.T.);
#932 = SURFACE_CURVE('',#933,(#937,#944),.PCURVE_S1.);
#933 = LINE('',#934,#935);
#934 = CARTESIAN_POINT('',(-4.7,3.7,0.15));
#935 = VECTOR('',#936,1.);
#936 = DIRECTION('',(1.,0.,0.));
#937 = PCURVE('',#743,#938);
#938 = DEFINITIONAL_REPRESENTATION('',(#939),#943);
#939 = LINE('',#940,#941);
#940 = CARTESIAN_POINT('',(0.,0.));
#941 = VECTOR('',#942,1.);
#942 = DIRECTION('',(0.,1.));
#943 = ( GEOMETRIC_REPRESENTATION_CONTEXT(2) 
PARAMETRIC_REPRESENTATION_CONTEXT() REPRESENTATION_CONTEXT('2D SPACE',''
  ) );
#944 = PCURVE('',#715,#945);
#945 = DEFINITIONAL_REPRESENTATION('',(#946),#950);
#946 = LINE('',#947,#948);
#947 = CARTESIAN_POINT('',(0.,7.4));
#948 = VECTOR('',#949,1.);
#949 = DIRECTION('',(1.,0.));
#950 = ( GEOMETRIC_REPRESENTATION_CONTEXT(2) 
PARAMETRIC_REPRESENTATION_CONTEXT() REPRESENTATION_CONTEXT('2D SPACE',''
  ) );
#951 = ORIENTED_EDGE('',*,*,#727,.T.);
#952 = ORIENTED_EDGE('',*,*,#953,.T.);
#953 = EDGE_CURVE('',#728,#838,#954,.T.);
#954 = SURFACE_CURVE('',#955,(#959,#966),.PCURVE_S1.);
#955 = LINE('',#956,#957);
#956 = CARTESIAN_POINT('',(-4.7,3.7,0.25));
#957 = VECTOR('',#958,1.);
#958 = DIRECTION('',(1.,0.,0.));
#959 = PCURVE('',#743,#960);
#960 = DEFINITIONAL_REPRESENTATION('',(#961),#965);
#961 = LINE('',#962,#963);
#962 = CARTESIAN_POINT('',(0.1,0.));
#963 = VECTOR('',#964,1.);
#964 = DIRECTION('',(0.,1.));
#965 = ( GEOMETRIC_REPRESENTATION_CONTEXT(2) 
PARAMETRIC_REPRESENTATION_CONTEXT() REPRESENTATION_CONTEXT('2D SPACE',''
  ) );
#966 = PCURVE('',#769,#967);
#967 = DEFINITIONAL_REPRESENTATION('',(#968),#972);
#968 = LINE('',#969,#970);
#969 = CARTESIAN_POINT('',(0.,7.4));
#970 = VECTOR('',#971,1.);
#971 = DIRECTION('',(1.,0.));
#972 = ( GEOMETRIC_REPRESENTATION_CONTEXT(2) 
PARAMETRIC_REPRESENTATION_CONTEXT() REPRESENTATION_CONTEXT('2D SPACE',''
  ) );
#973 = ORIENTED_EDGE('',*,*,#837,.F.);
#974 = ADVANCED_FACE('',(#975),#715,.F.);
#975 = FACE_BOUND('',#976,.F.);
#976 = EDGE_LOOP('',(#977,#978,#979,#980));
#977 = ORIENTED_EDGE('',*,*,#699,.F.);
#978 = ORIENTED_EDGE('',*,*,#884,.T.);
#979 = ORIENTED_EDGE('',*,*,#814,.T.);
#980 = ORIENTED_EDGE('',*,*,#931,.F.);
#981 = ADVANCED_FACE('',(#982),#769,.T.);
#982 = FACE_BOUND('',#983,.T.);
#983 = EDGE_LOOP('',(#984,#985,#986,#987));
#984 = ORIENTED_EDGE('',*,*,#755,.F.);
#985 = ORIENTED_EDGE('',*,*,#906,.T.);
#986 = ORIENTED_EDGE('',*,*,#860,.T.);
#987 = ORIENTED_EDGE('',*,*,#953,.F.);
#988 = ( GEOMETRIC_REPRESENTATION_CONTEXT(3) 
GLOBAL_UNCERTAINTY_ASSIGNED_CONTEXT((#992)) GLOBAL_UNIT_ASSIGNED_CONTEXT
((#989,#990,#991)) REPRESENTATION_CONTEXT('Context #1',
  '3D Context with UNIT and UNCERTAINTY') );
#989 = ( LENGTH_UNIT() NAMED_UNIT(*) SI_UNIT(.MILLI.,.METRE.) );
#990 = ( NAMED_UNIT(*) PLANE_ANGLE_UNIT() SI_UNIT($,.RADIAN.) );
#991 = ( NAMED_UNIT(*) SI_UNIT($,.STERADIAN.) SOLID_ANGLE_UNIT() );
#992 = UNCERTAINTY_MEASURE_WITH_UNIT(LENGTH_MEASURE(1.E-07),#989,
  'distance_accuracy_value','confusion accuracy');
#993 = CONTEXT_DEPENDENT_SHAPE_REPRESENTATION(#994,#996);
#994 = ( REPRESENTATION_RELATIONSHIP('','',#657,#10) 
REPRESENTATION_RELATIONSHIP_WITH_TRANSFORMATION(#995) 
SHAPE_REPRESENTATION_RELATIONSHIP() );
#995 = ITEM_DEFINED_TRANSFORMATION('','',#11,#19);
#996 = PRODUCT_DEFINITION_SHAPE('Placement','Placement of an item',#997
  );
#997 = NEXT_ASSEMBLY_USAGE_OCCURRENCE('194','floor_1','',#5,#652,$);
#998 = PRODUCT_RELATED_PRODUCT_CATEGORY('part',$,(#654));
#999 = SHAPE_DEFINITION_REPRESENTATION(#1000,#1006);
#1000 = PRODUCT_DEFINITION_SHAPE('','',#1001);
#1001 = PRODUCT_DEFINITION('design','',#1002,#1005);
#1002 = PRODUCT_DEFINITION_FORMATION('','',#1003);
#1003 = PRODUCT('floor_2','floor_2','',(#1004));
#1004 = PRODUCT_CONTEXT('',#2,'mechanical');
#1005 = PRODUCT_DEFINITION_CONTEXT('part definition',#2,'design');
#1006 = ADVANCED_BREP_SHAPE_REPRESENTATION('',(#11,#1007),#1553);
#1007 = MANIFOLD_SOLID_BREP('',#1008);
#1008 = CLOSED_SHELL('',(#1009,#1129,#1210,#1291,#1340,#1389,#1421,#1470
    ,#1519,#1546));
#1009 = ADVANCED_FACE('',(#1010),#1024,.F.);
#1010 = FACE_BOUND('',#1011,.F.);
#1011 = EDGE_LOOP('',(#1012,#1047,#1075,#1103));
#1012 = ORIENTED_EDGE('',*,*,#1013,.F.);
#1013 = EDGE_CURVE('',#1014,#1016,#1018,.T.);
#1014 = VERTEX_POINT('',#1015);
#1015 = CARTESIAN_POINT('',(-5.2,4.,0.));
#1016 = VERTEX_POINT('',#1017);
#1017 = CARTESIAN_POINT('',(-5.2,4.,0.12));
#1018 = SURFACE_CURVE('',#1019,(#1023,#1035),.PCURVE_S1.);
#1019 = LINE('',#1020,#1021);
#1020 = CARTESIAN_POINT('',(-5.2,4.,0.));
#1021 = VECTOR('',#1022,1.);
#1022 = DIRECTION('',(0.,0.,1.));
#1023 = PCURVE('',#1024,#1029);
#1024 = PLANE('',#1025);
#1025 = AXIS2_PLACEMENT_3D('',#1026,#1027,#1028);
#1026 = CARTESIAN_POINT('',(-5.2,4.,0.));
#1027 = DIRECTION('',(1.,0.,0.));
#1028 = DIRECTION('',(0.,0.,1.));
#1029 = DEFINITIONAL_REPRESENTATION('',(#1030),#1034);
#1030 = LINE('',#1031,#1032);
#1031 = CARTESIAN_POINT('',(0.,0.));
#1032 = VECTOR('',#1033,1.);
#1033 = DIRECTION('',(1.,0.));
#1034 = ( GEOMETRIC_REPRESENTATION_CONTEXT(2) 
PARAMETRIC_REPRESENTATION_CONTEXT() REPRESENTATION_CONTEXT('2D SPACE',''
  ) );
#1035 = PCURVE('',#1036,#1041);
#1036 = PLANE('',#1037);
#1037 = AXIS2_PLACEMENT_3D('',#1038,#1039,#1040);
#1038 = CARTESIAN_POINT('',(-5.2,4.,0.));
#1039 = DIRECTION('',(0.,1.,0.));
#1040 = DIRECTION('',(0.,0.,1.));
#1041 = DEFINITIONAL_REPRESENTATION('',(#1042),#1046);
#1042 = LINE('',#1043,#1044);
#1043 = CARTESIAN_POINT('',(0.,0.));
#1044 = VECTOR('',#1045,1.);
#1045 = DIRECTION('',(1.,0.));
#1046 = ( GEOMETRIC_REPRESENTATION_CONTEXT(2) 
PARAMETRIC_REPRESENTATION_CONTEXT() REPRESENTATION_CONTEXT('2D SPACE',''
  ) );
#1047 = ORIENTED_EDGE('',*,*,#1048,.T.);
#1048 = EDGE_CURVE('',#1014,#1049,#1051,.T.);
#1049 = VERTEX_POINT('',#1050);
#1050 = CARTESIAN_POINT('',(-5.2,5.6,0.));
#1051 = SURFACE_CURVE('',#1052,(#1056,#1063),.PCURVE_S1.);
#1052 = LINE('',#1053,#1054);
#1053 = CARTESIAN_POINT('',(-5.2,4.,0.));
#1054 = VECTOR('',#1055,1.);
#1055 = DIRECTION('',(0.,1.,0.));
#1056 = PCURVE('',#1024,#1057);
#1057 = DEFINITIONAL_REPRESENTATION('',(#1058),#1062);
#1058 = LINE('',#1059,#1060);
#1059 = CARTESIAN_POINT('',(0.,0.));
#1060 = VECTOR('',#1061,1.);
#1061 = DIRECTION('',(0.,-1.));
#1062 = ( GEOMETRIC_REPRESENTATION_CONTEXT(2) 
PARAMETRIC_REPRESENTATION_CONTEXT() REPRESENTATION_CONTEXT('2D SPACE',''
  ) );
#1063 = PCURVE('',#1064,#1069);
#1064 = PLANE('',#1065);
#1065 = AXIS2_PLACEMENT_3D('',#1066,#1067,#1068);
#1066 = CARTESIAN_POINT('',(-5.2,4.,0.));
#1067 = DIRECTION('',(0.,0.,1.));
#1068 = DIRECTION('',(1.,0.,0.));
#1069 = DEFINITIONAL_REPRESENTATION('',(#1070),#1074);
#1070 = LINE('',#1071,#1072);
#1071 = CARTESIAN_POINT('',(0.,0.));
#1072 = VECTOR('',#1073,1.);
#1073 = DIRECTION('',(0.,1.));
#1074 = ( GEOMETRIC_REPRESENTATION_CONTEXT(2) 
PARAMETRIC_REPRESENTATION_CONTEXT() REPRESENTATION_CONTEXT('2D SPACE',''
  ) );
#1075 = ORIENTED_EDGE('',*,*,#1076,.T.);
#1076 = EDGE_CURVE('',#1049,#1077,#1079,.T.);
#1077 = VERTEX_POINT('',#1078);
#1078 = CARTESIAN_POINT('',(-5.2,5.6,0.12));
#1079 = SURFACE_CURVE('',#1080,(#1084,#1091),.PCURVE_S1.);
#1080 = LINE('',#1081,#1082);
#1081 = CARTESIAN_POINT('',(-5.2,5.6,0.));
#1082 = VECTOR('',#1083,1.);
#1083 = DIRECTION('',(0.,0.,1.));
#1084 = PCURVE('',#1024,#1085);
#1085 = DEFINITIONAL_REPRESENTATION('',(#1086),#1090);
#1086 = LINE('',#1087,#1088);
#1087 = CARTESIAN_POINT('',(0.,-1.6));
#1088 = VECTOR('',#1089,1.);
#1089 = DIRECTION('',(1.,0.));
#1090 = ( GEOMETRIC_REPRESENTATION_CONTEXT(2) 
PARAMETRIC_REPRESENTATION_CONTEXT() REPRESENTATION_CONTEXT('2D SPACE',''
  ) );
#1091 = PCURVE('',#1092,#1097);
#1092 = PLANE('',#1093);
#1093 = AXIS2_PLACEMENT_3D('',#1094,#1095,#1096);
#1094 = CARTESIAN_POINT('',(-5.2,5.6,0.));
#1095 = DIRECTION('',(0.,1.,0.));
#1096 = DIRECTION('',(0.,0.,1.));
#1097 = DEFINITIONAL_REPRESENTATION('',(#1098),#1102);
#1098 = LINE('',#1099,#1100);
#1099 = CARTESIAN_POINT('',(0.,0.));
#1100 = VECTOR('',#1101,1.);
#1101 = DIRECTION('',(1.,0.));
#1102 = ( GEOMETRIC_REPRESENTATION_CONTEXT(2) 
PARAMETRIC_REPRESENTATION_CONTEXT() REPRESENTATION_CONTEXT('2D SPACE',''
  ) );
#1103 = ORIENTED_EDGE('',*,*,#1104,.F.);
#1104 = EDGE_CURVE('',#1016,#1077,#1105,.T.);
#1105 = SURFACE_CURVE('',#1106,(#1110,#1117),.PCURVE_S1.);
#1106 = LINE('',#1107,#1108);
#1107 = CARTESIAN_POINT('',(-5.2,4.,0.12));
#1108 = VECTOR('',#1109,1.);
#1109 = DIRECTION('',(0.,1.,0.));
#1110 = PCURVE('',#1024,#1111);
#1111 = DEFINITIONAL_REPRESENTATION('',(#1112),#1116);
#1112 = LINE('',#1113,#1114);
#1113 = CARTESIAN_POINT('',(0.12,0.));
#1114 = VECTOR('',#1115,1.);
#1115 = DIRECTION('',(0.,-1.));
#1116 = ( GEOMETRIC_REPRESENTATION_CONTEXT(2) 
PARAMETRIC_REPRESENTATION_CONTEXT() REPRESENTATION_CONTEXT('2D SPACE',''
  ) );
#1117 = PCURVE('',#1118,#1123);
#1118 = PLANE('',#1119);
#1119 = AXIS2_PLACEMENT_3D('',#1120,#1121,#1122);
#1120 = CARTESIAN_POINT('',(-5.185,4.,0.135));
#1121 = DIRECTION('',(0.707106781187,1.285021453507E-19,-0.707106781187)
  );
#1122 = DIRECTION('',(-9.08647383745E-20,1.,9.08647383745E-20));
#1123 = DEFINITIONAL_REPRESENTATION('',(#1124),#1128);
#1124 = LINE('',#1125,#1126);
#1125 = CARTESIAN_POINT('',(0.,-2.12132034356E-02));
#1126 = VECTOR('',#1127,1.);
#1127 = DIRECTION('',(1.,0.));
#1128 = ( GEOMETRIC_REPRESENTATION_CONTEXT(2) 
PARAMETRIC_REPRESENTATION_CONTEXT() REPRESENTATION_CONTEXT('2D SPACE',''
  ) );
#1129 = ADVANCED_FACE('',(#1130),#1036,.F.);
#1130 = FACE_BOUND('',#1131,.F.);
#1131 = EDGE_LOOP('',(#1132,#1162,#1183,#1184));
#1132 = ORIENTED_EDGE('',*,*,#1133,.F.);
#1133 = EDGE_CURVE('',#1134,#1136,#1138,.T.);
#1134 = VERTEX_POINT('',#1135);
#1135 = CARTESIAN_POINT('',(5.2,4.,0.));
#1136 = VERTEX_POINT('',#1137);
#1137 = CARTESIAN_POINT('',(5.2,4.,0.12));
#1138 = SURFACE_CURVE('',#1139,(#1143,#1150),.PCURVE_S1.);
#1139 = LINE('',#1140,#1141);
#1140 = CARTESIAN_POINT('',(5.2,4.,0.));
#1141 = VECTOR('',#1142,1.);
#1142 = DIRECTION('',(0.,0.,1.));
#1143 = PCURVE('',#1036,#1144);
#1144 = DEFINITIONAL_REPRESENTATION('',(#1145),#1149);
#1145 = LINE('',#1146,#1147);
#1146 = CARTESIAN_POINT('',(0.,10.4));
#1147 = VECTOR('',#1148,1.);
#1148 = DIRECTION('',(1.,0.));
#1149 = ( GEOMETRIC_REPRESENTATION_CONTEXT(2) 
PARAMETRIC_REPRESENTATION_CONTEXT() REPRESENTATION_CONTEXT('2D SPACE',''
  ) );
#1150 = PCURVE('',#1151,#1156);
#1151 = PLANE('',#1152);
#1152 = AXIS2_PLACEMENT_3D('',#1153,#1154,#1155);
#1153 = CARTESIAN_POINT('',(5.2,4.,0.));
#1154 = DIRECTION('',(1.,0.,0.));
#1155 = DIRECTION('',(0.,0.,1.));
#1156 = DEFINITIONAL_REPRESENTATION('',(#1157),#1161);
#1157 = LINE('',#1158,#1159);
#1158 = CARTESIAN_POINT('',(0.,0.));
#1159 = VECTOR('',#1160,1.);
#1160 = DIRECTION('',(1.,0.));
#1161 = ( GEOMETRIC_REPRESENTATION_CONTEXT(2) 
PARAMETRIC_REPRESENTATION_CONTEXT() REPRESENTATION_CONTEXT('2D SPACE',''
  ) );
#1162 = ORIENTED_EDGE('',*,*,#1163,.F.);
#1163 = EDGE_CURVE('',#1014,#1134,#1164,.T.);
#1164 = SURFACE_CURVE('',#1165,(#1169,#1176),.PCURVE_S1.);
#1165 = LINE('',#1166,#1167);
#1166 = CARTESIAN_POINT('',(-5.2,4.,0.));
#1167 = VECTOR('',#1168,1.);
#1168 = DIRECTION('',(1.,0.,0.));
#1169 = PCURVE('',#1036,#1170);
#1170 = DEFINITIONAL_REPRESENTATION('',(#1171),#1175);
#1171 = LINE('',#1172,#1173);
#1172 = CARTESIAN_POINT('',(0.,0.));
#1173 = VECTOR('',#1174,1.);
#1174 = DIRECTION('',(0.,1.));
#1175 = ( GEOMETRIC_REPRESENTATION_CONTEXT(2) 
PARAMETRIC_REPRESENTATION_CONTEXT() REPRESENTATION_CONTEXT('2D SPACE',''
  ) );
#1176 = PCURVE('',#1064,#1177);
#1177 = DEFINITIONAL_REPRESENTATION('',(#1178),#1182);
#1178 = LINE('',#1179,#1180);
#1179 = CARTESIAN_POINT('',(0.,0.));
#1180 = VECTOR('',#1181,1.);
#1181 = DIRECTION('',(1.,0.));
#1182 = ( GEOMETRIC_REPRESENTATION_CONTEXT(2) 
PARAMETRIC_REPRESENTATION_CONTEXT() REPRESENTATION_CONTEXT('2D SPACE',''
  ) );
#1183 = ORIENTED_EDGE('',*,*,#1013,.T.);
#1184 = ORIENTED_EDGE('',*,*,#1185,.T.);
#1185 = EDGE_CURVE('',#1016,#1136,#1186,.T.);
#1186 = SURFACE_CURVE('',#1187,(#1191,#1198),.PCURVE_S1.);
#1187 = LINE('',#1188,#1189);
#1188 = CARTESIAN_POINT('',(-5.2,4.,0.12));
#1189 = VECTOR('',#1190,1.);
#1190 = DIRECTION('',(1.,0.,0.));
#1191 = PCURVE('',#1036,#1192);
#1192 = DEFINITIONAL_REPRESENTATION('',(#1193),#1197);
#1193 = LINE('',#1194,#1195);
#1194 = CARTESIAN_POINT('',(0.12,0.));
#1195 = VECTOR('',#1196,1.);
#1196 = DIRECTION('',(0.,1.));
#1197 = ( GEOMETRIC_REPRESENTATION_CONTEXT(2) 
PARAMETRIC_REPRESENTATION_CONTEXT() REPRESENTATION_CONTEXT('2D SPACE',''
  ) );
#1198 = PCURVE('',#1199,#1204);
#1199 = PLANE('',#1200);
#1200 = AXIS2_PLACEMENT_3D('',#1201,#1202,#1203);
#1201 = CARTESIAN_POINT('',(-5.2,4.015,0.135));
#1202 = DIRECTION('',(-5.315471748743E-21,0.707106781187,-0.707106781187
    ));
#1203 = DIRECTION('',(-1.,-3.758606118742E-21,3.758606118742E-21));
#1204 = DEFINITIONAL_REPRESENTATION('',(#1205),#1209);
#1205 = LINE('',#1206,#1207);
#1206 = CARTESIAN_POINT('',(-0.,-2.12132034356E-02));
#1207 = VECTOR('',#1208,1.);
#1208 = DIRECTION('',(-1.,0.));
#1209 = ( GEOMETRIC_REPRESENTATION_CONTEXT(2) 
PARAMETRIC_REPRESENTATION_CONTEXT() REPRESENTATION_CONTEXT('2D SPACE',''
  ) );
#1210 = ADVANCED_FACE('',(#1211),#1118,.F.);
#1211 = FACE_BOUND('',#1212,.F.);
#1212 = EDGE_LOOP('',(#1213,#1236,#1237,#1265));
#1213 = ORIENTED_EDGE('',*,*,#1214,.F.);
#1214 = EDGE_CURVE('',#1016,#1215,#1217,.T.);
#1215 = VERTEX_POINT('',#1216);
#1216 = CARTESIAN_POINT('',(-5.17,4.03,0.15));
#1217 = SURFACE_CURVE('',#1218,(#1222,#1229),.PCURVE_S1.);
#1218 = LINE('',#1219,#1220);
#1219 = CARTESIAN_POINT('',(-5.19,4.01,0.13));
#1220 = VECTOR('',#1221,1.);
#1221 = DIRECTION('',(0.57735026919,0.57735026919,0.57735026919));
#1222 = PCURVE('',#1118,#1223);
#1223 = DEFINITIONAL_REPRESENTATION('',(#1224),#1228);
#1224 = LINE('',#1225,#1226);
#1225 = CARTESIAN_POINT('',(1.E-02,-7.071067811865E-03));
#1226 = VECTOR('',#1227,1.);
#1227 = DIRECTION('',(0.57735026919,0.816496580928));
#1228 = ( GEOMETRIC_REPRESENTATION_CONTEXT(2) 
PARAMETRIC_REPRESENTATION_CONTEXT() REPRESENTATION_CONTEXT('2D SPACE',''
  ) );
#1229 = PCURVE('',#1199,#1230);
#1230 = DEFINITIONAL_REPRESENTATION('',(#1231),#1235);
#1231 = LINE('',#1232,#1233);
#1232 = CARTESIAN_POINT('',(-1.E-02,-7.071067811866E-03));
#1233 = VECTOR('',#1234,1.);
#1234 = DIRECTION('',(-0.57735026919,0.816496580928));
#1235 = ( GEOMETRIC_REPRESENTATION_CONTEXT(2) 
PARAMETRIC_REPRESENTATION_CONTEXT() REPRESENTATION_CONTEXT('2D SPACE',''
  ) );
#1236 = ORIENTED_EDGE('',*,*,#1104,.T.);
#1237 = ORIENTED_EDGE('',*,*,#1238,.T.);
#1238 = EDGE_CURVE('',#1077,#1239,#1241,.T.);
#1239 = VERTEX_POINT('',#1240);
#1240 = CARTESIAN_POINT('',(-5.17,5.57,0.15));
#1241 = SURFACE_CURVE('',#1242,(#1246,#1253),.PCURVE_S1.);
#1242 = LINE('',#1243,#1244);
#1243 = CARTESIAN_POINT('',(-4.923333333333,5.323333333333,
    0.396666666667));
#1244 = VECTOR('',#1245,1.);
#1245 = DIRECTION('',(0.57735026919,-0.57735026919,0.57735026919));
#1246 = PCURVE('',#1118,#1247);
#1247 = DEFINITIONAL_REPRESENTATION('',(#1248),#1252);
#1248 = LINE('',#1249,#1250);
#1249 = CARTESIAN_POINT('',(1.323333333333,0.370052548821));
#1250 = VECTOR('',#1251,1.);
#1251 = DIRECTION('',(-0.57735026919,0.816496580928));
#1252 = ( GEOMETRIC_REPRESENTATION_CONTEXT(2) 
PARAMETRIC_REPRESENTATION_CONTEXT() REPRESENTATION_CONTEXT('2D SPACE',''
  ) );
#1253 = PCURVE('',#1254,#1259);
#1254 = PLANE('',#1255);
#1255 = AXIS2_PLACEMENT_3D('',#1256,#1257,#1258);
#1256 = CARTESIAN_POINT('',(-5.2,5.585,0.135));
#1257 = DIRECTION('',(5.315471748743E-21,0.707106781187,0.707106781187)
  );
#1258 = DIRECTION('',(-1.,3.758606118742E-21,3.758606118742E-21));
#1259 = DEFINITIONAL_REPRESENTATION('',(#1260),#1264);
#1260 = LINE('',#1261,#1262);
#1261 = CARTESIAN_POINT('',(-0.276666666667,0.370052548821));
#1262 = VECTOR('',#1263,1.);
#1263 = DIRECTION('',(-0.57735026919,0.816496580928));
#1264 = ( GEOMETRIC_REPRESENTATION_CONTEXT(2) 
PARAMETRIC_REPRESENTATION_CONTEXT() REPRESENTATION_CONTEXT('2D SPACE',''
  ) );
#1265 = ORIENTED_EDGE('',*,*,#1266,.F.);
#1266 = EDGE_CURVE('',#1215,#1239,#1267,.T.);
#1267 = SURFACE_CURVE('',#1268,(#1272,#1279),.PCURVE_S1.);
#1268 = LINE('',#1269,#1270);
#1269 = CARTESIAN_POINT('',(-5.17,4.,0.15));
#1270 = VECTOR('',#1271,1.);
#1271 = DIRECTION('',(0.,1.,0.));
#1272 = PCURVE('',#1118,#1273);
#1273 = DEFINITIONAL_REPRESENTATION('',(#1274),#1278);
#1274 = LINE('',#1275,#1276);
#1275 = CARTESIAN_POINT('',(0.,2.12132034356E-02));
#1276 = VECTOR('',#1277,1.);
#1277 = DIRECTION('',(1.,0.));
#1278 = ( GEOMETRIC_REPRESENTATION_CONTEXT(2) 
PARAMETRIC_REPRESENTATION_CONTEXT() REPRESENTATION_CONTEXT('2D SPACE',''
  ) );
#1279 = PCURVE('',#1280,#1285);
#1280 = PLANE('',#1281);
#1281 = AXIS2_PLACEMENT_3D('',#1282,#1283,#1284);
#1282 = CARTESIAN_POINT('',(-5.2,4.,0.15));
#1283 = DIRECTION('',(0.,0.,1.));
#1284 = DIRECTION('',(1.,0.,0.));
#1285 = DEFINITIONAL_REPRESENTATION('',(#1286),#1290);
#1286 = LINE('',#1287,#1288);
#1287 = CARTESIAN_POINT('',(3.E-02,0.));
#1288 = VECTOR('',#1289,1.);
#1289 = DIRECTION('',(0.,1.));
#1290 = ( GEOMETRIC_REPRESENTATION_CONTEXT(2) 
PARAMETRIC_REPRESENTATION_CONTEXT() REPRESENTATION_CONTEXT('2D SPACE',''
  ) );
#1291 = ADVANCED_FACE('',(#1292),#1064,.F.);
#1292 = FACE_BOUND('',#1293,.F.);
#1293 = EDGE_LOOP('',(#1294,#1295,#1296,#1319));
#1294 = ORIENTED_EDGE('',*,*,#1048,.F.);
#1295 = ORIENTED_EDGE('',*,*,#1163,.T.);
#1296 = ORIENTED_EDGE('',*,*,#1297,.T.);
#1297 = EDGE_CURVE('',#1134,#1298,#1300,.T.);
#1298 = VERTEX_POINT('',#1299);
#1299 = CARTESIAN_POINT('',(5.2,5.6,0.));
#1300 = SURFACE_CURVE('',#1301,(#1305,#1312),.PCURVE_S1.);
#1301 = LINE('',#1302,#1303);
#1302 = CARTESIAN_POINT('',(5.2,4.,0.));
#1303 = VECTOR('',#1304,1.);
#1304 = DIRECTION('',(0.,1.,0.));
#1305 = PCURVE('',#1064,#1306);
#1306 = DEFINITIONAL_REPRESENTATION('',(#1307),#1311);
#1307 = LINE('',#1308,#1309);
#1308 = CARTESIAN_POINT('',(10.4,0.));
#1309 = VECTOR('',#1310,1.);
#1310 = DIRECTION('',(0.,1.));
#1311 = ( GEOMETRIC_REPRESENTATION_CONTEXT(2) 
PARAMETRIC_REPRESENTATION_CONTEXT() REPRESENTATION_CONTEXT('2D SPACE',''
  ) );
#1312 = PCURVE('',#1151,#1313);
#1313 = DEFINITIONAL_REPRESENTATION('',(#1314),#1318);
#1314 = LINE('',#1315,#1316);
#1315 = CARTESIAN_POINT('',(0.,0.));
#1316 = VECTOR('',#1317,1.);
#1317 = DIRECTION('',(0.,-1.));
#1318 = ( GEOMETRIC_REPRESENTATION_CONTEXT(2) 
PARAMETRIC_REPRESENTATION_CONTEXT() REPRESENTATION_CONTEXT('2D SPACE',''
  ) );
#1319 = ORIENTED_EDGE('',*,*,#1320,.F.);
#1320 = EDGE_CURVE('',#1049,#1298,#1321,.T.);
#1321 = SURFACE_CURVE('',#1322,(#1326,#1333),.PCURVE_S1.);
#1322 = LINE('',#1323,#1324);
#1323 = CARTESIAN_POINT('',(-5.2,5.6,0.));
#1324 = VECTOR('',#1325,1.);
#1325 = DIRECTION('',(1.,0.,0.));
#1326 = PCURVE('',#1064,#1327);
#1327 = DEFINITIONAL_REPRESENTATION('',(#1328),#1332);
#1328 = LINE('',#1329,#1330);
#1329 = CARTESIAN_POINT('',(0.,1.6));
#1330 = VECTOR('',#1331,1.);
#1331 = DIRECTION('',(1.,0.));
#1332 = ( GEOMETRIC_REPRESENTATION_CONTEXT(2) 
PARAMETRIC_REPRESENTATION_CONTEXT() REPRESENTATION_CONTEXT('2D SPACE',''
  ) );
#1333 = PCURVE('',#1092,#1334);
#1334 = DEFINITIONAL_REPRESENTATION('',(#1335),#1339);
#1335 = LINE('',#1336,#1337);
#1336 = CARTESIAN_POINT('',(0.,0.));
#1337 = VECTOR('',#1338,1.);
#1338 = DIRECTION('',(0.,1.));
#1339 = ( GEOMETRIC_REPRESENTATION_CONTEXT(2) 
PARAMETRIC_REPRESENTATION_CONTEXT() REPRESENTATION_CONTEXT('2D SPACE',''
  ) );
#1340 = ADVANCED_FACE('',(#1341),#1092,.T.);
#1341 = FACE_BOUND('',#1342,.T.);
#1342 = EDGE_LOOP('',(#1343,#1366,#1367,#1368));
#1343 = ORIENTED_EDGE('',*,*,#1344,.F.);
#1344 = EDGE_CURVE('',#1298,#1345,#1347,.T.);
#1345 = VERTEX_POINT('',#1346);
#1346 = CARTESIAN_POINT('',(5.2,5.6,0.12));
#1347 = SURFACE_CURVE('',#1348,(#1352,#1359),.PCURVE_S1.);
#1348 = LINE('',#1349,#1350);
#1349 = CARTESIAN_POINT('',(5.2,5.6,0.));
#1350 = VECTOR('',#1351,1.);
#1351 = DIRECTION('',(0.,0.,1.));
#1352 = PCURVE('',#1092,#1353);
#1353 = DEFINITIONAL_REPRESENTATION('',(#1354),#1358);
#1354 = LINE('',#1355,#1356);
#1355 = CARTESIAN_POINT('',(0.,10.4));
#1356 = VECTOR('',#1357,1.);
#1357 = DIRECTION('',(1.,0.));
#1358 = ( GEOMETRIC_REPRESENTATION_CONTEXT(2) 
PARAMETRIC_REPRESENTATION_CONTEXT() REPRESENTATION_CONTEXT('2D SPACE',''
  ) );
#1359 = PCURVE('',#1151,#1360);
#1360 = DEFINITIONAL_REPRESENTATION('',(#1361),#1365);
#1361 = LINE('',#1362,#1363);
#1362 = CARTESIAN_POINT('',(0.,-1.6));
#1363 = VECTOR('',#1364,1.);
#1364 = DIRECTION('',(1.,0.));
#1365 = ( GEOMETRIC_REPRESENTATION_CONTEXT(2) 
PARAMETRIC_REPRESENTATION_CONTEXT() REPRESENTATION_CONTEXT('2D SPACE',''
  ) );
#1366 = ORIENTED_EDGE('',*,*,#1320,.F.);
#1367 = ORIENTED_EDGE('',*,*,#1076,.T.);
#1368 = ORIENTED_EDGE('',*,*,#1369,.T.);
#1369 = EDGE_CURVE('',#1077,#1345,#1370,.T.);
#1370 = SURFACE_CURVE('',#1371,(#1375,#1382),.PCURVE_S1.);
#1371 = LINE('',#1372,#1373);
#1372 = CARTESIAN_POINT('',(-5.2,5.6,0.12));
#1373 = VECTOR('',#1374,1.);
#1374 = DIRECTION('',(1.,0.,0.));
#1375 = PCURVE('',#1092,#1376);
#1376 = DEFINITIONAL_REPRESENTATION('',(#1377),#1381);
#1377 = LINE('',#1378,#1379);
#1378 = CARTESIAN_POINT('',(0.12,0.));
#1379 = VECTOR('',#1380,1.);
#1380 = DIRECTION('',(0.,1.));
#1381 = ( GEOMETRIC_REPRESENTATION_CONTEXT(2) 
PARAMETRIC_REPRESENTATION_CONTEXT() REPRESENTATION_CONTEXT('2D SPACE',''
  ) );
#1382 = PCURVE('',#1254,#1383);
#1383 = DEFINITIONAL_REPRESENTATION('',(#1384),#1388);
#1384 = LINE('',#1385,#1386);
#1385 = CARTESIAN_POINT('',(-0.,-2.12132034356E-02));
#1386 = VECTOR('',#1387,1.);
#1387 = DIRECTION('',(-1.,0.));
#1388 = ( GEOMETRIC_REPRESENTATION_CONTEXT(2) 
PARAMETRIC_REPRESENTATION_CONTEXT() REPRESENTATION_CONTEXT('2D SPACE',''
  ) );
#1389 = ADVANCED_FACE('',(#1390),#1151,.T.);
#1390 = FACE_BOUND('',#1391,.T.);
#1391 = EDGE_LOOP('',(#1392,#1393,#1394,#1395));
#1392 = ORIENTED_EDGE('',*,*,#1133,.F.);
#1393 = ORIENTED_EDGE('',*,*,#1297,.T.);
#1394 = ORIENTED_EDGE('',*,*,#1344,.T.);
#1395 = ORIENTED_EDGE('',*,*,#1396,.F.);
#1396 = EDGE_CURVE('',#1136,#1345,#1397,.T.);
#1397 = SURFACE_CURVE('',#1398,(#1402,#1409),.PCURVE_S1.);
#1398 = LINE('',#1399,#1400);
#1399 = CARTESIAN_POINT('',(5.2,4.,0.12));
#1400 = VECTOR('',#1401,1.);
#1401 = DIRECTION('',(0.,1.,0.));
#1402 = PCURVE('',#1151,#1403);
#1403 = DEFINITIONAL_REPRESENTATION('',(#1404),#1408);
#1404 = LINE('',#1405,#1406);
#1405 = CARTESIAN_POINT('',(0.12,0.));
#1406 = VECTOR('',#1407,1.);
#1407 = DIRECTION('',(0.,-1.));
#1408 = ( GEOMETRIC_REPRESENTATION_CONTEXT(2) 
PARAMETRIC_REPRESENTATION_CONTEXT() REPRESENTATION_CONTEXT('2D SPACE',''
  ) );
#1409 = PCURVE('',#1410,#1415);
#1410 = PLANE('',#1411);
#1411 = AXIS2_PLACEMENT_3D('',#1412,#1413,#1414);
#1412 = CARTESIAN_POINT('',(5.185,4.,0.135));
#1413 = DIRECTION('',(0.707106781187,-1.285021453507E-19,0.707106781187)
  );
#1414 = DIRECTION('',(9.08647383745E-20,1.,9.08647383745E-20));
#1415 = DEFINITIONAL_REPRESENTATION('',(#1416),#1420);
#1416 = LINE('',#1417,#1418);
#1417 = CARTESIAN_POINT('',(0.,-2.12132034356E-02));
#1418 = VECTOR('',#1419,1.);
#1419 = DIRECTION('',(1.,0.));
#1420 = ( GEOMETRIC_REPRESENTATION_CONTEXT(2) 
PARAMETRIC_REPRESENTATION_CONTEXT() REPRESENTATION_CONTEXT('2D SPACE',''
  ) );
#1421 = ADVANCED_FACE('',(#1422),#1199,.F.);
#1422 = FACE_BOUND('',#1423,.T.);
#1423 = EDGE_LOOP('',(#1424,#1425,#1426,#1449));
#1424 = ORIENTED_EDGE('',*,*,#1214,.F.);
#1425 = ORIENTED_EDGE('',*,*,#1185,.T.);
#1426 = ORIENTED_EDGE('',*,*,#1427,.T.);
#1427 = EDGE_CURVE('',#1136,#1428,#1430,.T.);
#1428 = VERTEX_POINT('',#1429);
#1429 = CARTESIAN_POINT('',(5.17,4.03,0.15));
#1430 = SURFACE_CURVE('',#1431,(#1435,#1442),.PCURVE_S1.);
#1431 = LINE('',#1432,#1433);
#1432 = CARTESIAN_POINT('',(3.456666666667,5.743333333333,1.863333333333
    ));
#1433 = VECTOR('',#1434,1.);
#1434 = DIRECTION('',(-0.57735026919,0.57735026919,0.57735026919));
#1435 = PCURVE('',#1199,#1436);
#1436 = DEFINITIONAL_REPRESENTATION('',(#1437),#1441);
#1437 = LINE('',#1438,#1439);
#1438 = CARTESIAN_POINT('',(-8.656666666667,2.444232440302));
#1439 = VECTOR('',#1440,1.);
#1440 = DIRECTION('',(0.57735026919,0.816496580928));
#1441 = ( GEOMETRIC_REPRESENTATION_CONTEXT(2) 
PARAMETRIC_REPRESENTATION_CONTEXT() REPRESENTATION_CONTEXT('2D SPACE',''
  ) );
#1442 = PCURVE('',#1410,#1443);
#1443 = DEFINITIONAL_REPRESENTATION('',(#1444),#1448);
#1444 = LINE('',#1445,#1446);
#1445 = CARTESIAN_POINT('',(1.743333333333,2.444232440302));
#1446 = VECTOR('',#1447,1.);
#1447 = DIRECTION('',(0.57735026919,0.816496580928));
#1448 = ( GEOMETRIC_REPRESENTATION_CONTEXT(2) 
PARAMETRIC_REPRESENTATION_CONTEXT() REPRESENTATION_CONTEXT('2D SPACE',''
  ) );
#1449 = ORIENTED_EDGE('',*,*,#1450,.F.);
#1450 = EDGE_CURVE('',#1215,#1428,#1451,.T.);
#1451 = SURFACE_CURVE('',#1452,(#1456,#1463),.PCURVE_S1.);
#1452 = LINE('',#1453,#1454);
#1453 = CARTESIAN_POINT('',(-5.2,4.03,0.15));
#1454 = VECTOR('',#1455,1.);
#1455 = DIRECTION('',(1.,0.,0.));
#1456 = PCURVE('',#1199,#1457);
#1457 = DEFINITIONAL_REPRESENTATION('',(#1458),#1462);
#1458 = LINE('',#1459,#1460);
#1459 = CARTESIAN_POINT('',(-0.,2.12132034356E-02));
#1460 = VECTOR('',#1461,1.);
#1461 = DIRECTION('',(-1.,0.));
#1462 = ( GEOMETRIC_REPRESENTATION_CONTEXT(2) 
PARAMETRIC_REPRESENTATION_CONTEXT() REPRESENTATION_CONTEXT('2D SPACE',''
  ) );
#1463 = PCURVE('',#1280,#1464);
#1464 = DEFINITIONAL_REPRESENTATION('',(#1465),#1469);
#1465 = LINE('',#1466,#1467);
#1466 = CARTESIAN_POINT('',(0.,3.E-02));
#1467 = VECTOR('',#1468,1.);
#1468 = DIRECTION('',(1.,0.));
#1469 = ( GEOMETRIC_REPRESENTATION_CONTEXT(2) 
PARAMETRIC_REPRESENTATION_CONTEXT() REPRESENTATION_CONTEXT('2D SPACE',''
  ) );
#1470 = ADVANCED_FACE('',(#1471),#1280,.T.);
#1471 = FACE_BOUND('',#1472,.T.);
#1472 = EDGE_LOOP('',(#1473,#1474,#1475,#1498));
#1473 = ORIENTED_EDGE('',*,*,#1266,.F.);
#1474 = ORIENTED_EDGE('',*,*,#1450,.T.);
#1475 = ORIENTED_EDGE('',*,*,#1476,.T.);
#1476 = EDGE_CURVE('',#1428,#1477,#1479,.T.);
#1477 = VERTEX_POINT('',#1478);
#1478 = CARTESIAN_POINT('',(5.17,5.57,0.15));
#1479 = SURFACE_CURVE('',#1480,(#1484,#1491),.PCURVE_S1.);
#1480 = LINE('',#1481,#1482);
#1481 = CARTESIAN_POINT('',(5.17,4.,0.15));
#1482 = VECTOR('',#1483,1.);
#1483 = DIRECTION('',(0.,1.,0.));
#1484 = PCURVE('',#1280,#1485);
#1485 = DEFINITIONAL_REPRESENTATION('',(#1486),#1490);
#1486 = LINE('',#1487,#1488);
#1487 = CARTESIAN_POINT('',(10.37,0.));
#1488 = VECTOR('',#1489,1.);
#1489 = DIRECTION('',(0.,1.));
#1490 = ( GEOMETRIC_REPRESENTATION_CONTEXT(2) 
PARAMETRIC_REPRESENTATION_CONTEXT() REPRESENTATION_CONTEXT('2D SPACE',''
  ) );
#1491 = PCURVE('',#1410,#1492);
#1492 = DEFINITIONAL_REPRESENTATION('',(#1493),#1497);
#1493 = LINE('',#1494,#1495);
#1494 = CARTESIAN_POINT('',(0.,2.12132034356E-02));
#1495 = VECTOR('',#1496,1.);
#1496 = DIRECTION('',(1.,0.));
#1497 = ( GEOMETRIC_REPRESENTATION_CONTEXT(2) 
PARAMETRIC_REPRESENTATION_CONTEXT() REPRESENTATION_CONTEXT('2D SPACE',''
  ) );
#1498 = ORIENTED_EDGE('',*,*,#1499,.F.);
#1499 = EDGE_CURVE('',#1239,#1477,#1500,.T.);
#1500 = SURFACE_CURVE('',#1501,(#1505,#1512),.PCURVE_S1.);
#1501 = LINE('',#1502,#1503);
#1502 = CARTESIAN_POINT('',(-5.2,5.57,0.15));
#1503 = VECTOR('',#1504,1.);
#1504 = DIRECTION('',(1.,0.,0.));
#1505 = PCURVE('',#1280,#1506);
#1506 = DEFINITIONAL_REPRESENTATION('',(#1507),#1511);
#1507 = LINE('',#1508,#1509);
#1508 = CARTESIAN_POINT('',(0.,1.57));
#1509 = VECTOR('',#1510,1.);
#1510 = DIRECTION('',(1.,0.));
#1511 = ( GEOMETRIC_REPRESENTATION_CONTEXT(2) 
PARAMETRIC_REPRESENTATION_CONTEXT() REPRESENTATION_CONTEXT('2D SPACE',''
  ) );
#1512 = PCURVE('',#1254,#1513);
#1513 = DEFINITIONAL_REPRESENTATION('',(#1514),#1518);
#1514 = LINE('',#1515,#1516);
#1515 = CARTESIAN_POINT('',(-0.,2.12132034356E-02));
#1516 = VECTOR('',#1517,1.);
#1517 = DIRECTION('',(-1.,0.));
#1518 = ( GEOMETRIC_REPRESENTATION_CONTEXT(2) 
PARAMETRIC_REPRESENTATION_CONTEXT() REPRESENTATION_CONTEXT('2D SPACE',''
  ) );
#1519 = ADVANCED_FACE('',(#1520),#1254,.T.);
#1520 = FACE_BOUND('',#1521,.F.);
#1521 = EDGE_LOOP('',(#1522,#1523,#1524,#1545));
#1522 = ORIENTED_EDGE('',*,*,#1238,.F.);
#1523 = ORIENTED_EDGE('',*,*,#1369,.T.);
#1524 = ORIENTED_EDGE('',*,*,#1525,.T.);
#1525 = EDGE_CURVE('',#1345,#1477,#1526,.T.);
#1526 = SURFACE_CURVE('',#1527,(#1531,#1538),.PCURVE_S1.);
#1527 = LINE('',#1528,#1529);
#1528 = CARTESIAN_POINT('',(3.19,3.59,2.13));
#1529 = VECTOR('',#1530,1.);
#1530 = DIRECTION('',(-0.57735026919,-0.57735026919,0.57735026919));
#1531 = PCURVE('',#1254,#1532);
#1532 = DEFINITIONAL_REPRESENTATION('',(#1533),#1537);
#1533 = LINE('',#1534,#1535);
#1534 = CARTESIAN_POINT('',(-8.39,2.821356056934));
#1535 = VECTOR('',#1536,1.);
#1536 = DIRECTION('',(0.57735026919,0.816496580928));
#1537 = ( GEOMETRIC_REPRESENTATION_CONTEXT(2) 
PARAMETRIC_REPRESENTATION_CONTEXT() REPRESENTATION_CONTEXT('2D SPACE',''
  ) );
#1538 = PCURVE('',#1410,#1539);
#1539 = DEFINITIONAL_REPRESENTATION('',(#1540),#1544);
#1540 = LINE('',#1541,#1542);
#1541 = CARTESIAN_POINT('',(-0.41,2.821356056934));
#1542 = VECTOR('',#1543,1.);
#1543 = DIRECTION('',(-0.57735026919,0.816496580928));
#1544 = ( GEOMETRIC_REPRESENTATION_CONTEXT(2) 
PARAMETRIC_REPRESENTATION_CONTEXT() REPRESENTATION_CONTEXT('2D SPACE',''
  ) );
#1545 = ORIENTED_EDGE('',*,*,#1499,.F.);
#1546 = ADVANCED_FACE('',(#1547),#1410,.T.);
#1547 = FACE_BOUND('',#1548,.T.);
#1548 = EDGE_LOOP('',(#1549,#1550,#1551,#1552));
#1549 = ORIENTED_EDGE('',*,*,#1427,.F.);
#1550 = ORIENTED_EDGE('',*,*,#1396,.T.);
#1551 = ORIENTED_EDGE('',*,*,#1525,.T.);
#1552 = ORIENTED_EDGE('',*,*,#1476,.F.);
#1553 = ( GEOMETRIC_REPRESENTATION_CONTEXT(3) 
GLOBAL_UNCERTAINTY_ASSIGNED_CONTEXT((#1557)) 
GLOBAL_UNIT_ASSIGNED_CONTEXT((#1554,#1555,#1556)) REPRESENTATION_CONTEXT
('Context #1','3D Context with UNIT and UNCERTAINTY') );
#1554 = ( LENGTH_UNIT() NAMED_UNIT(*) SI_UNIT(.MILLI.,.METRE.) );
#1555 = ( NAMED_UNIT(*) PLANE_ANGLE_UNIT() SI_UNIT($,.RADIAN.) );
#1556 = ( NAMED_UNIT(*) SI_UNIT($,.STERADIAN.) SOLID_ANGLE_UNIT() );
#1557 = UNCERTAINTY_MEASURE_WITH_UNIT(LENGTH_MEASURE(5.E-05),#1554,
  'distance_accuracy_value','confusion accuracy');
#1558 = CONTEXT_DEPENDENT_SHAPE_REPRESENTATION(#1559,#1561);
#1559 = ( REPRESENTATION_RELATIONSHIP('','',#1006,#10) 
REPRESENTATION_RELATIONSHIP_WITH_TRANSFORMATION(#1560) 
SHAPE_REPRESENTATION_RELATIONSHIP() );
#1560 = ITEM_DEFINED_TRANSFORMATION('','',#11,#23);
#1561 = PRODUCT_DEFINITION_SHAPE('Placement','Placement of an item',
  #1562);
#1562 = NEXT_ASSEMBLY_USAGE_OCCURRENCE('195','floor_2','',#5,#1001,$);
#1563 = PRODUCT_RELATED_PRODUCT_CATEGORY('part',$,(#1003));
#1564 = SHAPE_DEFINITION_REPRESENTATION(#1565,#1571);
#1565 = PRODUCT_DEFINITION_SHAPE('','',#1566);
#1566 = PRODUCT_DEFINITION('design','',#1567,#1570);
#1567 = PRODUCT_DEFINITION_FORMATION('','',#1568);
#1568 = PRODUCT('wall_0','wall_0','',(#1569));
#1569 = PRODUCT_CONTEXT('',#2,'mechanical');
#1570 = PRODUCT_DEFINITION_CONTEXT('part definition',#2,'design');
#1571 = ADVANCED_BREP_SHAPE_REPRESENTATION('',(#11,#1572),#5841);
#1572 = MANIFOLD_SOLID_BREP('',#1573);
#1573 = CLOSED_SHELL('',(#1574,#1802,#1878,#2050,#2124,#2290,#2675,#2853
    ,#2991,#3060,#3085,#3110,#3137,#3164,#3171,#3245,#3419,#3488,#3535,
    #3582,#3609,#3660,#3667,#3741,#3915,#3984,#4031,#4078,#4105,#4132,
    #4306,#4489,#4627,#4696,#4721,#4840,#4847,#4874,#4901,#4908,#5058,
    #5132,#5306,#5375,#5422,#5469,#5496,#5547,#5554,#5581,#5608,#5635,
    #5666,#5673,#5726,#5789,#5828));
#1574 = ADVANCED_FACE('',(#1575,#1694),#1589,.F.);
#1575 = FACE_BOUND('',#1576,.F.);
#1576 = EDGE_LOOP('',(#1577,#1612,#1640,#1668));
#1577 = ORIENTED_EDGE('',*,*,#1578,.F.);
#1578 = EDGE_CURVE('',#1579,#1581,#1583,.T.);
#1579 = VERTEX_POINT('',#1580);
#1580 = CARTESIAN_POINT('',(-5.,-4.,0.15));
#1581 = VERTEX_POINT('',#1582);
#1582 = CARTESIAN_POINT('',(-5.,-4.,3.75));
#1583 = SURFACE_CURVE('',#1584,(#1588,#1600),.PCURVE_S1.);
#1584 = LINE('',#1585,#1586);
#1585 = CARTESIAN_POINT('',(-5.,-4.,0.15));
#1586 = VECTOR('',#1587,1.);
#1587 = DIRECTION('',(0.,0.,1.));
#1588 = PCURVE('',#1589,#1594);
#1589 = PLANE('',#1590);
#1590 = AXIS2_PLACEMENT_3D('',#1591,#1592,#1593);
#1591 = CARTESIAN_POINT('',(-5.,-4.,0.15));
#1592 = DIRECTION('',(1.,0.,0.));
#1593 = DIRECTION('',(0.,0.,1.));
#1594 = DEFINITIONAL_REPRESENTATION('',(#1595),#1599);
#1595 = LINE('',#1596,#1597);
#1596 = CARTESIAN_POINT('',(0.,0.));
#1597 = VECTOR('',#1598,1.);
#1598 = DIRECTION('',(1.,0.));
#1599 = ( GEOMETRIC_REPRESENTATION_CONTEXT(2) 
PARAMETRIC_REPRESENTATION_CONTEXT() REPRESENTATION_CONTEXT('2D SPACE',''
  ) );
#1600 = PCURVE('',#1601,#1606);
#1601 = PLANE('',#1602);
#1602 = AXIS2_PLACEMENT_3D('',#1603,#1604,#1605);
#1603 = CARTESIAN_POINT('',(-5.,-4.,0.15));
#1604 = DIRECTION('',(0.,1.,0.));
#1605 = DIRECTION('',(0.,0.,1.));
#1606 = DEFINITIONAL_REPRESENTATION('',(#1607),#1611);
#1607 = LINE('',#1608,#1609);
#1608 = CARTESIAN_POINT('',(0.,0.));
#1609 = VECTOR('',#1610,1.);
#1610 = DIRECTION('',(1.,0.));
#1611 = ( GEOMETRIC_REPRESENTATION_CONTEXT(2) 
PARAMETRIC_REPRESENTATION_CONTEXT() REPRESENTATION_CONTEXT('2D SPACE',''
  ) );
#1612 = ORIENTED_EDGE('',*,*,#1613,.T.);
#1613 = EDGE_CURVE('',#1579,#1614,#1616,.T.);
#1614 = VERTEX_POINT('',#1615);
#1615 = CARTESIAN_POINT('',(-5.,4.,0.15));
#1616 = SURFACE_CURVE('',#1617,(#1621,#1628),.PCURVE_S1.);
#1617 = LINE('',#1618,#1619);
#1618 = CARTESIAN_POINT('',(-5.,-4.,0.15));
#1619 = VECTOR('',#1620,1.);
#1620 = DIRECTION('',(0.,1.,0.));
#1621 = PCURVE('',#1589,#1622);
#1622 = DEFINITIONAL_REPRESENTATION('',(#1623),#1627);
#1623 = LINE('',#1624,#1625);
#1624 = CARTESIAN_POINT('',(0.,0.));
#1625 = VECTOR('',#1626,1.);
#1626 = DIRECTION('',(0.,-1.));
#1627 = ( GEOMETRIC_REPRESENTATION_CONTEXT(2) 
PARAMETRIC_REPRESENTATION_CONTEXT() REPRESENTATION_CONTEXT('2D SPACE',''
  ) );
#1628 = PCURVE('',#1629,#1634);
#1629 = PLANE('',#1630);
#1630 = AXIS2_PLACEMENT_3D('',#1631,#1632,#1633);
#1631 = CARTESIAN_POINT('',(-5.,-4.,0.15));
#1632 = DIRECTION('',(0.,0.,1.));
#1633 = DIRECTION('',(1.,0.,0.));
#1634 = DEFINITIONAL_REPRESENTATION('',(#1635),#1639);
#1635 = LINE('',#1636,#1637);
#1636 = CARTESIAN_POINT('',(0.,0.));
#1637 = VECTOR('',#1638,1.);
#1638 = DIRECTION('',(0.,1.));
#1639 = ( GEOMETRIC_REPRESENTATION_CONTEXT(2) 
PARAMETRIC_REPRESENTATION_CONTEXT() REPRESENTATION_CONTEXT('2D SPACE',''
  ) );
#1640 = ORIENTED_EDGE('',*,*,#1641,.T.);
#1641 = EDGE_CURVE('',#1614,#1642,#1644,.T.);
#1642 = VERTEX_POINT('',#1643);
#1643 = CARTESIAN_POINT('',(-5.,4.,3.75));
#1644 = SURFACE_CURVE('',#1645,(#1649,#1656),.PCURVE_S1.);
#1645 = LINE('',#1646,#1647);
#1646 = CARTESIAN_POINT('',(-5.,4.,0.15));
#1647 = VECTOR('',#1648,1.);
#1648 = DIRECTION('',(0.,0.,1.));
#1649 = PCURVE('',#1589,#1650);
#1650 = DEFINITIONAL_REPRESENTATION('',(#1651),#1655);
#1651 = LINE('',#1652,#1653);
#1652 = CARTESIAN_POINT('',(0.,-8.));
#1653 = VECTOR('',#1654,1.);
#1654 = DIRECTION('',(1.,0.));
#1655 = ( GEOMETRIC_REPRESENTATION_CONTEXT(2) 
PARAMETRIC_REPRESENTATION_CONTEXT() REPRESENTATION_CONTEXT('2D SPACE',''
  ) );
#1656 = PCURVE('',#1657,#1662);
#1657 = PLANE('',#1658);
#1658 = AXIS2_PLACEMENT_3D('',#1659,#1660,#1661);
#1659 = CARTESIAN_POINT('',(-5.,4.,0.15));
#1660 = DIRECTION('',(0.,1.,0.));
#1661 = DIRECTION('',(0.,0.,1.));
#1662 = DEFINITIONAL_REPRESENTATION('',(#1663),#1667);
#1663 = LINE('',#1664,#1665);
#1664 = CARTESIAN_POINT('',(0.,0.));
#1665 = VECTOR('',#1666,1.);
#1666 = DIRECTION('',(1.,0.));
#1667 = ( GEOMETRIC_REPRESENTATION_CONTEXT(2) 
PARAMETRIC_REPRESENTATION_CONTEXT() REPRESENTATION_CONTEXT('2D SPACE',''
  ) );
#1668 = ORIENTED_EDGE('',*,*,#1669,.F.);
#1669 = EDGE_CURVE('',#1581,#1642,#1670,.T.);
#1670 = SURFACE_CURVE('',#1671,(#1675,#1682),.PCURVE_S1.);
#1671 = LINE('',#1672,#1673);
#1672 = CARTESIAN_POINT('',(-5.,-4.,3.75));
#1673 = VECTOR('',#1674,1.);
#1674 = DIRECTION('',(0.,1.,0.));
#1675 = PCURVE('',#1589,#1676);
#1676 = DEFINITIONAL_REPRESENTATION('',(#1677),#1681);
#1677 = LINE('',#1678,#1679);
#1678 = CARTESIAN_POINT('',(3.6,0.));
#1679 = VECTOR('',#1680,1.);
#1680 = DIRECTION('',(0.,-1.));
#1681 = ( GEOMETRIC_REPRESENTATION_CONTEXT(2) 
PARAMETRIC_REPRESENTATION_CONTEXT() REPRESENTATION_CONTEXT('2D SPACE',''
  ) );
#1682 = PCURVE('',#1683,#1688);
#1683 = PLANE('',#1684);
#1684 = AXIS2_PLACEMENT_3D('',#1685,#1686,#1687);
#1685 = CARTESIAN_POINT('',(-5.,-4.,3.75));
#1686 = DIRECTION('',(0.,0.,1.));
#1687 = DIRECTION('',(1.,0.,0.));
#1688 = DEFINITIONAL_REPRESENTATION('',(#1689),#1693);
#1689 = LINE('',#1690,#1691);
#1690 = CARTESIAN_POINT('',(0.,0.));
#1691 = VECTOR('',#1692,1.);
#1692 = DIRECTION('',(0.,1.));
#1693 = ( GEOMETRIC_REPRESENTATION_CONTEXT(2) 
PARAMETRIC_REPRESENTATION_CONTEXT() REPRESENTATION_CONTEXT('2D SPACE',''
  ) );
#1694 = FACE_BOUND('',#1695,.F.);
#1695 = EDGE_LOOP('',(#1696,#1724,#1752,#1778));
#1696 = ORIENTED_EDGE('',*,*,#1697,.F.);
#1697 = EDGE_CURVE('',#1698,#1700,#1702,.T.);
#1698 = VERTEX_POINT('',#1699);
#1699 = CARTESIAN_POINT('',(-5.,0.55,1.15));
#1700 = VERTEX_POINT('',#1701);
#1701 = CARTESIAN_POINT('',(-5.,0.55,2.45));
#1702 = SURFACE_CURVE('',#1703,(#1707,#1713),.PCURVE_S1.);
#1703 = LINE('',#1704,#1705);
#1704 = CARTESIAN_POINT('',(-5.,0.55,1.3));
#1705 = VECTOR('',#1706,1.);
#1706 = DIRECTION('',(0.,0.,1.));
#1707 = PCURVE('',#1589,#1708);
#1708 = DEFINITIONAL_REPRESENTATION('',(#1709),#1712);
#1709 = B_SPLINE_CURVE_WITH_KNOTS('',1,(#1710,#1711),.UNSPECIFIED.,.F.,
  .F.,(2,2),(-0.15,1.15),.PIECEWISE_BEZIER_KNOTS.);
#1710 = CARTESIAN_POINT('',(1.,-4.55));
#1711 = CARTESIAN_POINT('',(2.3,-4.55));
#1712 = ( GEOMETRIC_REPRESENTATION_CONTEXT(2) 
PARAMETRIC_REPRESENTATION_CONTEXT() REPRESENTATION_CONTEXT('2D SPACE',''
  ) );
#1713 = PCURVE('',#1714,#1719);
#1714 = PLANE('',#1715);
#1715 = AXIS2_PLACEMENT_3D('',#1716,#1717,#1718);
#1716 = CARTESIAN_POINT('',(-5.05,0.55,2.45));
#1717 = DIRECTION('',(1.110223024625E-16,1.,0.));
#1718 = DIRECTION('',(0.,0.,-1.));
#1719 = DEFINITIONAL_REPRESENTATION('',(#1720),#1723);
#1720 = B_SPLINE_CURVE_WITH_KNOTS('',1,(#1721,#1722),.UNSPECIFIED.,.F.,
  .F.,(2,2),(-0.15,1.15),.PIECEWISE_BEZIER_KNOTS.);
#1721 = CARTESIAN_POINT('',(1.3,-5.E-02));
#1722 = CARTESIAN_POINT('',(0.,-5.E-02));
#1723 = ( GEOMETRIC_REPRESENTATION_CONTEXT(2) 
PARAMETRIC_REPRESENTATION_CONTEXT() REPRESENTATION_CONTEXT('2D SPACE',''
  ) );
#1724 = ORIENTED_EDGE('',*,*,#1725,.F.);
#1725 = EDGE_CURVE('',#1726,#1698,#1728,.T.);
#1726 = VERTEX_POINT('',#1727);
#1727 = CARTESIAN_POINT('',(-5.,-0.55,1.15));
#1728 = SURFACE_CURVE('',#1729,(#1733,#1740),.PCURVE_S1.);
#1729 = LINE('',#1730,#1731);
#1730 = CARTESIAN_POINT('',(-5.,-0.55,1.15));
#1731 = VECTOR('',#1732,1.);
#1732 = DIRECTION('',(0.,1.,0.));
#1733 = PCURVE('',#1589,#1734);
#1734 = DEFINITIONAL_REPRESENTATION('',(#1735),#1739);
#1735 = LINE('',#1736,#1737);
#1736 = CARTESIAN_POINT('',(1.,-3.45));
#1737 = VECTOR('',#1738,1.);
#1738 = DIRECTION('',(0.,-1.));
#1739 = ( GEOMETRIC_REPRESENTATION_CONTEXT(2) 
PARAMETRIC_REPRESENTATION_CONTEXT() REPRESENTATION_CONTEXT('2D SPACE',''
  ) );
#1740 = PCURVE('',#1741,#1746);
#1741 = PLANE('',#1742);
#1742 = AXIS2_PLACEMENT_3D('',#1743,#1744,#1745);
#1743 = CARTESIAN_POINT('',(-5.05,0.45,1.15));
#1744 = DIRECTION('',(0.,-0.,-1.));
#1745 = DIRECTION('',(-1.110223024625E-16,-1.,0.));
#1746 = DEFINITIONAL_REPRESENTATION('',(#1747),#1751);
#1747 = LINE('',#1748,#1749);
#1748 = CARTESIAN_POINT('',(1.,-5.E-02));
#1749 = VECTOR('',#1750,1.);
#1750 = DIRECTION('',(-1.,1.110223024625E-16));
#1751 = ( GEOMETRIC_REPRESENTATION_CONTEXT(2) 
PARAMETRIC_REPRESENTATION_CONTEXT() REPRESENTATION_CONTEXT('2D SPACE',''
  ) );
#1752 = ORIENTED_EDGE('',*,*,#1753,.F.);
#1753 = EDGE_CURVE('',#1754,#1726,#1756,.T.);
#1754 = VERTEX_POINT('',#1755);
#1755 = CARTESIAN_POINT('',(-5.,-0.55,2.45));
#1756 = SURFACE_CURVE('',#1757,(#1761,#1767),.PCURVE_S1.);
#1757 = LINE('',#1758,#1759);
#1758 = CARTESIAN_POINT('',(-5.,-0.55,0.65));
#1759 = VECTOR('',#1760,1.);
#1760 = DIRECTION('',(0.,-0.,-1.));
#1761 = PCURVE('',#1589,#1762);
#1762 = DEFINITIONAL_REPRESENTATION('',(#1763),#1766);
#1763 = B_SPLINE_CURVE_WITH_KNOTS('',1,(#1764,#1765),.UNSPECIFIED.,.F.,
  .F.,(2,2),(-1.8,-0.5),.PIECEWISE_BEZIER_KNOTS.);
#1764 = CARTESIAN_POINT('',(2.3,-3.45));
#1765 = CARTESIAN_POINT('',(1.,-3.45));
#1766 = ( GEOMETRIC_REPRESENTATION_CONTEXT(2) 
PARAMETRIC_REPRESENTATION_CONTEXT() REPRESENTATION_CONTEXT('2D SPACE',''
  ) );
#1767 = PCURVE('',#1768,#1773);
#1768 = PLANE('',#1769);
#1769 = AXIS2_PLACEMENT_3D('',#1770,#1771,#1772);
#1770 = CARTESIAN_POINT('',(-5.05,-0.55,1.15));
#1771 = DIRECTION('',(-1.110223024625E-16,-1.,0.));
#1772 = DIRECTION('',(0.,0.,1.));
#1773 = DEFINITIONAL_REPRESENTATION('',(#1774),#1777);
#1774 = B_SPLINE_CURVE_WITH_KNOTS('',1,(#1775,#1776),.UNSPECIFIED.,.F.,
  .F.,(2,2),(-1.8,-0.5),.PIECEWISE_BEZIER_KNOTS.);
#1775 = CARTESIAN_POINT('',(1.3,-5.E-02));
#1776 = CARTESIAN_POINT('',(0.,-5.E-02));
#1777 = ( GEOMETRIC_REPRESENTATION_CONTEXT(2) 
PARAMETRIC_REPRESENTATION_CONTEXT() REPRESENTATION_CONTEXT('2D SPACE',''
  ) );
#1778 = ORIENTED_EDGE('',*,*,#1779,.F.);
#1779 = EDGE_CURVE('',#1700,#1754,#1780,.T.);
#1780 = SURFACE_CURVE('',#1781,(#1785,#1791),.PCURVE_S1.);
#1781 = LINE('',#1782,#1783);
#1782 = CARTESIAN_POINT('',(-5.,-2.275,2.45));
#1783 = VECTOR('',#1784,1.);
#1784 = DIRECTION('',(0.,-1.,0.));
#1785 = PCURVE('',#1589,#1786);
#1786 = DEFINITIONAL_REPRESENTATION('',(#1787),#1790);
#1787 = B_SPLINE_CURVE_WITH_KNOTS('',1,(#1788,#1789),.UNSPECIFIED.,.F.,
  .F.,(2,2),(-2.825,-1.725),.PIECEWISE_BEZIER_KNOTS.);
#1788 = CARTESIAN_POINT('',(2.3,-4.55));
#1789 = CARTESIAN_POINT('',(2.3,-3.45));
#1790 = ( GEOMETRIC_REPRESENTATION_CONTEXT(2) 
PARAMETRIC_REPRESENTATION_CONTEXT() REPRESENTATION_CONTEXT('2D SPACE',''
  ) );
#1791 = PCURVE('',#1792,#1797);
#1792 = PLANE('',#1793);
#1793 = AXIS2_PLACEMENT_3D('',#1794,#1795,#1796);
#1794 = CARTESIAN_POINT('',(-5.05,-0.55,2.45));
#1795 = DIRECTION('',(0.,0.,1.));
#1796 = DIRECTION('',(1.110223024625E-16,1.,0.));
#1797 = DEFINITIONAL_REPRESENTATION('',(#1798),#1801);
#1798 = B_SPLINE_CURVE_WITH_KNOTS('',1,(#1799,#1800),.UNSPECIFIED.,.F.,
  .F.,(2,2),(-2.825,-1.725),.PIECEWISE_BEZIER_KNOTS.);
#1799 = CARTESIAN_POINT('',(1.1,-5.E-02));
#1800 = CARTESIAN_POINT('',(0.,-5.E-02));
#1801 = ( GEOMETRIC_REPRESENTATION_CONTEXT(2) 
PARAMETRIC_REPRESENTATION_CONTEXT() REPRESENTATION_CONTEXT('2D SPACE',''
  ) );
#1802 = ADVANCED_FACE('',(#1803),#1792,.F.);
#1803 = FACE_BOUND('',#1804,.F.);
#1804 = EDGE_LOOP('',(#1805,#1806,#1829,#1857));
#1805 = ORIENTED_EDGE('',*,*,#1779,.T.);
#1806 = ORIENTED_EDGE('',*,*,#1807,.T.);
#1807 = EDGE_CURVE('',#1754,#1808,#1810,.T.);
#1808 = VERTEX_POINT('',#1809);
#1809 = CARTESIAN_POINT('',(-4.93,-0.55,2.45));
#1810 = SURFACE_CURVE('',#1811,(#1815,#1822),.PCURVE_S1.);
#1811 = LINE('',#1812,#1813);
#1812 = CARTESIAN_POINT('',(-5.05,-0.55,2.45));
#1813 = VECTOR('',#1814,1.);
#1814 = DIRECTION('',(1.,-1.110223024625E-16,0.));
#1815 = PCURVE('',#1792,#1816);
#1816 = DEFINITIONAL_REPRESENTATION('',(#1817),#1821);
#1817 = LINE('',#1818,#1819);
#1818 = CARTESIAN_POINT('',(0.,0.));
#1819 = VECTOR('',#1820,1.);
#1820 = DIRECTION('',(0.,-1.));
#1821 = ( GEOMETRIC_REPRESENTATION_CONTEXT(2) 
PARAMETRIC_REPRESENTATION_CONTEXT() REPRESENTATION_CONTEXT('2D SPACE',''
  ) );
#1822 = PCURVE('',#1768,#1823);
#1823 = DEFINITIONAL_REPRESENTATION('',(#1824),#1828);
#1824 = LINE('',#1825,#1826);
#1825 = CARTESIAN_POINT('',(1.3,0.));
#1826 = VECTOR('',#1827,1.);
#1827 = DIRECTION('',(0.,-1.));
#1828 = ( GEOMETRIC_REPRESENTATION_CONTEXT(2) 
PARAMETRIC_REPRESENTATION_CONTEXT() REPRESENTATION_CONTEXT('2D SPACE',''
  ) );
#1829 = ORIENTED_EDGE('',*,*,#1830,.T.);
#1830 = EDGE_CURVE('',#1808,#1831,#1833,.T.);
#1831 = VERTEX_POINT('',#1832);
#1832 = CARTESIAN_POINT('',(-4.93,0.55,2.45));
#1833 = SURFACE_CURVE('',#1834,(#1838,#1845),.PCURVE_S1.);
#1834 = LINE('',#1835,#1836);
#1835 = CARTESIAN_POINT('',(-4.93,-0.55,2.45));
#1836 = VECTOR('',#1837,1.);
#1837 = DIRECTION('',(1.110223024625E-16,1.,0.));
#1838 = PCURVE('',#1792,#1839);
#1839 = DEFINITIONAL_REPRESENTATION('',(#1840),#1844);
#1840 = LINE('',#1841,#1842);
#1841 = CARTESIAN_POINT('',(1.33226762955E-17,-0.12));
#1842 = VECTOR('',#1843,1.);
#1843 = DIRECTION('',(1.,0.));
#1844 = ( GEOMETRIC_REPRESENTATION_CONTEXT(2) 
PARAMETRIC_REPRESENTATION_CONTEXT() REPRESENTATION_CONTEXT('2D SPACE',''
  ) );
#1845 = PCURVE('',#1846,#1851);
#1846 = PLANE('',#1847);
#1847 = AXIS2_PLACEMENT_3D('',#1848,#1849,#1850);
#1848 = CARTESIAN_POINT('',(-4.93,5.473399511402E-16,1.8));
#1849 = DIRECTION('',(-1.,1.110223024625E-16,0.));
#1850 = DIRECTION('',(0.,0.,1.));
#1851 = DEFINITIONAL_REPRESENTATION('',(#1852),#1856);
#1852 = LINE('',#1853,#1854);
#1853 = CARTESIAN_POINT('',(0.65,-0.55));
#1854 = VECTOR('',#1855,1.);
#1855 = DIRECTION('',(0.,1.));
#1856 = ( GEOMETRIC_REPRESENTATION_CONTEXT(2) 
PARAMETRIC_REPRESENTATION_CONTEXT() REPRESENTATION_CONTEXT('2D SPACE',''
  ) );
#1857 = ORIENTED_EDGE('',*,*,#1858,.F.);
#1858 = EDGE_CURVE('',#1700,#1831,#1859,.T.);
#1859 = SURFACE_CURVE('',#1860,(#1864,#1871),.PCURVE_S1.);
#1860 = LINE('',#1861,#1862);
#1861 = CARTESIAN_POINT('',(-5.05,0.55,2.45));
#1862 = VECTOR('',#1863,1.);
#1863 = DIRECTION('',(1.,-1.110223024625E-16,0.));
#1864 = PCURVE('',#1792,#1865);
#1865 = DEFINITIONAL_REPRESENTATION('',(#1866),#1870);
#1866 = LINE('',#1867,#1868);
#1867 = CARTESIAN_POINT('',(1.1,1.221245327088E-16));
#1868 = VECTOR('',#1869,1.);
#1869 = DIRECTION('',(0.,-1.));
#1870 = ( GEOMETRIC_REPRESENTATION_CONTEXT(2) 
PARAMETRIC_REPRESENTATION_CONTEXT() REPRESENTATION_CONTEXT('2D SPACE',''
  ) );
#1871 = PCURVE('',#1714,#1872);
#1872 = DEFINITIONAL_REPRESENTATION('',(#1873),#1877);
#1873 = LINE('',#1874,#1875);
#1874 = CARTESIAN_POINT('',(0.,0.));
#1875 = VECTOR('',#1876,1.);
#1876 = DIRECTION('',(0.,-1.));
#1877 = ( GEOMETRIC_REPRESENTATION_CONTEXT(2) 
PARAMETRIC_REPRESENTATION_CONTEXT() REPRESENTATION_CONTEXT('2D SPACE',''
  ) );
#1878 = ADVANCED_FACE('',(#1879),#1846,.T.);
#1879 = FACE_BOUND('',#1880,.T.);
#1880 = EDGE_LOOP('',(#1881,#1906,#1927,#1928,#1951,#1974,#2000,#2026));
#1881 = ORIENTED_EDGE('',*,*,#1882,.T.);
#1882 = EDGE_CURVE('',#1883,#1885,#1887,.T.);
#1883 = VERTEX_POINT('',#1884);
#1884 = CARTESIAN_POINT('',(-4.93,-0.45,1.15));
#1885 = VERTEX_POINT('',#1886);
#1886 = CARTESIAN_POINT('',(-4.93,-0.55,1.15));
#1887 = SURFACE_CURVE('',#1888,(#1892,#1899),.PCURVE_S1.);
#1888 = LINE('',#1889,#1890);
#1889 = CARTESIAN_POINT('',(-4.93,0.55,1.15));
#1890 = VECTOR('',#1891,1.);
#1891 = DIRECTION('',(-1.110223024625E-16,-1.,0.));
#1892 = PCURVE('',#1846,#1893);
#1893 = DEFINITIONAL_REPRESENTATION('',(#1894),#1898);
#1894 = LINE('',#1895,#1896);
#1895 = CARTESIAN_POINT('',(-0.65,0.55));
#1896 = VECTOR('',#1897,1.);
#1897 = DIRECTION('',(0.,-1.));
#1898 = ( GEOMETRIC_REPRESENTATION_CONTEXT(2) 
PARAMETRIC_REPRESENTATION_CONTEXT() REPRESENTATION_CONTEXT('2D SPACE',''
  ) );
#1899 = PCURVE('',#1741,#1900);
#1900 = DEFINITIONAL_REPRESENTATION('',(#1901),#1905);
#1901 = LINE('',#1902,#1903);
#1902 = CARTESIAN_POINT('',(-0.1,-0.12));
#1903 = VECTOR('',#1904,1.);
#1904 = DIRECTION('',(1.,0.));
#1905 = ( GEOMETRIC_REPRESENTATION_CONTEXT(2) 
PARAMETRIC_REPRESENTATION_CONTEXT() REPRESENTATION_CONTEXT('2D SPACE',''
  ) );
#1906 = ORIENTED_EDGE('',*,*,#1907,.T.);
#1907 = EDGE_CURVE('',#1885,#1808,#1908,.T.);
#1908 = SURFACE_CURVE('',#1909,(#1913,#1920),.PCURVE_S1.);
#1909 = LINE('',#1910,#1911);
#1910 = CARTESIAN_POINT('',(-4.93,-0.55,1.15));
#1911 = VECTOR('',#1912,1.);
#1912 = DIRECTION('',(0.,0.,1.));
#1913 = PCURVE('',#1846,#1914);
#1914 = DEFINITIONAL_REPRESENTATION('',(#1915),#1919);
#1915 = LINE('',#1916,#1917);
#1916 = CARTESIAN_POINT('',(-0.65,-0.55));
#1917 = VECTOR('',#1918,1.);
#1918 = DIRECTION('',(1.,0.));
#1919 = ( GEOMETRIC_REPRESENTATION_CONTEXT(2) 
PARAMETRIC_REPRESENTATION_CONTEXT() REPRESENTATION_CONTEXT('2D SPACE',''
  ) );
#1920 = PCURVE('',#1768,#1921);
#1921 = DEFINITIONAL_REPRESENTATION('',(#1922),#1926);
#1922 = LINE('',#1923,#1924);
#1923 = CARTESIAN_POINT('',(0.,-0.12));
#1924 = VECTOR('',#1925,1.);
#1925 = DIRECTION('',(1.,0.));
#1926 = ( GEOMETRIC_REPRESENTATION_CONTEXT(2) 
PARAMETRIC_REPRESENTATION_CONTEXT() REPRESENTATION_CONTEXT('2D SPACE',''
  ) );
#1927 = ORIENTED_EDGE('',*,*,#1830,.T.);
#1928 = ORIENTED_EDGE('',*,*,#1929,.T.);
#1929 = EDGE_CURVE('',#1831,#1930,#1932,.T.);
#1930 = VERTEX_POINT('',#1931);
#1931 = CARTESIAN_POINT('',(-4.93,0.55,1.15));
#1932 = SURFACE_CURVE('',#1933,(#1937,#1944),.PCURVE_S1.);
#1933 = LINE('',#1934,#1935);
#1934 = CARTESIAN_POINT('',(-4.93,0.55,2.45));
#1935 = VECTOR('',#1936,1.);
#1936 = DIRECTION('',(0.,0.,-1.));
#1937 = PCURVE('',#1846,#1938);
#1938 = DEFINITIONAL_REPRESENTATION('',(#1939),#1943);
#1939 = LINE('',#1940,#1941);
#1940 = CARTESIAN_POINT('',(0.65,0.55));
#1941 = VECTOR('',#1942,1.);
#1942 = DIRECTION('',(-1.,0.));
#1943 = ( GEOMETRIC_REPRESENTATION_CONTEXT(2) 
PARAMETRIC_REPRESENTATION_CONTEXT() REPRESENTATION_CONTEXT('2D SPACE',''
  ) );
#1944 = PCURVE('',#1714,#1945);
#1945 = DEFINITIONAL_REPRESENTATION('',(#1946),#1950);
#1946 = LINE('',#1947,#1948);
#1947 = CARTESIAN_POINT('',(0.,-0.12));
#1948 = VECTOR('',#1949,1.);
#1949 = DIRECTION('',(1.,0.));
#1950 = ( GEOMETRIC_REPRESENTATION_CONTEXT(2) 
PARAMETRIC_REPRESENTATION_CONTEXT() REPRESENTATION_CONTEXT('2D SPACE',''
  ) );
#1951 = ORIENTED_EDGE('',*,*,#1952,.T.);
#1952 = EDGE_CURVE('',#1930,#1953,#1955,.T.);
#1953 = VERTEX_POINT('',#1954);
#1954 = CARTESIAN_POINT('',(-4.93,0.45,1.15));
#1955 = SURFACE_CURVE('',#1956,(#1960,#1967),.PCURVE_S1.);
#1956 = LINE('',#1957,#1958);
#1957 = CARTESIAN_POINT('',(-4.93,0.55,1.15));
#1958 = VECTOR('',#1959,1.);
#1959 = DIRECTION('',(-1.110223024625E-16,-1.,0.));
#1960 = PCURVE('',#1846,#1961);
#1961 = DEFINITIONAL_REPRESENTATION('',(#1962),#1966);
#1962 = LINE('',#1963,#1964);
#1963 = CARTESIAN_POINT('',(-0.65,0.55));
#1964 = VECTOR('',#1965,1.);
#1965 = DIRECTION('',(0.,-1.));
#1966 = ( GEOMETRIC_REPRESENTATION_CONTEXT(2) 
PARAMETRIC_REPRESENTATION_CONTEXT() REPRESENTATION_CONTEXT('2D SPACE',''
  ) );
#1967 = PCURVE('',#1741,#1968);
#1968 = DEFINITIONAL_REPRESENTATION('',(#1969),#1973);
#1969 = LINE('',#1970,#1971);
#1970 = CARTESIAN_POINT('',(-0.1,-0.12));
#1971 = VECTOR('',#1972,1.);
#1972 = DIRECTION('',(1.,0.));
#1973 = ( GEOMETRIC_REPRESENTATION_CONTEXT(2) 
PARAMETRIC_REPRESENTATION_CONTEXT() REPRESENTATION_CONTEXT('2D SPACE',''
  ) );
#1974 = ORIENTED_EDGE('',*,*,#1975,.T.);
#1975 = EDGE_CURVE('',#1953,#1976,#1978,.T.);
#1976 = VERTEX_POINT('',#1977);
#1977 = CARTESIAN_POINT('',(-4.93,0.45,2.35));
#1978 = SURFACE_CURVE('',#1979,(#1983,#1989),.PCURVE_S1.);
#1979 = LINE('',#1980,#1981);
#1980 = CARTESIAN_POINT('',(-4.93,0.45,2.075));
#1981 = VECTOR('',#1982,1.);
#1982 = DIRECTION('',(0.,-0.,1.));
#1983 = PCURVE('',#1846,#1984);
#1984 = DEFINITIONAL_REPRESENTATION('',(#1985),#1988);
#1985 = B_SPLINE_CURVE_WITH_KNOTS('',1,(#1986,#1987),.UNSPECIFIED.,.F.,
  .F.,(2,2),(-0.925,0.275),.PIECEWISE_BEZIER_KNOTS.);
#1986 = CARTESIAN_POINT('',(-0.65,0.45));
#1987 = CARTESIAN_POINT('',(0.55,0.45));
#1988 = ( GEOMETRIC_REPRESENTATION_CONTEXT(2) 
PARAMETRIC_REPRESENTATION_CONTEXT() REPRESENTATION_CONTEXT('2D SPACE',''
  ) );
#1989 = PCURVE('',#1990,#1995);
#1990 = PLANE('',#1991);
#1991 = AXIS2_PLACEMENT_3D('',#1992,#1993,#1994);
#1992 = CARTESIAN_POINT('',(-5.05,0.45,2.35));
#1993 = DIRECTION('',(1.110223024625E-16,1.,0.));
#1994 = DIRECTION('',(0.,0.,-1.));
#1995 = DEFINITIONAL_REPRESENTATION('',(#1996),#1999);
#1996 = B_SPLINE_CURVE_WITH_KNOTS('',1,(#1997,#1998),.UNSPECIFIED.,.F.,
  .F.,(2,2),(-0.925,0.275),.PIECEWISE_BEZIER_KNOTS.);
#1997 = CARTESIAN_POINT('',(1.2,-0.12));
#1998 = CARTESIAN_POINT('',(0.,-0.12));
#1999 = ( GEOMETRIC_REPRESENTATION_CONTEXT(2) 
PARAMETRIC_REPRESENTATION_CONTEXT() REPRESENTATION_CONTEXT('2D SPACE',''
  ) );
#2000 = ORIENTED_EDGE('',*,*,#2001,.T.);
#2001 = EDGE_CURVE('',#1976,#2002,#2004,.T.);
#2002 = VERTEX_POINT('',#2003);
#2003 = CARTESIAN_POINT('',(-4.93,-0.45,2.35));
#2004 = SURFACE_CURVE('',#2005,(#2009,#2015),.PCURVE_S1.);
#2005 = LINE('',#2006,#2007);
#2006 = CARTESIAN_POINT('',(-4.93,-0.225,2.35));
#2007 = VECTOR('',#2008,1.);
#2008 = DIRECTION('',(-1.110223024625E-16,-1.,0.));
#2009 = PCURVE('',#1846,#2010);
#2010 = DEFINITIONAL_REPRESENTATION('',(#2011),#2014);
#2011 = B_SPLINE_CURVE_WITH_KNOTS('',1,(#2012,#2013),.UNSPECIFIED.,.F.,
  .F.,(2,2),(-0.675,0.225),.PIECEWISE_BEZIER_KNOTS.);
#2012 = CARTESIAN_POINT('',(0.55,0.45));
#2013 = CARTESIAN_POINT('',(0.55,-0.45));
#2014 = ( GEOMETRIC_REPRESENTATION_CONTEXT(2) 
PARAMETRIC_REPRESENTATION_CONTEXT() REPRESENTATION_CONTEXT('2D SPACE',''
  ) );
#2015 = PCURVE('',#2016,#2021);
#2016 = PLANE('',#2017);
#2017 = AXIS2_PLACEMENT_3D('',#2018,#2019,#2020);
#2018 = CARTESIAN_POINT('',(-5.05,-0.45,2.35));
#2019 = DIRECTION('',(0.,0.,1.));
#2020 = DIRECTION('',(1.110223024625E-16,1.,0.));
#2021 = DEFINITIONAL_REPRESENTATION('',(#2022),#2025);
#2022 = B_SPLINE_CURVE_WITH_KNOTS('',1,(#2023,#2024),.UNSPECIFIED.,.F.,
  .F.,(2,2),(-0.675,0.225),.PIECEWISE_BEZIER_KNOTS.);
#2023 = CARTESIAN_POINT('',(0.9,-0.12));
#2024 = CARTESIAN_POINT('',(0.,-0.12));
#2025 = ( GEOMETRIC_REPRESENTATION_CONTEXT(2) 
PARAMETRIC_REPRESENTATION_CONTEXT() REPRESENTATION_CONTEXT('2D SPACE',''
  ) );
#2026 = ORIENTED_EDGE('',*,*,#2027,.T.);
#2027 = EDGE_CURVE('',#2002,#1883,#2028,.T.);
#2028 = SURFACE_CURVE('',#2029,(#2033,#2039),.PCURVE_S1.);
#2029 = LINE('',#2030,#2031);
#2030 = CARTESIAN_POINT('',(-4.93,-0.45,1.475));
#2031 = VECTOR('',#2032,1.);
#2032 = DIRECTION('',(-0.,0.,-1.));
#2033 = PCURVE('',#1846,#2034);
#2034 = DEFINITIONAL_REPRESENTATION('',(#2035),#2038);
#2035 = B_SPLINE_CURVE_WITH_KNOTS('',1,(#2036,#2037),.UNSPECIFIED.,.F.,
  .F.,(2,2),(-0.875,0.325),.PIECEWISE_BEZIER_KNOTS.);
#2036 = CARTESIAN_POINT('',(0.55,-0.45));
#2037 = CARTESIAN_POINT('',(-0.65,-0.45));
#2038 = ( GEOMETRIC_REPRESENTATION_CONTEXT(2) 
PARAMETRIC_REPRESENTATION_CONTEXT() REPRESENTATION_CONTEXT('2D SPACE',''
  ) );
#2039 = PCURVE('',#2040,#2045);
#2040 = PLANE('',#2041);
#2041 = AXIS2_PLACEMENT_3D('',#2042,#2043,#2044);
#2042 = CARTESIAN_POINT('',(-5.05,-0.45,1.15));
#2043 = DIRECTION('',(-1.110223024625E-16,-1.,0.));
#2044 = DIRECTION('',(0.,0.,1.));
#2045 = DEFINITIONAL_REPRESENTATION('',(#2046),#2049);
#2046 = B_SPLINE_CURVE_WITH_KNOTS('',1,(#2047,#2048),.UNSPECIFIED.,.F.,
  .F.,(2,2),(-0.875,0.325),.PIECEWISE_BEZIER_KNOTS.);
#2047 = CARTESIAN_POINT('',(1.2,-0.12));
#2048 = CARTESIAN_POINT('',(0.,-0.12));
#2049 = ( GEOMETRIC_REPRESENTATION_CONTEXT(2) 
PARAMETRIC_REPRESENTATION_CONTEXT() REPRESENTATION_CONTEXT('2D SPACE',''
  ) );
#2050 = ADVANCED_FACE('',(#2051),#1990,.F.);
#2051 = FACE_BOUND('',#2052,.F.);
#2052 = EDGE_LOOP('',(#2053,#2076,#2077,#2100));
#2053 = ORIENTED_EDGE('',*,*,#2054,.F.);
#2054 = EDGE_CURVE('',#1953,#2055,#2057,.T.);
#2055 = VERTEX_POINT('',#2056);
#2056 = CARTESIAN_POINT('',(-4.7,0.45,1.15));
#2057 = SURFACE_CURVE('',#2058,(#2062,#2069),.PCURVE_S1.);
#2058 = LINE('',#2059,#2060);
#2059 = CARTESIAN_POINT('',(-5.05,0.45,1.15));
#2060 = VECTOR('',#2061,1.);
#2061 = DIRECTION('',(1.,-1.110223024625E-16,0.));
#2062 = PCURVE('',#1990,#2063);
#2063 = DEFINITIONAL_REPRESENTATION('',(#2064),#2068);
#2064 = LINE('',#2065,#2066);
#2065 = CARTESIAN_POINT('',(1.2,0.));
#2066 = VECTOR('',#2067,1.);
#2067 = DIRECTION('',(0.,-1.));
#2068 = ( GEOMETRIC_REPRESENTATION_CONTEXT(2) 
PARAMETRIC_REPRESENTATION_CONTEXT() REPRESENTATION_CONTEXT('2D SPACE',''
  ) );
#2069 = PCURVE('',#1741,#2070);
#2070 = DEFINITIONAL_REPRESENTATION('',(#2071),#2075);
#2071 = LINE('',#2072,#2073);
#2072 = CARTESIAN_POINT('',(0.,0.));
#2073 = VECTOR('',#2074,1.);
#2074 = DIRECTION('',(0.,-1.));
#2075 = ( GEOMETRIC_REPRESENTATION_CONTEXT(2) 
PARAMETRIC_REPRESENTATION_CONTEXT() REPRESENTATION_CONTEXT('2D SPACE',''
  ) );
#2076 = ORIENTED_EDGE('',*,*,#1975,.T.);
#2077 = ORIENTED_EDGE('',*,*,#2078,.T.);
#2078 = EDGE_CURVE('',#1976,#2079,#2081,.T.);
#2079 = VERTEX_POINT('',#2080);
#2080 = CARTESIAN_POINT('',(-4.7,0.45,2.35));
#2081 = SURFACE_CURVE('',#2082,(#2086,#2093),.PCURVE_S1.);
#2082 = LINE('',#2083,#2084);
#2083 = CARTESIAN_POINT('',(-5.05,0.45,2.35));
#2084 = VECTOR('',#2085,1.);
#2085 = DIRECTION('',(1.,-1.110223024625E-16,0.));
#2086 = PCURVE('',#1990,#2087);
#2087 = DEFINITIONAL_REPRESENTATION('',(#2088),#2092);
#2088 = LINE('',#2089,#2090);
#2089 = CARTESIAN_POINT('',(0.,0.));
#2090 = VECTOR('',#2091,1.);
#2091 = DIRECTION('',(0.,-1.));
#2092 = ( GEOMETRIC_REPRESENTATION_CONTEXT(2) 
PARAMETRIC_REPRESENTATION_CONTEXT() REPRESENTATION_CONTEXT('2D SPACE',''
  ) );
#2093 = PCURVE('',#2016,#2094);
#2094 = DEFINITIONAL_REPRESENTATION('',(#2095),#2099);
#2095 = LINE('',#2096,#2097);
#2096 = CARTESIAN_POINT('',(0.9,9.992007221626E-17));
#2097 = VECTOR('',#2098,1.);
#2098 = DIRECTION('',(0.,-1.));
#2099 = ( GEOMETRIC_REPRESENTATION_CONTEXT(2) 
PARAMETRIC_REPRESENTATION_CONTEXT() REPRESENTATION_CONTEXT('2D SPACE',''
  ) );
#2100 = ORIENTED_EDGE('',*,*,#2101,.F.);
#2101 = EDGE_CURVE('',#2055,#2079,#2102,.T.);
#2102 = SURFACE_CURVE('',#2103,(#2107,#2113),.PCURVE_S1.);
#2103 = LINE('',#2104,#2105);
#2104 = CARTESIAN_POINT('',(-4.7,0.45,0.75));
#2105 = VECTOR('',#2106,1.);
#2106 = DIRECTION('',(0.,0.,1.));
#2107 = PCURVE('',#1990,#2108);
#2108 = DEFINITIONAL_REPRESENTATION('',(#2109),#2112);
#2109 = B_SPLINE_CURVE_WITH_KNOTS('',1,(#2110,#2111),.UNSPECIFIED.,.F.,
  .F.,(2,2),(0.4,1.6),.PIECEWISE_BEZIER_KNOTS.);
#2110 = CARTESIAN_POINT('',(1.2,-0.35));
#2111 = CARTESIAN_POINT('',(0.,-0.35));
#2112 = ( GEOMETRIC_REPRESENTATION_CONTEXT(2) 
PARAMETRIC_REPRESENTATION_CONTEXT() REPRESENTATION_CONTEXT('2D SPACE',''
  ) );
#2113 = PCURVE('',#2114,#2119);
#2114 = PLANE('',#2115);
#2115 = AXIS2_PLACEMENT_3D('',#2116,#2117,#2118);
#2116 = CARTESIAN_POINT('',(-4.7,-3.7,-0.85));
#2117 = DIRECTION('',(1.,0.,0.));
#2118 = DIRECTION('',(0.,0.,1.));
#2119 = DEFINITIONAL_REPRESENTATION('',(#2120),#2123);
#2120 = B_SPLINE_CURVE_WITH_KNOTS('',1,(#2121,#2122),.UNSPECIFIED.,.F.,
  .F.,(2,2),(0.4,1.6),.PIECEWISE_BEZIER_KNOTS.);
#2121 = CARTESIAN_POINT('',(2.,-4.15));
#2122 = CARTESIAN_POINT('',(3.2,-4.15));
#2123 = ( GEOMETRIC_REPRESENTATION_CONTEXT(2) 
PARAMETRIC_REPRESENTATION_CONTEXT() REPRESENTATION_CONTEXT('2D SPACE',''
  ) );
#2124 = ADVANCED_FACE('',(#2125,#2225),#2114,.T.);
#2125 = FACE_BOUND('',#2126,.T.);
#2126 = EDGE_LOOP('',(#2127,#2157,#2178,#2206));
#2127 = ORIENTED_EDGE('',*,*,#2128,.F.);
#2128 = EDGE_CURVE('',#2129,#2131,#2133,.T.);
#2129 = VERTEX_POINT('',#2130);
#2130 = CARTESIAN_POINT('',(-4.7,-3.7,0.15));
#2131 = VERTEX_POINT('',#2132);
#2132 = CARTESIAN_POINT('',(-4.7,-3.7,3.75));
#2133 = SURFACE_CURVE('',#2134,(#2138,#2145),.PCURVE_S1.);
#2134 = LINE('',#2135,#2136);
#2135 = CARTESIAN_POINT('',(-4.7,-3.7,-0.85));
#2136 = VECTOR('',#2137,1.);
#2137 = DIRECTION('',(0.,0.,1.));
#2138 = PCURVE('',#2114,#2139);
#2139 = DEFINITIONAL_REPRESENTATION('',(#2140),#2144);
#2140 = LINE('',#2141,#2142);
#2141 = CARTESIAN_POINT('',(0.,0.));
#2142 = VECTOR('',#2143,1.);
#2143 = DIRECTION('',(1.,0.));
#2144 = ( GEOMETRIC_REPRESENTATION_CONTEXT(2) 
PARAMETRIC_REPRESENTATION_CONTEXT() REPRESENTATION_CONTEXT('2D SPACE',''
  ) );
#2145 = PCURVE('',#2146,#2151);
#2146 = PLANE('',#2147);
#2147 = AXIS2_PLACEMENT_3D('',#2148,#2149,#2150);
#2148 = CARTESIAN_POINT('',(-4.7,-3.7,-0.85));
#2149 = DIRECTION('',(0.,1.,0.));
#2150 = DIRECTION('',(0.,0.,1.));
#2151 = DEFINITIONAL_REPRESENTATION('',(#2152),#2156);
#2152 = LINE('',#2153,#2154);
#2153 = CARTESIAN_POINT('',(0.,0.));
#2154 = VECTOR('',#2155,1.);
#2155 = DIRECTION('',(1.,0.));
#2156 = ( GEOMETRIC_REPRESENTATION_CONTEXT(2) 
PARAMETRIC_REPRESENTATION_CONTEXT() REPRESENTATION_CONTEXT('2D SPACE',''
  ) );
#2157 = ORIENTED_EDGE('',*,*,#2158,.T.);
#2158 = EDGE_CURVE('',#2129,#2159,#2161,.T.);
#2159 = VERTEX_POINT('',#2160);
#2160 = CARTESIAN_POINT('',(-4.7,3.7,0.15));
#2161 = SURFACE_CURVE('',#2162,(#2166,#2172),.PCURVE_S1.);
#2162 = LINE('',#2163,#2164);
#2163 = CARTESIAN_POINT('',(-4.7,-3.85,0.15));
#2164 = VECTOR('',#2165,1.);
#2165 = DIRECTION('',(0.,1.,0.));
#2166 = PCURVE('',#2114,#2167);
#2167 = DEFINITIONAL_REPRESENTATION('',(#2168),#2171);
#2168 = B_SPLINE_CURVE_WITH_KNOTS('',1,(#2169,#2170),.UNSPECIFIED.,.F.,
  .F.,(2,2),(0.15,7.55),.PIECEWISE_BEZIER_KNOTS.);
#2169 = CARTESIAN_POINT('',(1.,0.));
#2170 = CARTESIAN_POINT('',(1.,-7.4));
#2171 = ( GEOMETRIC_REPRESENTATION_CONTEXT(2) 
PARAMETRIC_REPRESENTATION_CONTEXT() REPRESENTATION_CONTEXT('2D SPACE',''
  ) );
#2172 = PCURVE('',#1629,#2173);
#2173 = DEFINITIONAL_REPRESENTATION('',(#2174),#2177);
#2174 = B_SPLINE_CURVE_WITH_KNOTS('',1,(#2175,#2176),.UNSPECIFIED.,.F.,
  .F.,(2,2),(0.15,7.55),.PIECEWISE_BEZIER_KNOTS.);
#2175 = CARTESIAN_POINT('',(0.3,0.3));
#2176 = CARTESIAN_POINT('',(0.3,7.7));
#2177 = ( GEOMETRIC_REPRESENTATION_CONTEXT(2) 
PARAMETRIC_REPRESENTATION_CONTEXT() REPRESENTATION_CONTEXT('2D SPACE',''
  ) );
#2178 = ORIENTED_EDGE('',*,*,#2179,.T.);
#2179 = EDGE_CURVE('',#2159,#2180,#2182,.T.);
#2180 = VERTEX_POINT('',#2181);
#2181 = CARTESIAN_POINT('',(-4.7,3.7,3.75));
#2182 = SURFACE_CURVE('',#2183,(#2187,#2194),.PCURVE_S1.);
#2183 = LINE('',#2184,#2185);
#2184 = CARTESIAN_POINT('',(-4.7,3.7,-0.85));
#2185 = VECTOR('',#2186,1.);
#2186 = DIRECTION('',(0.,0.,1.));
#2187 = PCURVE('',#2114,#2188);
#2188 = DEFINITIONAL_REPRESENTATION('',(#2189),#2193);
#2189 = LINE('',#2190,#2191);
#2190 = CARTESIAN_POINT('',(0.,-7.4));
#2191 = VECTOR('',#2192,1.);
#2192 = DIRECTION('',(1.,0.));
#2193 = ( GEOMETRIC_REPRESENTATION_CONTEXT(2) 
PARAMETRIC_REPRESENTATION_CONTEXT() REPRESENTATION_CONTEXT('2D SPACE',''
  ) );
#2194 = PCURVE('',#2195,#2200);
#2195 = PLANE('',#2196);
#2196 = AXIS2_PLACEMENT_3D('',#2197,#2198,#2199);
#2197 = CARTESIAN_POINT('',(-4.7,3.7,-0.85));
#2198 = DIRECTION('',(0.,1.,0.));
#2199 = DIRECTION('',(0.,0.,1.));
#2200 = DEFINITIONAL_REPRESENTATION('',(#2201),#2205);
#2201 = LINE('',#2202,#2203);
#2202 = CARTESIAN_POINT('',(0.,0.));
#2203 = VECTOR('',#2204,1.);
#2204 = DIRECTION('',(1.,0.));
#2205 = ( GEOMETRIC_REPRESENTATION_CONTEXT(2) 
PARAMETRIC_REPRESENTATION_CONTEXT() REPRESENTATION_CONTEXT('2D SPACE',''
  ) );
#2206 = ORIENTED_EDGE('',*,*,#2207,.F.);
#2207 = EDGE_CURVE('',#2131,#2180,#2208,.T.);
#2208 = SURFACE_CURVE('',#2209,(#2213,#2219),.PCURVE_S1.);
#2209 = LINE('',#2210,#2211);
#2210 = CARTESIAN_POINT('',(-4.7,-3.85,3.75));
#2211 = VECTOR('',#2212,1.);
#2212 = DIRECTION('',(0.,1.,0.));
#2213 = PCURVE('',#2114,#2214);
#2214 = DEFINITIONAL_REPRESENTATION('',(#2215),#2218);
#2215 = B_SPLINE_CURVE_WITH_KNOTS('',1,(#2216,#2217),.UNSPECIFIED.,.F.,
  .F.,(2,2),(0.15,7.55),.PIECEWISE_BEZIER_KNOTS.);
#2216 = CARTESIAN_POINT('',(4.6,0.));
#2217 = CARTESIAN_POINT('',(4.6,-7.4));
#2218 = ( GEOMETRIC_REPRESENTATION_CONTEXT(2) 
PARAMETRIC_REPRESENTATION_CONTEXT() REPRESENTATION_CONTEXT('2D SPACE',''
  ) );
#2219 = PCURVE('',#1683,#2220);
#2220 = DEFINITIONAL_REPRESENTATION('',(#2221),#2224);
#2221 = B_SPLINE_CURVE_WITH_KNOTS('',1,(#2222,#2223),.UNSPECIFIED.,.F.,
  .F.,(2,2),(0.15,7.55),.PIECEWISE_BEZIER_KNOTS.);
#2222 = CARTESIAN_POINT('',(0.3,0.3));
#2223 = CARTESIAN_POINT('',(0.3,7.7));
#2224 = ( GEOMETRIC_REPRESENTATION_CONTEXT(2) 
PARAMETRIC_REPRESENTATION_CONTEXT() REPRESENTATION_CONTEXT('2D SPACE',''
  ) );
#2225 = FACE_BOUND('',#2226,.T.);
#2226 = EDGE_LOOP('',(#2227,#2250,#2269,#2270));
#2227 = ORIENTED_EDGE('',*,*,#2228,.F.);
#2228 = EDGE_CURVE('',#2229,#2231,#2233,.T.);
#2229 = VERTEX_POINT('',#2230);
#2230 = CARTESIAN_POINT('',(-4.7,-0.45,2.35));
#2231 = VERTEX_POINT('',#2232);
#2232 = CARTESIAN_POINT('',(-4.7,-0.45,1.15));
#2233 = SURFACE_CURVE('',#2234,(#2238,#2244),.PCURVE_S1.);
#2234 = LINE('',#2235,#2236);
#2235 = CARTESIAN_POINT('',(-4.7,-0.45,0.15));
#2236 = VECTOR('',#2237,1.);
#2237 = DIRECTION('',(0.,-0.,-1.));
#2238 = PCURVE('',#2114,#2239);
#2239 = DEFINITIONAL_REPRESENTATION('',(#2240),#2243);
#2240 = B_SPLINE_CURVE_WITH_KNOTS('',1,(#2241,#2242),.UNSPECIFIED.,.F.,
  .F.,(2,2),(-2.2,-1.),.PIECEWISE_BEZIER_KNOTS.);
#2241 = CARTESIAN_POINT('',(3.2,-3.25));
#2242 = CARTESIAN_POINT('',(2.,-3.25));
#2243 = ( GEOMETRIC_REPRESENTATION_CONTEXT(2) 
PARAMETRIC_REPRESENTATION_CONTEXT() REPRESENTATION_CONTEXT('2D SPACE',''
  ) );
#2244 = PCURVE('',#2040,#2245);
#2245 = DEFINITIONAL_REPRESENTATION('',(#2246),#2249);
#2246 = B_SPLINE_CURVE_WITH_KNOTS('',1,(#2247,#2248),.UNSPECIFIED.,.F.,
  .F.,(2,2),(-2.2,-1.),.PIECEWISE_BEZIER_KNOTS.);
#2247 = CARTESIAN_POINT('',(1.2,-0.35));
#2248 = CARTESIAN_POINT('',(0.,-0.35));
#2249 = ( GEOMETRIC_REPRESENTATION_CONTEXT(2) 
PARAMETRIC_REPRESENTATION_CONTEXT() REPRESENTATION_CONTEXT('2D SPACE',''
  ) );
#2250 = ORIENTED_EDGE('',*,*,#2251,.F.);
#2251 = EDGE_CURVE('',#2079,#2229,#2252,.T.);
#2252 = SURFACE_CURVE('',#2253,(#2257,#2263),.PCURVE_S1.);
#2253 = LINE('',#2254,#2255);
#2254 = CARTESIAN_POINT('',(-4.7,-2.075,2.35));
#2255 = VECTOR('',#2256,1.);
#2256 = DIRECTION('',(0.,-1.,0.));
#2257 = PCURVE('',#2114,#2258);
#2258 = DEFINITIONAL_REPRESENTATION('',(#2259),#2262);
#2259 = B_SPLINE_CURVE_WITH_KNOTS('',1,(#2260,#2261),.UNSPECIFIED.,.F.,
  .F.,(2,2),(-2.525,-1.625),.PIECEWISE_BEZIER_KNOTS.);
#2260 = CARTESIAN_POINT('',(3.2,-4.15));
#2261 = CARTESIAN_POINT('',(3.2,-3.25));
#2262 = ( GEOMETRIC_REPRESENTATION_CONTEXT(2) 
PARAMETRIC_REPRESENTATION_CONTEXT() REPRESENTATION_CONTEXT('2D SPACE',''
  ) );
#2263 = PCURVE('',#2016,#2264);
#2264 = DEFINITIONAL_REPRESENTATION('',(#2265),#2268);
#2265 = B_SPLINE_CURVE_WITH_KNOTS('',1,(#2266,#2267),.UNSPECIFIED.,.F.,
  .F.,(2,2),(-2.525,-1.625),.PIECEWISE_BEZIER_KNOTS.);
#2266 = CARTESIAN_POINT('',(0.9,-0.35));
#2267 = CARTESIAN_POINT('',(0.,-0.35));
#2268 = ( GEOMETRIC_REPRESENTATION_CONTEXT(2) 
PARAMETRIC_REPRESENTATION_CONTEXT() REPRESENTATION_CONTEXT('2D SPACE',''
  ) );
#2269 = ORIENTED_EDGE('',*,*,#2101,.F.);
#2270 = ORIENTED_EDGE('',*,*,#2271,.F.);
#2271 = EDGE_CURVE('',#2231,#2055,#2272,.T.);
#2272 = SURFACE_CURVE('',#2273,(#2277,#2283),.PCURVE_S1.);
#2273 = LINE('',#2274,#2275);
#2274 = CARTESIAN_POINT('',(-4.7,-1.625,1.15));
#2275 = VECTOR('',#2276,1.);
#2276 = DIRECTION('',(0.,1.,-0.));
#2277 = PCURVE('',#2114,#2278);
#2278 = DEFINITIONAL_REPRESENTATION('',(#2279),#2282);
#2279 = B_SPLINE_CURVE_WITH_KNOTS('',1,(#2280,#2281),.UNSPECIFIED.,.F.,
  .F.,(2,2),(1.175,2.075),.PIECEWISE_BEZIER_KNOTS.);
#2280 = CARTESIAN_POINT('',(2.,-3.25));
#2281 = CARTESIAN_POINT('',(2.,-4.15));
#2282 = ( GEOMETRIC_REPRESENTATION_CONTEXT(2) 
PARAMETRIC_REPRESENTATION_CONTEXT() REPRESENTATION_CONTEXT('2D SPACE',''
  ) );
#2283 = PCURVE('',#1741,#2284);
#2284 = DEFINITIONAL_REPRESENTATION('',(#2285),#2289);
#2285 = LINE('',#2286,#2287);
#2286 = CARTESIAN_POINT('',(2.075,-0.35));
#2287 = VECTOR('',#2288,1.);
#2288 = DIRECTION('',(-1.,1.110223024625E-16));
#2289 = ( GEOMETRIC_REPRESENTATION_CONTEXT(2) 
PARAMETRIC_REPRESENTATION_CONTEXT() REPRESENTATION_CONTEXT('2D SPACE',''
  ) );
#2290 = ADVANCED_FACE('',(#2291,#2461,#2568),#2195,.F.);
#2291 = FACE_BOUND('',#2292,.F.);
#2292 = EDGE_LOOP('',(#2293,#2323,#2344,#2370,#2396,#2422,#2441,#2442));
#2293 = ORIENTED_EDGE('',*,*,#2294,.F.);
#2294 = EDGE_CURVE('',#2295,#2297,#2299,.T.);
#2295 = VERTEX_POINT('',#2296);
#2296 = CARTESIAN_POINT('',(4.7,3.7,0.15));
#2297 = VERTEX_POINT('',#2298);
#2298 = CARTESIAN_POINT('',(4.7,3.7,3.75));
#2299 = SURFACE_CURVE('',#2300,(#2304,#2311),.PCURVE_S1.);
#2300 = LINE('',#2301,#2302);
#2301 = CARTESIAN_POINT('',(4.7,3.7,-0.85));
#2302 = VECTOR('',#2303,1.);
#2303 = DIRECTION('',(0.,0.,1.));
#2304 = PCURVE('',#2195,#2305);
#2305 = DEFINITIONAL_REPRESENTATION('',(#2306),#2310);
#2306 = LINE('',#2307,#2308);
#2307 = CARTESIAN_POINT('',(0.,9.4));
#2308 = VECTOR('',#2309,1.);
#2309 = DIRECTION('',(1.,0.));
#2310 = ( GEOMETRIC_REPRESENTATION_CONTEXT(2) 
PARAMETRIC_REPRESENTATION_CONTEXT() REPRESENTATION_CONTEXT('2D SPACE',''
  ) );
#2311 = PCURVE('',#2312,#2317);
#2312 = PLANE('',#2313);
#2313 = AXIS2_PLACEMENT_3D('',#2314,#2315,#2316);
#2314 = CARTESIAN_POINT('',(4.7,-3.7,-0.85));
#2315 = DIRECTION('',(1.,0.,0.));
#2316 = DIRECTION('',(0.,0.,1.));
#2317 = DEFINITIONAL_REPRESENTATION('',(#2318),#2322);
#2318 = LINE('',#2319,#2320);
#2319 = CARTESIAN_POINT('',(0.,-7.4));
#2320 = VECTOR('',#2321,1.);
#2321 = DIRECTION('',(1.,0.));
#2322 = ( GEOMETRIC_REPRESENTATION_CONTEXT(2) 
PARAMETRIC_REPRESENTATION_CONTEXT() REPRESENTATION_CONTEXT('2D SPACE',''
  ) );
#2323 = ORIENTED_EDGE('',*,*,#2324,.T.);
#2324 = EDGE_CURVE('',#2295,#2325,#2327,.T.);
#2325 = VERTEX_POINT('',#2326);
#2326 = CARTESIAN_POINT('',(0.5,3.7,0.15));
#2327 = SURFACE_CURVE('',#2328,(#2332,#2338),.PCURVE_S1.);
#2328 = LINE('',#2329,#2330);
#2329 = CARTESIAN_POINT('',(-4.85,3.7,0.15));
#2330 = VECTOR('',#2331,1.);
#2331 = DIRECTION('',(-1.,0.,0.));
#2332 = PCURVE('',#2195,#2333);
#2333 = DEFINITIONAL_REPRESENTATION('',(#2334),#2337);
#2334 = B_SPLINE_CURVE_WITH_KNOTS('',1,(#2335,#2336),.UNSPECIFIED.,.F.,
  .F.,(2,2),(-9.55,-0.15),.PIECEWISE_BEZIER_KNOTS.);
#2335 = CARTESIAN_POINT('',(1.,9.4));
#2336 = CARTESIAN_POINT('',(1.,0.));
#2337 = ( GEOMETRIC_REPRESENTATION_CONTEXT(2) 
PARAMETRIC_REPRESENTATION_CONTEXT() REPRESENTATION_CONTEXT('2D SPACE',''
  ) );
#2338 = PCURVE('',#1629,#2339);
#2339 = DEFINITIONAL_REPRESENTATION('',(#2340),#2343);
#2340 = B_SPLINE_CURVE_WITH_KNOTS('',1,(#2341,#2342),.UNSPECIFIED.,.F.,
  .F.,(2,2),(-9.55,-0.15),.PIECEWISE_BEZIER_KNOTS.);
#2341 = CARTESIAN_POINT('',(9.7,7.7));
#2342 = CARTESIAN_POINT('',(0.3,7.7));
#2343 = ( GEOMETRIC_REPRESENTATION_CONTEXT(2) 
PARAMETRIC_REPRESENTATION_CONTEXT() REPRESENTATION_CONTEXT('2D SPACE',''
  ) );
#2344 = ORIENTED_EDGE('',*,*,#2345,.F.);
#2345 = EDGE_CURVE('',#2346,#2325,#2348,.T.);
#2346 = VERTEX_POINT('',#2347);
#2347 = CARTESIAN_POINT('',(0.5,3.7,2.5));
#2348 = SURFACE_CURVE('',#2349,(#2353,#2359),.PCURVE_S1.);
#2349 = LINE('',#2350,#2351);
#2350 = CARTESIAN_POINT('',(0.5,3.7,0.825));
#2351 = VECTOR('',#2352,1.);
#2352 = DIRECTION('',(0.,0.,-1.));
#2353 = PCURVE('',#2195,#2354);
#2354 = DEFINITIONAL_REPRESENTATION('',(#2355),#2358);
#2355 = B_SPLINE_CURVE_WITH_KNOTS('',1,(#2356,#2357),.UNSPECIFIED.,.F.,
  .F.,(2,2),(-1.675,0.675),.PIECEWISE_BEZIER_KNOTS.);
#2356 = CARTESIAN_POINT('',(3.35,5.2));
#2357 = CARTESIAN_POINT('',(1.,5.2));
#2358 = ( GEOMETRIC_REPRESENTATION_CONTEXT(2) 
PARAMETRIC_REPRESENTATION_CONTEXT() REPRESENTATION_CONTEXT('2D SPACE',''
  ) );
#2359 = PCURVE('',#2360,#2365);
#2360 = PLANE('',#2361);
#2361 = AXIS2_PLACEMENT_3D('',#2362,#2363,#2364);
#2362 = CARTESIAN_POINT('',(0.5,4.05,2.5));
#2363 = DIRECTION('',(1.,0.,0.));
#2364 = DIRECTION('',(0.,0.,-1.));
#2365 = DEFINITIONAL_REPRESENTATION('',(#2366),#2369);
#2366 = B_SPLINE_CURVE_WITH_KNOTS('',1,(#2367,#2368),.UNSPECIFIED.,.F.,
  .F.,(2,2),(-1.675,0.675),.PIECEWISE_BEZIER_KNOTS.);
#2367 = CARTESIAN_POINT('',(0.,-0.35));
#2368 = CARTESIAN_POINT('',(2.35,-0.35));
#2369 = ( GEOMETRIC_REPRESENTATION_CONTEXT(2) 
PARAMETRIC_REPRESENTATION_CONTEXT() REPRESENTATION_CONTEXT('2D SPACE',''
  ) );
#2370 = ORIENTED_EDGE('',*,*,#2371,.F.);
#2371 = EDGE_CURVE('',#2372,#2346,#2374,.T.);
#2372 = VERTEX_POINT('',#2373);
#2373 = CARTESIAN_POINT('',(-0.5,3.7,2.5));
#2374 = SURFACE_CURVE('',#2375,(#2379,#2385),.PCURVE_S1.);
#2375 = LINE('',#2376,#2377);
#2376 = CARTESIAN_POINT('',(-2.6,3.7,2.5));
#2377 = VECTOR('',#2378,1.);
#2378 = DIRECTION('',(1.,0.,0.));
#2379 = PCURVE('',#2195,#2380);
#2380 = DEFINITIONAL_REPRESENTATION('',(#2381),#2384);
#2381 = B_SPLINE_CURVE_WITH_KNOTS('',1,(#2382,#2383),.UNSPECIFIED.,.F.,
  .F.,(2,2),(2.1,3.1),.PIECEWISE_BEZIER_KNOTS.);
#2382 = CARTESIAN_POINT('',(3.35,4.2));
#2383 = CARTESIAN_POINT('',(3.35,5.2));
#2384 = ( GEOMETRIC_REPRESENTATION_CONTEXT(2) 
PARAMETRIC_REPRESENTATION_CONTEXT() REPRESENTATION_CONTEXT('2D SPACE',''
  ) );
#2385 = PCURVE('',#2386,#2391);
#2386 = PLANE('',#2387);
#2387 = AXIS2_PLACEMENT_3D('',#2388,#2389,#2390);
#2388 = CARTESIAN_POINT('',(-0.5,4.05,2.5));
#2389 = DIRECTION('',(0.,0.,1.));
#2390 = DIRECTION('',(1.,0.,0.));
#2391 = DEFINITIONAL_REPRESENTATION('',(#2392),#2395);
#2392 = B_SPLINE_CURVE_WITH_KNOTS('',1,(#2393,#2394),.UNSPECIFIED.,.F.,
  .F.,(2,2),(2.1,3.1),.PIECEWISE_BEZIER_KNOTS.);
#2393 = CARTESIAN_POINT('',(0.,-0.35));
#2394 = CARTESIAN_POINT('',(1.,-0.35));
#2395 = ( GEOMETRIC_REPRESENTATION_CONTEXT(2) 
PARAMETRIC_REPRESENTATION_CONTEXT() REPRESENTATION_CONTEXT('2D SPACE',''
  ) );
#2396 = ORIENTED_EDGE('',*,*,#2397,.F.);
#2397 = EDGE_CURVE('',#2398,#2372,#2400,.T.);
#2398 = VERTEX_POINT('',#2399);
#2399 = CARTESIAN_POINT('',(-0.5,3.7,0.15));
#2400 = SURFACE_CURVE('',#2401,(#2405,#2411),.PCURVE_S1.);
#2401 = LINE('',#2402,#2403);
#2402 = CARTESIAN_POINT('',(-0.5,3.7,-0.35));
#2403 = VECTOR('',#2404,1.);
#2404 = DIRECTION('',(0.,-0.,1.));
#2405 = PCURVE('',#2195,#2406);
#2406 = DEFINITIONAL_REPRESENTATION('',(#2407),#2410);
#2407 = B_SPLINE_CURVE_WITH_KNOTS('',1,(#2408,#2409),.UNSPECIFIED.,.F.,
  .F.,(2,2),(0.5,2.85),.PIECEWISE_BEZIER_KNOTS.);
#2408 = CARTESIAN_POINT('',(1.,4.2));
#2409 = CARTESIAN_POINT('',(3.35,4.2));
#2410 = ( GEOMETRIC_REPRESENTATION_CONTEXT(2) 
PARAMETRIC_REPRESENTATION_CONTEXT() REPRESENTATION_CONTEXT('2D SPACE',''
  ) );
#2411 = PCURVE('',#2412,#2417);
#2412 = PLANE('',#2413);
#2413 = AXIS2_PLACEMENT_3D('',#2414,#2415,#2416);
#2414 = CARTESIAN_POINT('',(-0.5,4.05,0.15));
#2415 = DIRECTION('',(-1.,0.,0.));
#2416 = DIRECTION('',(0.,0.,1.));
#2417 = DEFINITIONAL_REPRESENTATION('',(#2418),#2421);
#2418 = B_SPLINE_CURVE_WITH_KNOTS('',1,(#2419,#2420),.UNSPECIFIED.,.F.,
  .F.,(2,2),(0.5,2.85),.PIECEWISE_BEZIER_KNOTS.);
#2419 = CARTESIAN_POINT('',(0.,-0.35));
#2420 = CARTESIAN_POINT('',(2.35,-0.35));
#2421 = ( GEOMETRIC_REPRESENTATION_CONTEXT(2) 
PARAMETRIC_REPRESENTATION_CONTEXT() REPRESENTATION_CONTEXT('2D SPACE',''
  ) );
#2422 = ORIENTED_EDGE('',*,*,#2423,.T.);
#2423 = EDGE_CURVE('',#2398,#2159,#2424,.T.);
#2424 = SURFACE_CURVE('',#2425,(#2429,#2435),.PCURVE_S1.);
#2425 = LINE('',#2426,#2427);
#2426 = CARTESIAN_POINT('',(-4.85,3.7,0.15));
#2427 = VECTOR('',#2428,1.);
#2428 = DIRECTION('',(-1.,0.,0.));
#2429 = PCURVE('',#2195,#2430);
#2430 = DEFINITIONAL_REPRESENTATION('',(#2431),#2434);
#2431 = B_SPLINE_CURVE_WITH_KNOTS('',1,(#2432,#2433),.UNSPECIFIED.,.F.,
  .F.,(2,2),(-9.55,-0.15),.PIECEWISE_BEZIER_KNOTS.);
#2432 = CARTESIAN_POINT('',(1.,9.4));
#2433 = CARTESIAN_POINT('',(1.,0.));
#2434 = ( GEOMETRIC_REPRESENTATION_CONTEXT(2) 
PARAMETRIC_REPRESENTATION_CONTEXT() REPRESENTATION_CONTEXT('2D SPACE',''
  ) );
#2435 = PCURVE('',#1629,#2436);
#2436 = DEFINITIONAL_REPRESENTATION('',(#2437),#2440);
#2437 = B_SPLINE_CURVE_WITH_KNOTS('',1,(#2438,#2439),.UNSPECIFIED.,.F.,
  .F.,(2,2),(-9.55,-0.15),.PIECEWISE_BEZIER_KNOTS.);
#2438 = CARTESIAN_POINT('',(9.7,7.7));
#2439 = CARTESIAN_POINT('',(0.3,7.7));
#2440 = ( GEOMETRIC_REPRESENTATION_CONTEXT(2) 
PARAMETRIC_REPRESENTATION_CONTEXT() REPRESENTATION_CONTEXT('2D SPACE',''
  ) );
#2441 = ORIENTED_EDGE('',*,*,#2179,.T.);
#2442 = ORIENTED_EDGE('',*,*,#2443,.F.);
#2443 = EDGE_CURVE('',#2297,#2180,#2444,.T.);
#2444 = SURFACE_CURVE('',#2445,(#2449,#2455),.PCURVE_S1.);
#2445 = LINE('',#2446,#2447);
#2446 = CARTESIAN_POINT('',(-4.85,3.7,3.75));
#2447 = VECTOR('',#2448,1.);
#2448 = DIRECTION('',(-1.,0.,0.));
#2449 = PCURVE('',#2195,#2450);
#2450 = DEFINITIONAL_REPRESENTATION('',(#2451),#2454);
#2451 = B_SPLINE_CURVE_WITH_KNOTS('',1,(#2452,#2453),.UNSPECIFIED.,.F.,
  .F.,(2,2),(-9.55,-0.15),.PIECEWISE_BEZIER_KNOTS.);
#2452 = CARTESIAN_POINT('',(4.6,9.4));
#2453 = CARTESIAN_POINT('',(4.6,0.));
#2454 = ( GEOMETRIC_REPRESENTATION_CONTEXT(2) 
PARAMETRIC_REPRESENTATION_CONTEXT() REPRESENTATION_CONTEXT('2D SPACE',''
  ) );
#2455 = PCURVE('',#1683,#2456);
#2456 = DEFINITIONAL_REPRESENTATION('',(#2457),#2460);
#2457 = B_SPLINE_CURVE_WITH_KNOTS('',1,(#2458,#2459),.UNSPECIFIED.,.F.,
  .F.,(2,2),(-9.55,-0.15),.PIECEWISE_BEZIER_KNOTS.);
#2458 = CARTESIAN_POINT('',(9.7,7.7));
#2459 = CARTESIAN_POINT('',(0.3,7.7));
#2460 = ( GEOMETRIC_REPRESENTATION_CONTEXT(2) 
PARAMETRIC_REPRESENTATION_CONTEXT() REPRESENTATION_CONTEXT('2D SPACE',''
  ) );
#2461 = FACE_BOUND('',#2462,.F.);
#2462 = EDGE_LOOP('',(#2463,#2491,#2518,#2544));
#2463 = ORIENTED_EDGE('',*,*,#2464,.F.);
#2464 = EDGE_CURVE('',#2465,#2467,#2469,.T.);
#2465 = VERTEX_POINT('',#2466);
#2466 = CARTESIAN_POINT('',(-3.45,3.7,1.15));
#2467 = VERTEX_POINT('',#2468);
#2468 = CARTESIAN_POINT('',(-3.45,3.7,2.35));
#2469 = SURFACE_CURVE('',#2470,(#2474,#2480),.PCURVE_S1.);
#2470 = LINE('',#2471,#2472);
#2471 = CARTESIAN_POINT('',(-3.45,3.7,0.15));
#2472 = VECTOR('',#2473,1.);
#2473 = DIRECTION('',(0.,-0.,1.));
#2474 = PCURVE('',#2195,#2475);
#2475 = DEFINITIONAL_REPRESENTATION('',(#2476),#2479);
#2476 = B_SPLINE_CURVE_WITH_KNOTS('',1,(#2477,#2478),.UNSPECIFIED.,.F.,
  .F.,(2,2),(1.,2.2),.PIECEWISE_BEZIER_KNOTS.);
#2477 = CARTESIAN_POINT('',(2.,1.25));
#2478 = CARTESIAN_POINT('',(3.2,1.25));
#2479 = ( GEOMETRIC_REPRESENTATION_CONTEXT(2) 
PARAMETRIC_REPRESENTATION_CONTEXT() REPRESENTATION_CONTEXT('2D SPACE',''
  ) );
#2480 = PCURVE('',#2481,#2486);
#2481 = PLANE('',#2482);
#2482 = AXIS2_PLACEMENT_3D('',#2483,#2484,#2485);
#2483 = CARTESIAN_POINT('',(-3.45,4.05,1.15));
#2484 = DIRECTION('',(-1.,0.,0.));
#2485 = DIRECTION('',(0.,0.,1.));
#2486 = DEFINITIONAL_REPRESENTATION('',(#2487),#2490);
#2487 = B_SPLINE_CURVE_WITH_KNOTS('',1,(#2488,#2489),.UNSPECIFIED.,.F.,
  .F.,(2,2),(1.,2.2),.PIECEWISE_BEZIER_KNOTS.);
#2488 = CARTESIAN_POINT('',(0.,-0.35));
#2489 = CARTESIAN_POINT('',(1.2,-0.35));
#2490 = ( GEOMETRIC_REPRESENTATION_CONTEXT(2) 
PARAMETRIC_REPRESENTATION_CONTEXT() REPRESENTATION_CONTEXT('2D SPACE',''
  ) );
#2491 = ORIENTED_EDGE('',*,*,#2492,.F.);
#2492 = EDGE_CURVE('',#2493,#2465,#2495,.T.);
#2493 = VERTEX_POINT('',#2494);
#2494 = CARTESIAN_POINT('',(-2.55,3.7,1.15));
#2495 = SURFACE_CURVE('',#2496,(#2500,#2506),.PCURVE_S1.);
#2496 = LINE('',#2497,#2498);
#2497 = CARTESIAN_POINT('',(-3.625,3.7,1.15));
#2498 = VECTOR('',#2499,1.);
#2499 = DIRECTION('',(-1.,0.,0.));
#2500 = PCURVE('',#2195,#2501);
#2501 = DEFINITIONAL_REPRESENTATION('',(#2502),#2505);
#2502 = B_SPLINE_CURVE_WITH_KNOTS('',1,(#2503,#2504),.UNSPECIFIED.,.F.,
  .F.,(2,2),(-1.075,-0.175),.PIECEWISE_BEZIER_KNOTS.);
#2503 = CARTESIAN_POINT('',(2.,2.15));
#2504 = CARTESIAN_POINT('',(2.,1.25));
#2505 = ( GEOMETRIC_REPRESENTATION_CONTEXT(2) 
PARAMETRIC_REPRESENTATION_CONTEXT() REPRESENTATION_CONTEXT('2D SPACE',''
  ) );
#2506 = PCURVE('',#2507,#2512);
#2507 = PLANE('',#2508);
#2508 = AXIS2_PLACEMENT_3D('',#2509,#2510,#2511);
#2509 = CARTESIAN_POINT('',(-2.45,4.05,1.15));
#2510 = DIRECTION('',(-0.,-0.,-1.));
#2511 = DIRECTION('',(-1.,0.,0.));
#2512 = DEFINITIONAL_REPRESENTATION('',(#2513),#2517);
#2513 = LINE('',#2514,#2515);
#2514 = CARTESIAN_POINT('',(1.175,-0.35));
#2515 = VECTOR('',#2516,1.);
#2516 = DIRECTION('',(1.,0.));
#2517 = ( GEOMETRIC_REPRESENTATION_CONTEXT(2) 
PARAMETRIC_REPRESENTATION_CONTEXT() REPRESENTATION_CONTEXT('2D SPACE',''
  ) );
#2518 = ORIENTED_EDGE('',*,*,#2519,.F.);
#2519 = EDGE_CURVE('',#2520,#2493,#2522,.T.);
#2520 = VERTEX_POINT('',#2521);
#2521 = CARTESIAN_POINT('',(-2.55,3.7,2.35));
#2522 = SURFACE_CURVE('',#2523,(#2527,#2533),.PCURVE_S1.);
#2523 = LINE('',#2524,#2525);
#2524 = CARTESIAN_POINT('',(-2.55,3.7,0.75));
#2525 = VECTOR('',#2526,1.);
#2526 = DIRECTION('',(0.,0.,-1.));
#2527 = PCURVE('',#2195,#2528);
#2528 = DEFINITIONAL_REPRESENTATION('',(#2529),#2532);
#2529 = B_SPLINE_CURVE_WITH_KNOTS('',1,(#2530,#2531),.UNSPECIFIED.,.F.,
  .F.,(2,2),(-1.6,-0.4),.PIECEWISE_BEZIER_KNOTS.);
#2530 = CARTESIAN_POINT('',(3.2,2.15));
#2531 = CARTESIAN_POINT('',(2.,2.15));
#2532 = ( GEOMETRIC_REPRESENTATION_CONTEXT(2) 
PARAMETRIC_REPRESENTATION_CONTEXT() REPRESENTATION_CONTEXT('2D SPACE',''
  ) );
#2533 = PCURVE('',#2534,#2539);
#2534 = PLANE('',#2535);
#2535 = AXIS2_PLACEMENT_3D('',#2536,#2537,#2538);
#2536 = CARTESIAN_POINT('',(-2.55,4.05,2.35));
#2537 = DIRECTION('',(1.,0.,0.));
#2538 = DIRECTION('',(0.,0.,-1.));
#2539 = DEFINITIONAL_REPRESENTATION('',(#2540),#2543);
#2540 = B_SPLINE_CURVE_WITH_KNOTS('',1,(#2541,#2542),.UNSPECIFIED.,.F.,
  .F.,(2,2),(-1.6,-0.4),.PIECEWISE_BEZIER_KNOTS.);
#2541 = CARTESIAN_POINT('',(0.,-0.35));
#2542 = CARTESIAN_POINT('',(1.2,-0.35));
#2543 = ( GEOMETRIC_REPRESENTATION_CONTEXT(2) 
PARAMETRIC_REPRESENTATION_CONTEXT() REPRESENTATION_CONTEXT('2D SPACE',''
  ) );
#2544 = ORIENTED_EDGE('',*,*,#2545,.F.);
#2545 = EDGE_CURVE('',#2467,#2520,#2546,.T.);
#2546 = SURFACE_CURVE('',#2547,(#2551,#2557),.PCURVE_S1.);
#2547 = LINE('',#2548,#2549);
#2548 = CARTESIAN_POINT('',(-4.075,3.7,2.35));
#2549 = VECTOR('',#2550,1.);
#2550 = DIRECTION('',(1.,0.,0.));
#2551 = PCURVE('',#2195,#2552);
#2552 = DEFINITIONAL_REPRESENTATION('',(#2553),#2556);
#2553 = B_SPLINE_CURVE_WITH_KNOTS('',1,(#2554,#2555),.UNSPECIFIED.,.F.,
  .F.,(2,2),(0.625,1.525),.PIECEWISE_BEZIER_KNOTS.);
#2554 = CARTESIAN_POINT('',(3.2,1.25));
#2555 = CARTESIAN_POINT('',(3.2,2.15));
#2556 = ( GEOMETRIC_REPRESENTATION_CONTEXT(2) 
PARAMETRIC_REPRESENTATION_CONTEXT() REPRESENTATION_CONTEXT('2D SPACE',''
  ) );
#2557 = PCURVE('',#2558,#2563);
#2558 = PLANE('',#2559);
#2559 = AXIS2_PLACEMENT_3D('',#2560,#2561,#2562);
#2560 = CARTESIAN_POINT('',(-3.45,4.05,2.35));
#2561 = DIRECTION('',(0.,0.,1.));
#2562 = DIRECTION('',(1.,0.,0.));
#2563 = DEFINITIONAL_REPRESENTATION('',(#2564),#2567);
#2564 = B_SPLINE_CURVE_WITH_KNOTS('',1,(#2565,#2566),.UNSPECIFIED.,.F.,
  .F.,(2,2),(0.625,1.525),.PIECEWISE_BEZIER_KNOTS.);
#2565 = CARTESIAN_POINT('',(0.,-0.35));
#2566 = CARTESIAN_POINT('',(0.9,-0.35));
#2567 = ( GEOMETRIC_REPRESENTATION_CONTEXT(2) 
PARAMETRIC_REPRESENTATION_CONTEXT() REPRESENTATION_CONTEXT('2D SPACE',''
  ) );
#2568 = FACE_BOUND('',#2569,.F.);
#2569 = EDGE_LOOP('',(#2570,#2598,#2625,#2651));
#2570 = ORIENTED_EDGE('',*,*,#2571,.F.);
#2571 = EDGE_CURVE('',#2572,#2574,#2576,.T.);
#2572 = VERTEX_POINT('',#2573);
#2573 = CARTESIAN_POINT('',(2.55,3.7,1.15));
#2574 = VERTEX_POINT('',#2575);
#2575 = CARTESIAN_POINT('',(2.55,3.7,2.35));
#2576 = SURFACE_CURVE('',#2577,(#2581,#2587),.PCURVE_S1.);
#2577 = LINE('',#2578,#2579);
#2578 = CARTESIAN_POINT('',(2.55,3.7,0.15));
#2579 = VECTOR('',#2580,1.);
#2580 = DIRECTION('',(0.,-0.,1.));
#2581 = PCURVE('',#2195,#2582);
#2582 = DEFINITIONAL_REPRESENTATION('',(#2583),#2586);
#2583 = B_SPLINE_CURVE_WITH_KNOTS('',1,(#2584,#2585),.UNSPECIFIED.,.F.,
  .F.,(2,2),(1.,2.2),.PIECEWISE_BEZIER_KNOTS.);
#2584 = CARTESIAN_POINT('',(2.,7.25));
#2585 = CARTESIAN_POINT('',(3.2,7.25));
#2586 = ( GEOMETRIC_REPRESENTATION_CONTEXT(2) 
PARAMETRIC_REPRESENTATION_CONTEXT() REPRESENTATION_CONTEXT('2D SPACE',''
  ) );
#2587 = PCURVE('',#2588,#2593);
#2588 = PLANE('',#2589);
#2589 = AXIS2_PLACEMENT_3D('',#2590,#2591,#2592);
#2590 = CARTESIAN_POINT('',(2.55,4.05,1.15));
#2591 = DIRECTION('',(-1.,0.,0.));
#2592 = DIRECTION('',(0.,0.,1.));
#2593 = DEFINITIONAL_REPRESENTATION('',(#2594),#2597);
#2594 = B_SPLINE_CURVE_WITH_KNOTS('',1,(#2595,#2596),.UNSPECIFIED.,.F.,
  .F.,(2,2),(1.,2.2),.PIECEWISE_BEZIER_KNOTS.);
#2595 = CARTESIAN_POINT('',(0.,-0.35));
#2596 = CARTESIAN_POINT('',(1.2,-0.35));
#2597 = ( GEOMETRIC_REPRESENTATION_CONTEXT(2) 
PARAMETRIC_REPRESENTATION_CONTEXT() REPRESENTATION_CONTEXT('2D SPACE',''
  ) );
#2598 = ORIENTED_EDGE('',*,*,#2599,.F.);
#2599 = EDGE_CURVE('',#2600,#2572,#2602,.T.);
#2600 = VERTEX_POINT('',#2601);
#2601 = CARTESIAN_POINT('',(3.45,3.7,1.15));
#2602 = SURFACE_CURVE('',#2603,(#2607,#2613),.PCURVE_S1.);
#2603 = LINE('',#2604,#2605);
#2604 = CARTESIAN_POINT('',(-0.625,3.7,1.15));
#2605 = VECTOR('',#2606,1.);
#2606 = DIRECTION('',(-1.,0.,0.));
#2607 = PCURVE('',#2195,#2608);
#2608 = DEFINITIONAL_REPRESENTATION('',(#2609),#2612);
#2609 = B_SPLINE_CURVE_WITH_KNOTS('',1,(#2610,#2611),.UNSPECIFIED.,.F.,
  .F.,(2,2),(-4.075,-3.175),.PIECEWISE_BEZIER_KNOTS.);
#2610 = CARTESIAN_POINT('',(2.,8.15));
#2611 = CARTESIAN_POINT('',(2.,7.25));
#2612 = ( GEOMETRIC_REPRESENTATION_CONTEXT(2) 
PARAMETRIC_REPRESENTATION_CONTEXT() REPRESENTATION_CONTEXT('2D SPACE',''
  ) );
#2613 = PCURVE('',#2614,#2619);
#2614 = PLANE('',#2615);
#2615 = AXIS2_PLACEMENT_3D('',#2616,#2617,#2618);
#2616 = CARTESIAN_POINT('',(3.55,4.05,1.15));
#2617 = DIRECTION('',(-0.,-0.,-1.));
#2618 = DIRECTION('',(-1.,0.,0.));
#2619 = DEFINITIONAL_REPRESENTATION('',(#2620),#2624);
#2620 = LINE('',#2621,#2622);
#2621 = CARTESIAN_POINT('',(4.175,-0.35));
#2622 = VECTOR('',#2623,1.);
#2623 = DIRECTION('',(1.,0.));
#2624 = ( GEOMETRIC_REPRESENTATION_CONTEXT(2) 
PARAMETRIC_REPRESENTATION_CONTEXT() REPRESENTATION_CONTEXT('2D SPACE',''
  ) );
#2625 = ORIENTED_EDGE('',*,*,#2626,.F.);
#2626 = EDGE_CURVE('',#2627,#2600,#2629,.T.);
#2627 = VERTEX_POINT('',#2628);
#2628 = CARTESIAN_POINT('',(3.45,3.7,2.35));
#2629 = SURFACE_CURVE('',#2630,(#2634,#2640),.PCURVE_S1.);
#2630 = LINE('',#2631,#2632);
#2631 = CARTESIAN_POINT('',(3.45,3.7,0.75));
#2632 = VECTOR('',#2633,1.);
#2633 = DIRECTION('',(0.,0.,-1.));
#2634 = PCURVE('',#2195,#2635);
#2635 = DEFINITIONAL_REPRESENTATION('',(#2636),#2639);
#2636 = B_SPLINE_CURVE_WITH_KNOTS('',1,(#2637,#2638),.UNSPECIFIED.,.F.,
  .F.,(2,2),(-1.6,-0.4),.PIECEWISE_BEZIER_KNOTS.);
#2637 = CARTESIAN_POINT('',(3.2,8.15));
#2638 = CARTESIAN_POINT('',(2.,8.15));
#2639 = ( GEOMETRIC_REPRESENTATION_CONTEXT(2) 
PARAMETRIC_REPRESENTATION_CONTEXT() REPRESENTATION_CONTEXT('2D SPACE',''
  ) );
#2640 = PCURVE('',#2641,#2646);
#2641 = PLANE('',#2642);
#2642 = AXIS2_PLACEMENT_3D('',#2643,#2644,#2645);
#2643 = CARTESIAN_POINT('',(3.45,4.05,2.35));
#2644 = DIRECTION('',(1.,0.,0.));
#2645 = DIRECTION('',(0.,0.,-1.));
#2646 = DEFINITIONAL_REPRESENTATION('',(#2647),#2650);
#2647 = B_SPLINE_CURVE_WITH_KNOTS('',1,(#2648,#2649),.UNSPECIFIED.,.F.,
  .F.,(2,2),(-1.6,-0.4),.PIECEWISE_BEZIER_KNOTS.);
#2648 = CARTESIAN_POINT('',(0.,-0.35));
#2649 = CARTESIAN_POINT('',(1.2,-0.35));
#2650 = ( GEOMETRIC_REPRESENTATION_CONTEXT(2) 
PARAMETRIC_REPRESENTATION_CONTEXT() REPRESENTATION_CONTEXT('2D SPACE',''
  ) );
#2651 = ORIENTED_EDGE('',*,*,#2652,.F.);
#2652 = EDGE_CURVE('',#2574,#2627,#2653,.T.);
#2653 = SURFACE_CURVE('',#2654,(#2658,#2664),.PCURVE_S1.);
#2654 = LINE('',#2655,#2656);
#2655 = CARTESIAN_POINT('',(-1.075,3.7,2.35));
#2656 = VECTOR('',#2657,1.);
#2657 = DIRECTION('',(1.,0.,0.));
#2658 = PCURVE('',#2195,#2659);
#2659 = DEFINITIONAL_REPRESENTATION('',(#2660),#2663);
#2660 = B_SPLINE_CURVE_WITH_KNOTS('',1,(#2661,#2662),.UNSPECIFIED.,.F.,
  .F.,(2,2),(3.625,4.525),.PIECEWISE_BEZIER_KNOTS.);
#2661 = CARTESIAN_POINT('',(3.2,7.25));
#2662 = CARTESIAN_POINT('',(3.2,8.15));
#2663 = ( GEOMETRIC_REPRESENTATION_CONTEXT(2) 
PARAMETRIC_REPRESENTATION_CONTEXT() REPRESENTATION_CONTEXT('2D SPACE',''
  ) );
#2664 = PCURVE('',#2665,#2670);
#2665 = PLANE('',#2666);
#2666 = AXIS2_PLACEMENT_3D('',#2667,#2668,#2669);
#2667 = CARTESIAN_POINT('',(2.55,4.05,2.35));
#2668 = DIRECTION('',(0.,0.,1.));
#2669 = DIRECTION('',(1.,0.,0.));
#2670 = DEFINITIONAL_REPRESENTATION('',(#2671),#2674);
#2671 = B_SPLINE_CURVE_WITH_KNOTS('',1,(#2672,#2673),.UNSPECIFIED.,.F.,
  .F.,(2,2),(3.625,4.525),.PIECEWISE_BEZIER_KNOTS.);
#2672 = CARTESIAN_POINT('',(0.,-0.35));
#2673 = CARTESIAN_POINT('',(0.9,-0.35));
#2674 = ( GEOMETRIC_REPRESENTATION_CONTEXT(2) 
PARAMETRIC_REPRESENTATION_CONTEXT() REPRESENTATION_CONTEXT('2D SPACE',''
  ) );
#2675 = ADVANCED_FACE('',(#2676),#2614,.F.);
#2676 = FACE_BOUND('',#2677,.F.);
#2677 = EDGE_LOOP('',(#2678,#2708,#2731,#2759,#2787,#2808,#2809,#2832));
#2678 = ORIENTED_EDGE('',*,*,#2679,.F.);
#2679 = EDGE_CURVE('',#2680,#2682,#2684,.T.);
#2680 = VERTEX_POINT('',#2681);
#2681 = CARTESIAN_POINT('',(2.45,4.,1.15));
#2682 = VERTEX_POINT('',#2683);
#2683 = CARTESIAN_POINT('',(2.45,3.93,1.15));
#2684 = SURFACE_CURVE('',#2685,(#2689,#2696),.PCURVE_S1.);
#2685 = LINE('',#2686,#2687);
#2686 = CARTESIAN_POINT('',(2.45,4.05,1.15));
#2687 = VECTOR('',#2688,1.);
#2688 = DIRECTION('',(0.,-1.,0.));
#2689 = PCURVE('',#2614,#2690);
#2690 = DEFINITIONAL_REPRESENTATION('',(#2691),#2695);
#2691 = LINE('',#2692,#2693);
#2692 = CARTESIAN_POINT('',(1.1,0.));
#2693 = VECTOR('',#2694,1.);
#2694 = DIRECTION('',(0.,-1.));
#2695 = ( GEOMETRIC_REPRESENTATION_CONTEXT(2) 
PARAMETRIC_REPRESENTATION_CONTEXT() REPRESENTATION_CONTEXT('2D SPACE',''
  ) );
#2696 = PCURVE('',#2697,#2702);
#2697 = PLANE('',#2698);
#2698 = AXIS2_PLACEMENT_3D('',#2699,#2700,#2701);
#2699 = CARTESIAN_POINT('',(2.45,4.05,1.15));
#2700 = DIRECTION('',(-1.,0.,0.));
#2701 = DIRECTION('',(0.,0.,1.));
#2702 = DEFINITIONAL_REPRESENTATION('',(#2703),#2707);
#2703 = LINE('',#2704,#2705);
#2704 = CARTESIAN_POINT('',(0.,0.));
#2705 = VECTOR('',#2706,1.);
#2706 = DIRECTION('',(0.,-1.));
#2707 = ( GEOMETRIC_REPRESENTATION_CONTEXT(2) 
PARAMETRIC_REPRESENTATION_CONTEXT() REPRESENTATION_CONTEXT('2D SPACE',''
  ) );
#2708 = ORIENTED_EDGE('',*,*,#2709,.T.);
#2709 = EDGE_CURVE('',#2680,#2710,#2712,.T.);
#2710 = VERTEX_POINT('',#2711);
#2711 = CARTESIAN_POINT('',(3.55,4.,1.15));
#2712 = SURFACE_CURVE('',#2713,(#2717,#2724),.PCURVE_S1.);
#2713 = LINE('',#2714,#2715);
#2714 = CARTESIAN_POINT('',(2.45,4.,1.15));
#2715 = VECTOR('',#2716,1.);
#2716 = DIRECTION('',(1.,0.,0.));
#2717 = PCURVE('',#2614,#2718);
#2718 = DEFINITIONAL_REPRESENTATION('',(#2719),#2723);
#2719 = LINE('',#2720,#2721);
#2720 = CARTESIAN_POINT('',(1.1,-5.E-02));
#2721 = VECTOR('',#2722,1.);
#2722 = DIRECTION('',(-1.,0.));
#2723 = ( GEOMETRIC_REPRESENTATION_CONTEXT(2) 
PARAMETRIC_REPRESENTATION_CONTEXT() REPRESENTATION_CONTEXT('2D SPACE',''
  ) );
#2724 = PCURVE('',#1657,#2725);
#2725 = DEFINITIONAL_REPRESENTATION('',(#2726),#2730);
#2726 = LINE('',#2727,#2728);
#2727 = CARTESIAN_POINT('',(1.,7.45));
#2728 = VECTOR('',#2729,1.);
#2729 = DIRECTION('',(0.,1.));
#2730 = ( GEOMETRIC_REPRESENTATION_CONTEXT(2) 
PARAMETRIC_REPRESENTATION_CONTEXT() REPRESENTATION_CONTEXT('2D SPACE',''
  ) );
#2731 = ORIENTED_EDGE('',*,*,#2732,.T.);
#2732 = EDGE_CURVE('',#2710,#2733,#2735,.T.);
#2733 = VERTEX_POINT('',#2734);
#2734 = CARTESIAN_POINT('',(3.55,3.93,1.15));
#2735 = SURFACE_CURVE('',#2736,(#2740,#2747),.PCURVE_S1.);
#2736 = LINE('',#2737,#2738);
#2737 = CARTESIAN_POINT('',(3.55,4.05,1.15));
#2738 = VECTOR('',#2739,1.);
#2739 = DIRECTION('',(0.,-1.,0.));
#2740 = PCURVE('',#2614,#2741);
#2741 = DEFINITIONAL_REPRESENTATION('',(#2742),#2746);
#2742 = LINE('',#2743,#2744);
#2743 = CARTESIAN_POINT('',(0.,0.));
#2744 = VECTOR('',#2745,1.);
#2745 = DIRECTION('',(0.,-1.));
#2746 = ( GEOMETRIC_REPRESENTATION_CONTEXT(2) 
PARAMETRIC_REPRESENTATION_CONTEXT() REPRESENTATION_CONTEXT('2D SPACE',''
  ) );
#2747 = PCURVE('',#2748,#2753);
#2748 = PLANE('',#2749);
#2749 = AXIS2_PLACEMENT_3D('',#2750,#2751,#2752);
#2750 = CARTESIAN_POINT('',(3.55,4.05,2.45));
#2751 = DIRECTION('',(1.,0.,0.));
#2752 = DIRECTION('',(0.,0.,-1.));
#2753 = DEFINITIONAL_REPRESENTATION('',(#2754),#2758);
#2754 = LINE('',#2755,#2756);
#2755 = CARTESIAN_POINT('',(1.3,0.));
#2756 = VECTOR('',#2757,1.);
#2757 = DIRECTION('',(0.,-1.));
#2758 = ( GEOMETRIC_REPRESENTATION_CONTEXT(2) 
PARAMETRIC_REPRESENTATION_CONTEXT() REPRESENTATION_CONTEXT('2D SPACE',''
  ) );
#2759 = ORIENTED_EDGE('',*,*,#2760,.T.);
#2760 = EDGE_CURVE('',#2733,#2761,#2763,.T.);
#2761 = VERTEX_POINT('',#2762);
#2762 = CARTESIAN_POINT('',(3.45,3.93,1.15));
#2763 = SURFACE_CURVE('',#2764,(#2768,#2775),.PCURVE_S1.);
#2764 = LINE('',#2765,#2766);
#2765 = CARTESIAN_POINT('',(3.55,3.93,1.15));
#2766 = VECTOR('',#2767,1.);
#2767 = DIRECTION('',(-1.,0.,0.));
#2768 = PCURVE('',#2614,#2769);
#2769 = DEFINITIONAL_REPRESENTATION('',(#2770),#2774);
#2770 = LINE('',#2771,#2772);
#2771 = CARTESIAN_POINT('',(0.,-0.12));
#2772 = VECTOR('',#2773,1.);
#2773 = DIRECTION('',(1.,0.));
#2774 = ( GEOMETRIC_REPRESENTATION_CONTEXT(2) 
PARAMETRIC_REPRESENTATION_CONTEXT() REPRESENTATION_CONTEXT('2D SPACE',''
  ) );
#2775 = PCURVE('',#2776,#2781);
#2776 = PLANE('',#2777);
#2777 = AXIS2_PLACEMENT_3D('',#2778,#2779,#2780);
#2778 = CARTESIAN_POINT('',(3.,3.93,1.8));
#2779 = DIRECTION('',(0.,1.,0.));
#2780 = DIRECTION('',(0.,0.,1.));
#2781 = DEFINITIONAL_REPRESENTATION('',(#2782),#2786);
#2782 = LINE('',#2783,#2784);
#2783 = CARTESIAN_POINT('',(-0.65,0.55));
#2784 = VECTOR('',#2785,1.);
#2785 = DIRECTION('',(0.,-1.));
#2786 = ( GEOMETRIC_REPRESENTATION_CONTEXT(2) 
PARAMETRIC_REPRESENTATION_CONTEXT() REPRESENTATION_CONTEXT('2D SPACE',''
  ) );
#2787 = ORIENTED_EDGE('',*,*,#2788,.T.);
#2788 = EDGE_CURVE('',#2761,#2600,#2789,.T.);
#2789 = SURFACE_CURVE('',#2790,(#2794,#2801),.PCURVE_S1.);
#2790 = LINE('',#2791,#2792);
#2791 = CARTESIAN_POINT('',(3.45,4.05,1.15));
#2792 = VECTOR('',#2793,1.);
#2793 = DIRECTION('',(0.,-1.,0.));
#2794 = PCURVE('',#2614,#2795);
#2795 = DEFINITIONAL_REPRESENTATION('',(#2796),#2800);
#2796 = LINE('',#2797,#2798);
#2797 = CARTESIAN_POINT('',(1.E-01,0.));
#2798 = VECTOR('',#2799,1.);
#2799 = DIRECTION('',(0.,-1.));
#2800 = ( GEOMETRIC_REPRESENTATION_CONTEXT(2) 
PARAMETRIC_REPRESENTATION_CONTEXT() REPRESENTATION_CONTEXT('2D SPACE',''
  ) );
#2801 = PCURVE('',#2641,#2802);
#2802 = DEFINITIONAL_REPRESENTATION('',(#2803),#2807);
#2803 = LINE('',#2804,#2805);
#2804 = CARTESIAN_POINT('',(1.2,0.));
#2805 = VECTOR('',#2806,1.);
#2806 = DIRECTION('',(0.,-1.));
#2807 = ( GEOMETRIC_REPRESENTATION_CONTEXT(2) 
PARAMETRIC_REPRESENTATION_CONTEXT() REPRESENTATION_CONTEXT('2D SPACE',''
  ) );
#2808 = ORIENTED_EDGE('',*,*,#2599,.T.);
#2809 = ORIENTED_EDGE('',*,*,#2810,.F.);
#2810 = EDGE_CURVE('',#2811,#2572,#2813,.T.);
#2811 = VERTEX_POINT('',#2812);
#2812 = CARTESIAN_POINT('',(2.55,3.93,1.15));
#2813 = SURFACE_CURVE('',#2814,(#2818,#2825),.PCURVE_S1.);
#2814 = LINE('',#2815,#2816);
#2815 = CARTESIAN_POINT('',(2.55,4.05,1.15));
#2816 = VECTOR('',#2817,1.);
#2817 = DIRECTION('',(0.,-1.,0.));
#2818 = PCURVE('',#2614,#2819);
#2819 = DEFINITIONAL_REPRESENTATION('',(#2820),#2824);
#2820 = LINE('',#2821,#2822);
#2821 = CARTESIAN_POINT('',(1.,0.));
#2822 = VECTOR('',#2823,1.);
#2823 = DIRECTION('',(0.,-1.));
#2824 = ( GEOMETRIC_REPRESENTATION_CONTEXT(2) 
PARAMETRIC_REPRESENTATION_CONTEXT() REPRESENTATION_CONTEXT('2D SPACE',''
  ) );
#2825 = PCURVE('',#2588,#2826);
#2826 = DEFINITIONAL_REPRESENTATION('',(#2827),#2831);
#2827 = LINE('',#2828,#2829);
#2828 = CARTESIAN_POINT('',(0.,0.));
#2829 = VECTOR('',#2830,1.);
#2830 = DIRECTION('',(0.,-1.));
#2831 = ( GEOMETRIC_REPRESENTATION_CONTEXT(2) 
PARAMETRIC_REPRESENTATION_CONTEXT() REPRESENTATION_CONTEXT('2D SPACE',''
  ) );
#2832 = ORIENTED_EDGE('',*,*,#2833,.T.);
#2833 = EDGE_CURVE('',#2811,#2682,#2834,.T.);
#2834 = SURFACE_CURVE('',#2835,(#2839,#2846),.PCURVE_S1.);
#2835 = LINE('',#2836,#2837);
#2836 = CARTESIAN_POINT('',(3.55,3.93,1.15));
#2837 = VECTOR('',#2838,1.);
#2838 = DIRECTION('',(-1.,0.,0.));
#2839 = PCURVE('',#2614,#2840);
#2840 = DEFINITIONAL_REPRESENTATION('',(#2841),#2845);
#2841 = LINE('',#2842,#2843);
#2842 = CARTESIAN_POINT('',(0.,-0.12));
#2843 = VECTOR('',#2844,1.);
#2844 = DIRECTION('',(1.,0.));
#2845 = ( GEOMETRIC_REPRESENTATION_CONTEXT(2) 
PARAMETRIC_REPRESENTATION_CONTEXT() REPRESENTATION_CONTEXT('2D SPACE',''
  ) );
#2846 = PCURVE('',#2776,#2847);
#2847 = DEFINITIONAL_REPRESENTATION('',(#2848),#2852);
#2848 = LINE('',#2849,#2850);
#2849 = CARTESIAN_POINT('',(-0.65,0.55));
#2850 = VECTOR('',#2851,1.);
#2851 = DIRECTION('',(0.,-1.));
#2852 = ( GEOMETRIC_REPRESENTATION_CONTEXT(2) 
PARAMETRIC_REPRESENTATION_CONTEXT() REPRESENTATION_CONTEXT('2D SPACE',''
  ) );
#2853 = ADVANCED_FACE('',(#2854),#2776,.T.);
#2854 = FACE_BOUND('',#2855,.T.);
#2855 = EDGE_LOOP('',(#2856,#2857,#2880,#2908,#2929,#2930,#2951,#2972));
#2856 = ORIENTED_EDGE('',*,*,#2833,.T.);
#2857 = ORIENTED_EDGE('',*,*,#2858,.T.);
#2858 = EDGE_CURVE('',#2682,#2859,#2861,.T.);
#2859 = VERTEX_POINT('',#2860);
#2860 = CARTESIAN_POINT('',(2.45,3.93,2.45));
#2861 = SURFACE_CURVE('',#2862,(#2866,#2873),.PCURVE_S1.);
#2862 = LINE('',#2863,#2864);
#2863 = CARTESIAN_POINT('',(2.45,3.93,1.15));
#2864 = VECTOR('',#2865,1.);
#2865 = DIRECTION('',(0.,0.,1.));
#2866 = PCURVE('',#2776,#2867);
#2867 = DEFINITIONAL_REPRESENTATION('',(#2868),#2872);
#2868 = LINE('',#2869,#2870);
#2869 = CARTESIAN_POINT('',(-0.65,-0.55));
#2870 = VECTOR('',#2871,1.);
#2871 = DIRECTION('',(1.,0.));
#2872 = ( GEOMETRIC_REPRESENTATION_CONTEXT(2) 
PARAMETRIC_REPRESENTATION_CONTEXT() REPRESENTATION_CONTEXT('2D SPACE',''
  ) );
#2873 = PCURVE('',#2697,#2874);
#2874 = DEFINITIONAL_REPRESENTATION('',(#2875),#2879);
#2875 = LINE('',#2876,#2877);
#2876 = CARTESIAN_POINT('',(0.,-0.12));
#2877 = VECTOR('',#2878,1.);
#2878 = DIRECTION('',(1.,0.));
#2879 = ( GEOMETRIC_REPRESENTATION_CONTEXT(2) 
PARAMETRIC_REPRESENTATION_CONTEXT() REPRESENTATION_CONTEXT('2D SPACE',''
  ) );
#2880 = ORIENTED_EDGE('',*,*,#2881,.T.);
#2881 = EDGE_CURVE('',#2859,#2882,#2884,.T.);
#2882 = VERTEX_POINT('',#2883);
#2883 = CARTESIAN_POINT('',(3.55,3.93,2.45));
#2884 = SURFACE_CURVE('',#2885,(#2889,#2896),.PCURVE_S1.);
#2885 = LINE('',#2886,#2887);
#2886 = CARTESIAN_POINT('',(2.45,3.93,2.45));
#2887 = VECTOR('',#2888,1.);
#2888 = DIRECTION('',(1.,0.,0.));
#2889 = PCURVE('',#2776,#2890);
#2890 = DEFINITIONAL_REPRESENTATION('',(#2891),#2895);
#2891 = LINE('',#2892,#2893);
#2892 = CARTESIAN_POINT('',(0.65,-0.55));
#2893 = VECTOR('',#2894,1.);
#2894 = DIRECTION('',(0.,1.));
#2895 = ( GEOMETRIC_REPRESENTATION_CONTEXT(2) 
PARAMETRIC_REPRESENTATION_CONTEXT() REPRESENTATION_CONTEXT('2D SPACE',''
  ) );
#2896 = PCURVE('',#2897,#2902);
#2897 = PLANE('',#2898);
#2898 = AXIS2_PLACEMENT_3D('',#2899,#2900,#2901);
#2899 = CARTESIAN_POINT('',(2.45,4.05,2.45));
#2900 = DIRECTION('',(0.,0.,1.));
#2901 = DIRECTION('',(1.,0.,0.));
#2902 = DEFINITIONAL_REPRESENTATION('',(#2903),#2907);
#2903 = LINE('',#2904,#2905);
#2904 = CARTESIAN_POINT('',(0.,-0.12));
#2905 = VECTOR('',#2906,1.);
#2906 = DIRECTION('',(1.,0.));
#2907 = ( GEOMETRIC_REPRESENTATION_CONTEXT(2) 
PARAMETRIC_REPRESENTATION_CONTEXT() REPRESENTATION_CONTEXT('2D SPACE',''
  ) );
#2908 = ORIENTED_EDGE('',*,*,#2909,.T.);
#2909 = EDGE_CURVE('',#2882,#2733,#2910,.T.);
#2910 = SURFACE_CURVE('',#2911,(#2915,#2922),.PCURVE_S1.);
#2911 = LINE('',#2912,#2913);
#2912 = CARTESIAN_POINT('',(3.55,3.93,2.45));
#2913 = VECTOR('',#2914,1.);
#2914 = DIRECTION('',(0.,0.,-1.));
#2915 = PCURVE('',#2776,#2916);
#2916 = DEFINITIONAL_REPRESENTATION('',(#2917),#2921);
#2917 = LINE('',#2918,#2919);
#2918 = CARTESIAN_POINT('',(0.65,0.55));
#2919 = VECTOR('',#2920,1.);
#2920 = DIRECTION('',(-1.,0.));
#2921 = ( GEOMETRIC_REPRESENTATION_CONTEXT(2) 
PARAMETRIC_REPRESENTATION_CONTEXT() REPRESENTATION_CONTEXT('2D SPACE',''
  ) );
#2922 = PCURVE('',#2748,#2923);
#2923 = DEFINITIONAL_REPRESENTATION('',(#2924),#2928);
#2924 = LINE('',#2925,#2926);
#2925 = CARTESIAN_POINT('',(0.,-0.12));
#2926 = VECTOR('',#2927,1.);
#2927 = DIRECTION('',(1.,0.));
#2928 = ( GEOMETRIC_REPRESENTATION_CONTEXT(2) 
PARAMETRIC_REPRESENTATION_CONTEXT() REPRESENTATION_CONTEXT('2D SPACE',''
  ) );
#2929 = ORIENTED_EDGE('',*,*,#2760,.T.);
#2930 = ORIENTED_EDGE('',*,*,#2931,.T.);
#2931 = EDGE_CURVE('',#2761,#2932,#2934,.T.);
#2932 = VERTEX_POINT('',#2933);
#2933 = CARTESIAN_POINT('',(3.45,3.93,2.35));
#2934 = SURFACE_CURVE('',#2935,(#2939,#2945),.PCURVE_S1.);
#2935 = LINE('',#2936,#2937);
#2936 = CARTESIAN_POINT('',(3.45,3.93,2.075));
#2937 = VECTOR('',#2938,1.);
#2938 = DIRECTION('',(0.,0.,1.));
#2939 = PCURVE('',#2776,#2940);
#2940 = DEFINITIONAL_REPRESENTATION('',(#2941),#2944);
#2941 = B_SPLINE_CURVE_WITH_KNOTS('',1,(#2942,#2943),.UNSPECIFIED.,.F.,
  .F.,(2,2),(-0.925,0.275),.PIECEWISE_BEZIER_KNOTS.);
#2942 = CARTESIAN_POINT('',(-0.65,0.45));
#2943 = CARTESIAN_POINT('',(0.55,0.45));
#2944 = ( GEOMETRIC_REPRESENTATION_CONTEXT(2) 
PARAMETRIC_REPRESENTATION_CONTEXT() REPRESENTATION_CONTEXT('2D SPACE',''
  ) );
#2945 = PCURVE('',#2641,#2946);
#2946 = DEFINITIONAL_REPRESENTATION('',(#2947),#2950);
#2947 = B_SPLINE_CURVE_WITH_KNOTS('',1,(#2948,#2949),.UNSPECIFIED.,.F.,
  .F.,(2,2),(-0.925,0.275),.PIECEWISE_BEZIER_KNOTS.);
#2948 = CARTESIAN_POINT('',(1.2,-0.12));
#2949 = CARTESIAN_POINT('',(0.,-0.12));
#2950 = ( GEOMETRIC_REPRESENTATION_CONTEXT(2) 
PARAMETRIC_REPRESENTATION_CONTEXT() REPRESENTATION_CONTEXT('2D SPACE',''
  ) );
#2951 = ORIENTED_EDGE('',*,*,#2952,.T.);
#2952 = EDGE_CURVE('',#2932,#2953,#2955,.T.);
#2953 = VERTEX_POINT('',#2954);
#2954 = CARTESIAN_POINT('',(2.55,3.93,2.35));
#2955 = SURFACE_CURVE('',#2956,(#2960,#2966),.PCURVE_S1.);
#2956 = LINE('',#2957,#2958);
#2957 = CARTESIAN_POINT('',(2.775,3.93,2.35));
#2958 = VECTOR('',#2959,1.);
#2959 = DIRECTION('',(-1.,0.,0.));
#2960 = PCURVE('',#2776,#2961);
#2961 = DEFINITIONAL_REPRESENTATION('',(#2962),#2965);
#2962 = B_SPLINE_CURVE_WITH_KNOTS('',1,(#2963,#2964),.UNSPECIFIED.,.F.,
  .F.,(2,2),(-0.675,0.225),.PIECEWISE_BEZIER_KNOTS.);
#2963 = CARTESIAN_POINT('',(0.55,0.45));
#2964 = CARTESIAN_POINT('',(0.55,-0.45));
#2965 = ( GEOMETRIC_REPRESENTATION_CONTEXT(2) 
PARAMETRIC_REPRESENTATION_CONTEXT() REPRESENTATION_CONTEXT('2D SPACE',''
  ) );
#2966 = PCURVE('',#2665,#2967);
#2967 = DEFINITIONAL_REPRESENTATION('',(#2968),#2971);
#2968 = B_SPLINE_CURVE_WITH_KNOTS('',1,(#2969,#2970),.UNSPECIFIED.,.F.,
  .F.,(2,2),(-0.675,0.225),.PIECEWISE_BEZIER_KNOTS.);
#2969 = CARTESIAN_POINT('',(0.9,-0.12));
#2970 = CARTESIAN_POINT('',(0.,-0.12));
#2971 = ( GEOMETRIC_REPRESENTATION_CONTEXT(2) 
PARAMETRIC_REPRESENTATION_CONTEXT() REPRESENTATION_CONTEXT('2D SPACE',''
  ) );
#2972 = ORIENTED_EDGE('',*,*,#2973,.T.);
#2973 = EDGE_CURVE('',#2953,#2811,#2974,.T.);
#2974 = SURFACE_CURVE('',#2975,(#2979,#2985),.PCURVE_S1.);
#2975 = LINE('',#2976,#2977);
#2976 = CARTESIAN_POINT('',(2.55,3.93,1.475));
#2977 = VECTOR('',#2978,1.);
#2978 = DIRECTION('',(0.,0.,-1.));
#2979 = PCURVE('',#2776,#2980);
#2980 = DEFINITIONAL_REPRESENTATION('',(#2981),#2984);
#2981 = B_SPLINE_CURVE_WITH_KNOTS('',1,(#2982,#2983),.UNSPECIFIED.,.F.,
  .F.,(2,2),(-0.875,0.325),.PIECEWISE_BEZIER_KNOTS.);
#2982 = CARTESIAN_POINT('',(0.55,-0.45));
#2983 = CARTESIAN_POINT('',(-0.65,-0.45));
#2984 = ( GEOMETRIC_REPRESENTATION_CONTEXT(2) 
PARAMETRIC_REPRESENTATION_CONTEXT() REPRESENTATION_CONTEXT('2D SPACE',''
  ) );
#2985 = PCURVE('',#2588,#2986);
#2986 = DEFINITIONAL_REPRESENTATION('',(#2987),#2990);
#2987 = B_SPLINE_CURVE_WITH_KNOTS('',1,(#2988,#2989),.UNSPECIFIED.,.F.,
  .F.,(2,2),(-0.875,0.325),.PIECEWISE_BEZIER_KNOTS.);
#2988 = CARTESIAN_POINT('',(1.2,-0.12));
#2989 = CARTESIAN_POINT('',(0.,-0.12));
#2990 = ( GEOMETRIC_REPRESENTATION_CONTEXT(2) 
PARAMETRIC_REPRESENTATION_CONTEXT() REPRESENTATION_CONTEXT('2D SPACE',''
  ) );
#2991 = ADVANCED_FACE('',(#2992),#2897,.F.);
#2992 = FACE_BOUND('',#2993,.F.);
#2993 = EDGE_LOOP('',(#2994,#3017,#3038,#3039));
#2994 = ORIENTED_EDGE('',*,*,#2995,.F.);
#2995 = EDGE_CURVE('',#2996,#2998,#3000,.T.);
#2996 = VERTEX_POINT('',#2997);
#2997 = CARTESIAN_POINT('',(2.45,4.,2.45));
#2998 = VERTEX_POINT('',#2999);
#2999 = CARTESIAN_POINT('',(3.55,4.,2.45));
#3000 = SURFACE_CURVE('',#3001,(#3005,#3011),.PCURVE_S1.);
#3001 = LINE('',#3002,#3003);
#3002 = CARTESIAN_POINT('',(-1.275,4.,2.45));
#3003 = VECTOR('',#3004,1.);
#3004 = DIRECTION('',(1.,0.,0.));
#3005 = PCURVE('',#2897,#3006);
#3006 = DEFINITIONAL_REPRESENTATION('',(#3007),#3010);
#3007 = B_SPLINE_CURVE_WITH_KNOTS('',1,(#3008,#3009),.UNSPECIFIED.,.F.,
  .F.,(2,2),(3.725,4.825),.PIECEWISE_BEZIER_KNOTS.);
#3008 = CARTESIAN_POINT('',(0.,-5.E-02));
#3009 = CARTESIAN_POINT('',(1.1,-5.E-02));
#3010 = ( GEOMETRIC_REPRESENTATION_CONTEXT(2) 
PARAMETRIC_REPRESENTATION_CONTEXT() REPRESENTATION_CONTEXT('2D SPACE',''
  ) );
#3011 = PCURVE('',#1657,#3012);
#3012 = DEFINITIONAL_REPRESENTATION('',(#3013),#3016);
#3013 = B_SPLINE_CURVE_WITH_KNOTS('',1,(#3014,#3015),.UNSPECIFIED.,.F.,
  .F.,(2,2),(3.725,4.825),.PIECEWISE_BEZIER_KNOTS.);
#3014 = CARTESIAN_POINT('',(2.3,7.45));
#3015 = CARTESIAN_POINT('',(2.3,8.55));
#3016 = ( GEOMETRIC_REPRESENTATION_CONTEXT(2) 
PARAMETRIC_REPRESENTATION_CONTEXT() REPRESENTATION_CONTEXT('2D SPACE',''
  ) );
#3017 = ORIENTED_EDGE('',*,*,#3018,.T.);
#3018 = EDGE_CURVE('',#2996,#2859,#3019,.T.);
#3019 = SURFACE_CURVE('',#3020,(#3024,#3031),.PCURVE_S1.);
#3020 = LINE('',#3021,#3022);
#3021 = CARTESIAN_POINT('',(2.45,4.05,2.45));
#3022 = VECTOR('',#3023,1.);
#3023 = DIRECTION('',(0.,-1.,0.));
#3024 = PCURVE('',#2897,#3025);
#3025 = DEFINITIONAL_REPRESENTATION('',(#3026),#3030);
#3026 = LINE('',#3027,#3028);
#3027 = CARTESIAN_POINT('',(0.,0.));
#3028 = VECTOR('',#3029,1.);
#3029 = DIRECTION('',(0.,-1.));
#3030 = ( GEOMETRIC_REPRESENTATION_CONTEXT(2) 
PARAMETRIC_REPRESENTATION_CONTEXT() REPRESENTATION_CONTEXT('2D SPACE',''
  ) );
#3031 = PCURVE('',#2697,#3032);
#3032 = DEFINITIONAL_REPRESENTATION('',(#3033),#3037);
#3033 = LINE('',#3034,#3035);
#3034 = CARTESIAN_POINT('',(1.3,0.));
#3035 = VECTOR('',#3036,1.);
#3036 = DIRECTION('',(0.,-1.));
#3037 = ( GEOMETRIC_REPRESENTATION_CONTEXT(2) 
PARAMETRIC_REPRESENTATION_CONTEXT() REPRESENTATION_CONTEXT('2D SPACE',''
  ) );
#3038 = ORIENTED_EDGE('',*,*,#2881,.T.);
#3039 = ORIENTED_EDGE('',*,*,#3040,.F.);
#3040 = EDGE_CURVE('',#2998,#2882,#3041,.T.);
#3041 = SURFACE_CURVE('',#3042,(#3046,#3053),.PCURVE_S1.);
#3042 = LINE('',#3043,#3044);
#3043 = CARTESIAN_POINT('',(3.55,4.05,2.45));
#3044 = VECTOR('',#3045,1.);
#3045 = DIRECTION('',(0.,-1.,0.));
#3046 = PCURVE('',#2897,#3047);
#3047 = DEFINITIONAL_REPRESENTATION('',(#3048),#3052);
#3048 = LINE('',#3049,#3050);
#3049 = CARTESIAN_POINT('',(1.1,0.));
#3050 = VECTOR('',#3051,1.);
#3051 = DIRECTION('',(0.,-1.));
#3052 = ( GEOMETRIC_REPRESENTATION_CONTEXT(2) 
PARAMETRIC_REPRESENTATION_CONTEXT() REPRESENTATION_CONTEXT('2D SPACE',''
  ) );
#3053 = PCURVE('',#2748,#3054);
#3054 = DEFINITIONAL_REPRESENTATION('',(#3055),#3059);
#3055 = LINE('',#3056,#3057);
#3056 = CARTESIAN_POINT('',(0.,0.));
#3057 = VECTOR('',#3058,1.);
#3058 = DIRECTION('',(0.,-1.));
#3059 = ( GEOMETRIC_REPRESENTATION_CONTEXT(2) 
PARAMETRIC_REPRESENTATION_CONTEXT() REPRESENTATION_CONTEXT('2D SPACE',''
  ) );
#3060 = ADVANCED_FACE('',(#3061),#2748,.F.);
#3061 = FACE_BOUND('',#3062,.F.);
#3062 = EDGE_LOOP('',(#3063,#3082,#3083,#3084));
#3063 = ORIENTED_EDGE('',*,*,#3064,.F.);
#3064 = EDGE_CURVE('',#2998,#2710,#3065,.T.);
#3065 = SURFACE_CURVE('',#3066,(#3070,#3076),.PCURVE_S1.);
#3066 = LINE('',#3067,#3068);
#3067 = CARTESIAN_POINT('',(3.55,4.,1.3));
#3068 = VECTOR('',#3069,1.);
#3069 = DIRECTION('',(0.,0.,-1.));
#3070 = PCURVE('',#2748,#3071);
#3071 = DEFINITIONAL_REPRESENTATION('',(#3072),#3075);
#3072 = B_SPLINE_CURVE_WITH_KNOTS('',1,(#3073,#3074),.UNSPECIFIED.,.F.,
  .F.,(2,2),(-1.15,0.15),.PIECEWISE_BEZIER_KNOTS.);
#3073 = CARTESIAN_POINT('',(0.,-5.E-02));
#3074 = CARTESIAN_POINT('',(1.3,-5.E-02));
#3075 = ( GEOMETRIC_REPRESENTATION_CONTEXT(2) 
PARAMETRIC_REPRESENTATION_CONTEXT() REPRESENTATION_CONTEXT('2D SPACE',''
  ) );
#3076 = PCURVE('',#1657,#3077);
#3077 = DEFINITIONAL_REPRESENTATION('',(#3078),#3081);
#3078 = B_SPLINE_CURVE_WITH_KNOTS('',1,(#3079,#3080),.UNSPECIFIED.,.F.,
  .F.,(2,2),(-1.15,0.15),.PIECEWISE_BEZIER_KNOTS.);
#3079 = CARTESIAN_POINT('',(2.3,8.55));
#3080 = CARTESIAN_POINT('',(1.,8.55));
#3081 = ( GEOMETRIC_REPRESENTATION_CONTEXT(2) 
PARAMETRIC_REPRESENTATION_CONTEXT() REPRESENTATION_CONTEXT('2D SPACE',''
  ) );
#3082 = ORIENTED_EDGE('',*,*,#3040,.T.);
#3083 = ORIENTED_EDGE('',*,*,#2909,.T.);
#3084 = ORIENTED_EDGE('',*,*,#2732,.F.);
#3085 = ADVANCED_FACE('',(#3086),#2697,.F.);
#3086 = FACE_BOUND('',#3087,.F.);
#3087 = EDGE_LOOP('',(#3088,#3107,#3108,#3109));
#3088 = ORIENTED_EDGE('',*,*,#3089,.F.);
#3089 = EDGE_CURVE('',#2680,#2996,#3090,.T.);
#3090 = SURFACE_CURVE('',#3091,(#3095,#3101),.PCURVE_S1.);
#3091 = LINE('',#3092,#3093);
#3092 = CARTESIAN_POINT('',(2.45,4.,0.65));
#3093 = VECTOR('',#3094,1.);
#3094 = DIRECTION('',(0.,-0.,1.));
#3095 = PCURVE('',#2697,#3096);
#3096 = DEFINITIONAL_REPRESENTATION('',(#3097),#3100);
#3097 = B_SPLINE_CURVE_WITH_KNOTS('',1,(#3098,#3099),.UNSPECIFIED.,.F.,
  .F.,(2,2),(0.5,1.8),.PIECEWISE_BEZIER_KNOTS.);
#3098 = CARTESIAN_POINT('',(0.,-5.E-02));
#3099 = CARTESIAN_POINT('',(1.3,-5.E-02));
#3100 = ( GEOMETRIC_REPRESENTATION_CONTEXT(2) 
PARAMETRIC_REPRESENTATION_CONTEXT() REPRESENTATION_CONTEXT('2D SPACE',''
  ) );
#3101 = PCURVE('',#1657,#3102);
#3102 = DEFINITIONAL_REPRESENTATION('',(#3103),#3106);
#3103 = B_SPLINE_CURVE_WITH_KNOTS('',1,(#3104,#3105),.UNSPECIFIED.,.F.,
  .F.,(2,2),(0.5,1.8),.PIECEWISE_BEZIER_KNOTS.);
#3104 = CARTESIAN_POINT('',(1.,7.45));
#3105 = CARTESIAN_POINT('',(2.3,7.45));
#3106 = ( GEOMETRIC_REPRESENTATION_CONTEXT(2) 
PARAMETRIC_REPRESENTATION_CONTEXT() REPRESENTATION_CONTEXT('2D SPACE',''
  ) );
#3107 = ORIENTED_EDGE('',*,*,#2679,.T.);
#3108 = ORIENTED_EDGE('',*,*,#2858,.T.);
#3109 = ORIENTED_EDGE('',*,*,#3018,.F.);
#3110 = ADVANCED_FACE('',(#3111),#2641,.F.);
#3111 = FACE_BOUND('',#3112,.F.);
#3112 = EDGE_LOOP('',(#3113,#3114,#3135,#3136));
#3113 = ORIENTED_EDGE('',*,*,#2931,.T.);
#3114 = ORIENTED_EDGE('',*,*,#3115,.T.);
#3115 = EDGE_CURVE('',#2932,#2627,#3116,.T.);
#3116 = SURFACE_CURVE('',#3117,(#3121,#3128),.PCURVE_S1.);
#3117 = LINE('',#3118,#3119);
#3118 = CARTESIAN_POINT('',(3.45,4.05,2.35));
#3119 = VECTOR('',#3120,1.);
#3120 = DIRECTION('',(0.,-1.,0.));
#3121 = PCURVE('',#2641,#3122);
#3122 = DEFINITIONAL_REPRESENTATION('',(#3123),#3127);
#3123 = LINE('',#3124,#3125);
#3124 = CARTESIAN_POINT('',(0.,0.));
#3125 = VECTOR('',#3126,1.);
#3126 = DIRECTION('',(0.,-1.));
#3127 = ( GEOMETRIC_REPRESENTATION_CONTEXT(2) 
PARAMETRIC_REPRESENTATION_CONTEXT() REPRESENTATION_CONTEXT('2D SPACE',''
  ) );
#3128 = PCURVE('',#2665,#3129);
#3129 = DEFINITIONAL_REPRESENTATION('',(#3130),#3134);
#3130 = LINE('',#3131,#3132);
#3131 = CARTESIAN_POINT('',(0.9,0.));
#3132 = VECTOR('',#3133,1.);
#3133 = DIRECTION('',(0.,-1.));
#3134 = ( GEOMETRIC_REPRESENTATION_CONTEXT(2) 
PARAMETRIC_REPRESENTATION_CONTEXT() REPRESENTATION_CONTEXT('2D SPACE',''
  ) );
#3135 = ORIENTED_EDGE('',*,*,#2626,.T.);
#3136 = ORIENTED_EDGE('',*,*,#2788,.F.);
#3137 = ADVANCED_FACE('',(#3138),#2665,.F.);
#3138 = FACE_BOUND('',#3139,.F.);
#3139 = EDGE_LOOP('',(#3140,#3141,#3162,#3163));
#3140 = ORIENTED_EDGE('',*,*,#2952,.T.);
#3141 = ORIENTED_EDGE('',*,*,#3142,.T.);
#3142 = EDGE_CURVE('',#2953,#2574,#3143,.T.);
#3143 = SURFACE_CURVE('',#3144,(#3148,#3155),.PCURVE_S1.);
#3144 = LINE('',#3145,#3146);
#3145 = CARTESIAN_POINT('',(2.55,4.05,2.35));
#3146 = VECTOR('',#3147,1.);
#3147 = DIRECTION('',(0.,-1.,0.));
#3148 = PCURVE('',#2665,#3149);
#3149 = DEFINITIONAL_REPRESENTATION('',(#3150),#3154);
#3150 = LINE('',#3151,#3152);
#3151 = CARTESIAN_POINT('',(0.,0.));
#3152 = VECTOR('',#3153,1.);
#3153 = DIRECTION('',(0.,-1.));
#3154 = ( GEOMETRIC_REPRESENTATION_CONTEXT(2) 
PARAMETRIC_REPRESENTATION_CONTEXT() REPRESENTATION_CONTEXT('2D SPACE',''
  ) );
#3155 = PCURVE('',#2588,#3156);
#3156 = DEFINITIONAL_REPRESENTATION('',(#3157),#3161);
#3157 = LINE('',#3158,#3159);
#3158 = CARTESIAN_POINT('',(1.2,0.));
#3159 = VECTOR('',#3160,1.);
#3160 = DIRECTION('',(0.,-1.));
#3161 = ( GEOMETRIC_REPRESENTATION_CONTEXT(2) 
PARAMETRIC_REPRESENTATION_CONTEXT() REPRESENTATION_CONTEXT('2D SPACE',''
  ) );
#3162 = ORIENTED_EDGE('',*,*,#2652,.T.);
#3163 = ORIENTED_EDGE('',*,*,#3115,.F.);
#3164 = ADVANCED_FACE('',(#3165),#2588,.F.);
#3165 = FACE_BOUND('',#3166,.F.);
#3166 = EDGE_LOOP('',(#3167,#3168,#3169,#3170));
#3167 = ORIENTED_EDGE('',*,*,#2973,.T.);
#3168 = ORIENTED_EDGE('',*,*,#2810,.T.);
#3169 = ORIENTED_EDGE('',*,*,#2571,.T.);
#3170 = ORIENTED_EDGE('',*,*,#3142,.F.);
#3171 = ADVANCED_FACE('',(#3172),#2534,.F.);
#3172 = FACE_BOUND('',#3173,.F.);
#3173 = EDGE_LOOP('',(#3174,#3202,#3223,#3224));
#3174 = ORIENTED_EDGE('',*,*,#3175,.T.);
#3175 = EDGE_CURVE('',#3176,#3178,#3180,.T.);
#3176 = VERTEX_POINT('',#3177);
#3177 = CARTESIAN_POINT('',(-2.55,3.93,1.15));
#3178 = VERTEX_POINT('',#3179);
#3179 = CARTESIAN_POINT('',(-2.55,3.93,2.35));
#3180 = SURFACE_CURVE('',#3181,(#3185,#3191),.PCURVE_S1.);
#3181 = LINE('',#3182,#3183);
#3182 = CARTESIAN_POINT('',(-2.55,3.93,2.075));
#3183 = VECTOR('',#3184,1.);
#3184 = DIRECTION('',(0.,0.,1.));
#3185 = PCURVE('',#2534,#3186);
#3186 = DEFINITIONAL_REPRESENTATION('',(#3187),#3190);
#3187 = B_SPLINE_CURVE_WITH_KNOTS('',1,(#3188,#3189),.UNSPECIFIED.,.F.,
  .F.,(2,2),(-0.925,0.275),.PIECEWISE_BEZIER_KNOTS.);
#3188 = CARTESIAN_POINT('',(1.2,-0.12));
#3189 = CARTESIAN_POINT('',(0.,-0.12));
#3190 = ( GEOMETRIC_REPRESENTATION_CONTEXT(2) 
PARAMETRIC_REPRESENTATION_CONTEXT() REPRESENTATION_CONTEXT('2D SPACE',''
  ) );
#3191 = PCURVE('',#3192,#3197);
#3192 = PLANE('',#3193);
#3193 = AXIS2_PLACEMENT_3D('',#3194,#3195,#3196);
#3194 = CARTESIAN_POINT('',(-3.,3.93,1.8));
#3195 = DIRECTION('',(0.,1.,0.));
#3196 = DIRECTION('',(0.,0.,1.));
#3197 = DEFINITIONAL_REPRESENTATION('',(#3198),#3201);
#3198 = B_SPLINE_CURVE_WITH_KNOTS('',1,(#3199,#3200),.UNSPECIFIED.,.F.,
  .F.,(2,2),(-0.925,0.275),.PIECEWISE_BEZIER_KNOTS.);
#3199 = CARTESIAN_POINT('',(-0.65,0.45));
#3200 = CARTESIAN_POINT('',(0.55,0.45));
#3201 = ( GEOMETRIC_REPRESENTATION_CONTEXT(2) 
PARAMETRIC_REPRESENTATION_CONTEXT() REPRESENTATION_CONTEXT('2D SPACE',''
  ) );
#3202 = ORIENTED_EDGE('',*,*,#3203,.T.);
#3203 = EDGE_CURVE('',#3178,#2520,#3204,.T.);
#3204 = SURFACE_CURVE('',#3205,(#3209,#3216),.PCURVE_S1.);
#3205 = LINE('',#3206,#3207);
#3206 = CARTESIAN_POINT('',(-2.55,4.05,2.35));
#3207 = VECTOR('',#3208,1.);
#3208 = DIRECTION('',(0.,-1.,0.));
#3209 = PCURVE('',#2534,#3210);
#3210 = DEFINITIONAL_REPRESENTATION('',(#3211),#3215);
#3211 = LINE('',#3212,#3213);
#3212 = CARTESIAN_POINT('',(0.,0.));
#3213 = VECTOR('',#3214,1.);
#3214 = DIRECTION('',(0.,-1.));
#3215 = ( GEOMETRIC_REPRESENTATION_CONTEXT(2) 
PARAMETRIC_REPRESENTATION_CONTEXT() REPRESENTATION_CONTEXT('2D SPACE',''
  ) );
#3216 = PCURVE('',#2558,#3217);
#3217 = DEFINITIONAL_REPRESENTATION('',(#3218),#3222);
#3218 = LINE('',#3219,#3220);
#3219 = CARTESIAN_POINT('',(0.9,0.));
#3220 = VECTOR('',#3221,1.);
#3221 = DIRECTION('',(0.,-1.));
#3222 = ( GEOMETRIC_REPRESENTATION_CONTEXT(2) 
PARAMETRIC_REPRESENTATION_CONTEXT() REPRESENTATION_CONTEXT('2D SPACE',''
  ) );
#3223 = ORIENTED_EDGE('',*,*,#2519,.T.);
#3224 = ORIENTED_EDGE('',*,*,#3225,.F.);
#3225 = EDGE_CURVE('',#3176,#2493,#3226,.T.);
#3226 = SURFACE_CURVE('',#3227,(#3231,#3238),.PCURVE_S1.);
#3227 = LINE('',#3228,#3229);
#3228 = CARTESIAN_POINT('',(-2.55,4.05,1.15));
#3229 = VECTOR('',#3230,1.);
#3230 = DIRECTION('',(0.,-1.,0.));
#3231 = PCURVE('',#2534,#3232);
#3232 = DEFINITIONAL_REPRESENTATION('',(#3233),#3237);
#3233 = LINE('',#3234,#3235);
#3234 = CARTESIAN_POINT('',(1.2,0.));
#3235 = VECTOR('',#3236,1.);
#3236 = DIRECTION('',(0.,-1.));
#3237 = ( GEOMETRIC_REPRESENTATION_CONTEXT(2) 
PARAMETRIC_REPRESENTATION_CONTEXT() REPRESENTATION_CONTEXT('2D SPACE',''
  ) );
#3238 = PCURVE('',#2507,#3239);
#3239 = DEFINITIONAL_REPRESENTATION('',(#3240),#3244);
#3240 = LINE('',#3241,#3242);
#3241 = CARTESIAN_POINT('',(1.E-01,0.));
#3242 = VECTOR('',#3243,1.);
#3243 = DIRECTION('',(0.,-1.));
#3244 = ( GEOMETRIC_REPRESENTATION_CONTEXT(2) 
PARAMETRIC_REPRESENTATION_CONTEXT() REPRESENTATION_CONTEXT('2D SPACE',''
  ) );
#3245 = ADVANCED_FACE('',(#3246),#3192,.T.);
#3246 = FACE_BOUND('',#3247,.T.);
#3247 = EDGE_LOOP('',(#3248,#3273,#3301,#3329,#3357,#3378,#3379,#3400));
#3248 = ORIENTED_EDGE('',*,*,#3249,.T.);
#3249 = EDGE_CURVE('',#3250,#3252,#3254,.T.);
#3250 = VERTEX_POINT('',#3251);
#3251 = CARTESIAN_POINT('',(-3.45,3.93,1.15));
#3252 = VERTEX_POINT('',#3253);
#3253 = CARTESIAN_POINT('',(-3.55,3.93,1.15));
#3254 = SURFACE_CURVE('',#3255,(#3259,#3266),.PCURVE_S1.);
#3255 = LINE('',#3256,#3257);
#3256 = CARTESIAN_POINT('',(-2.45,3.93,1.15));
#3257 = VECTOR('',#3258,1.);
#3258 = DIRECTION('',(-1.,0.,0.));
#3259 = PCURVE('',#3192,#3260);
#3260 = DEFINITIONAL_REPRESENTATION('',(#3261),#3265);
#3261 = LINE('',#3262,#3263);
#3262 = CARTESIAN_POINT('',(-0.65,0.55));
#3263 = VECTOR('',#3264,1.);
#3264 = DIRECTION('',(0.,-1.));
#3265 = ( GEOMETRIC_REPRESENTATION_CONTEXT(2) 
PARAMETRIC_REPRESENTATION_CONTEXT() REPRESENTATION_CONTEXT('2D SPACE',''
  ) );
#3266 = PCURVE('',#2507,#3267);
#3267 = DEFINITIONAL_REPRESENTATION('',(#3268),#3272);
#3268 = LINE('',#3269,#3270);
#3269 = CARTESIAN_POINT('',(0.,-0.12));
#3270 = VECTOR('',#3271,1.);
#3271 = DIRECTION('',(1.,0.));
#3272 = ( GEOMETRIC_REPRESENTATION_CONTEXT(2) 
PARAMETRIC_REPRESENTATION_CONTEXT() REPRESENTATION_CONTEXT('2D SPACE',''
  ) );
#3273 = ORIENTED_EDGE('',*,*,#3274,.T.);
#3274 = EDGE_CURVE('',#3252,#3275,#3277,.T.);
#3275 = VERTEX_POINT('',#3276);
#3276 = CARTESIAN_POINT('',(-3.55,3.93,2.45));
#3277 = SURFACE_CURVE('',#3278,(#3282,#3289),.PCURVE_S1.);
#3278 = LINE('',#3279,#3280);
#3279 = CARTESIAN_POINT('',(-3.55,3.93,1.15));
#3280 = VECTOR('',#3281,1.);
#3281 = DIRECTION('',(0.,0.,1.));
#3282 = PCURVE('',#3192,#3283);
#3283 = DEFINITIONAL_REPRESENTATION('',(#3284),#3288);
#3284 = LINE('',#3285,#3286);
#3285 = CARTESIAN_POINT('',(-0.65,-0.55));
#3286 = VECTOR('',#3287,1.);
#3287 = DIRECTION('',(1.,0.));
#3288 = ( GEOMETRIC_REPRESENTATION_CONTEXT(2) 
PARAMETRIC_REPRESENTATION_CONTEXT() REPRESENTATION_CONTEXT('2D SPACE',''
  ) );
#3289 = PCURVE('',#3290,#3295);
#3290 = PLANE('',#3291);
#3291 = AXIS2_PLACEMENT_3D('',#3292,#3293,#3294);
#3292 = CARTESIAN_POINT('',(-3.55,4.05,1.15));
#3293 = DIRECTION('',(-1.,0.,0.));
#3294 = DIRECTION('',(0.,0.,1.));
#3295 = DEFINITIONAL_REPRESENTATION('',(#3296),#3300);
#3296 = LINE('',#3297,#3298);
#3297 = CARTESIAN_POINT('',(0.,-0.12));
#3298 = VECTOR('',#3299,1.);
#3299 = DIRECTION('',(1.,0.));
#3300 = ( GEOMETRIC_REPRESENTATION_CONTEXT(2) 
PARAMETRIC_REPRESENTATION_CONTEXT() REPRESENTATION_CONTEXT('2D SPACE',''
  ) );
#3301 = ORIENTED_EDGE('',*,*,#3302,.T.);
#3302 = EDGE_CURVE('',#3275,#3303,#3305,.T.);
#3303 = VERTEX_POINT('',#3304);
#3304 = CARTESIAN_POINT('',(-2.45,3.93,2.45));
#3305 = SURFACE_CURVE('',#3306,(#3310,#3317),.PCURVE_S1.);
#3306 = LINE('',#3307,#3308);
#3307 = CARTESIAN_POINT('',(-3.55,3.93,2.45));
#3308 = VECTOR('',#3309,1.);
#3309 = DIRECTION('',(1.,0.,0.));
#3310 = PCURVE('',#3192,#3311);
#3311 = DEFINITIONAL_REPRESENTATION('',(#3312),#3316);
#3312 = LINE('',#3313,#3314);
#3313 = CARTESIAN_POINT('',(0.65,-0.55));
#3314 = VECTOR('',#3315,1.);
#3315 = DIRECTION('',(0.,1.));
#3316 = ( GEOMETRIC_REPRESENTATION_CONTEXT(2) 
PARAMETRIC_REPRESENTATION_CONTEXT() REPRESENTATION_CONTEXT('2D SPACE',''
  ) );
#3317 = PCURVE('',#3318,#3323);
#3318 = PLANE('',#3319);
#3319 = AXIS2_PLACEMENT_3D('',#3320,#3321,#3322);
#3320 = CARTESIAN_POINT('',(-3.55,4.05,2.45));
#3321 = DIRECTION('',(0.,0.,1.));
#3322 = DIRECTION('',(1.,0.,0.));
#3323 = DEFINITIONAL_REPRESENTATION('',(#3324),#3328);
#3324 = LINE('',#3325,#3326);
#3325 = CARTESIAN_POINT('',(0.,-0.12));
#3326 = VECTOR('',#3327,1.);
#3327 = DIRECTION('',(1.,0.));
#3328 = ( GEOMETRIC_REPRESENTATION_CONTEXT(2) 
PARAMETRIC_REPRESENTATION_CONTEXT() REPRESENTATION_CONTEXT('2D SPACE',''
  ) );
#3329 = ORIENTED_EDGE('',*,*,#3330,.T.);
#3330 = EDGE_CURVE('',#3303,#3331,#3333,.T.);
#3331 = VERTEX_POINT('',#3332);
#3332 = CARTESIAN_POINT('',(-2.45,3.93,1.15));
#3333 = SURFACE_CURVE('',#3334,(#3338,#3345),.PCURVE_S1.);
#3334 = LINE('',#3335,#3336);
#3335 = CARTESIAN_POINT('',(-2.45,3.93,2.45));
#3336 = VECTOR('',#3337,1.);
#3337 = DIRECTION('',(0.,0.,-1.));
#3338 = PCURVE('',#3192,#3339);
#3339 = DEFINITIONAL_REPRESENTATION('',(#3340),#3344);
#3340 = LINE('',#3341,#3342);
#3341 = CARTESIAN_POINT('',(0.65,0.55));
#3342 = VECTOR('',#3343,1.);
#3343 = DIRECTION('',(-1.,0.));
#3344 = ( GEOMETRIC_REPRESENTATION_CONTEXT(2) 
PARAMETRIC_REPRESENTATION_CONTEXT() REPRESENTATION_CONTEXT('2D SPACE',''
  ) );
#3345 = PCURVE('',#3346,#3351);
#3346 = PLANE('',#3347);
#3347 = AXIS2_PLACEMENT_3D('',#3348,#3349,#3350);
#3348 = CARTESIAN_POINT('',(-2.45,4.05,2.45));
#3349 = DIRECTION('',(1.,0.,0.));
#3350 = DIRECTION('',(0.,0.,-1.));
#3351 = DEFINITIONAL_REPRESENTATION('',(#3352),#3356);
#3352 = LINE('',#3353,#3354);
#3353 = CARTESIAN_POINT('',(0.,-0.12));
#3354 = VECTOR('',#3355,1.);
#3355 = DIRECTION('',(1.,0.));
#3356 = ( GEOMETRIC_REPRESENTATION_CONTEXT(2) 
PARAMETRIC_REPRESENTATION_CONTEXT() REPRESENTATION_CONTEXT('2D SPACE',''
  ) );
#3357 = ORIENTED_EDGE('',*,*,#3358,.T.);
#3358 = EDGE_CURVE('',#3331,#3176,#3359,.T.);
#3359 = SURFACE_CURVE('',#3360,(#3364,#3371),.PCURVE_S1.);
#3360 = LINE('',#3361,#3362);
#3361 = CARTESIAN_POINT('',(-2.45,3.93,1.15));
#3362 = VECTOR('',#3363,1.);
#3363 = DIRECTION('',(-1.,0.,0.));
#3364 = PCURVE('',#3192,#3365);
#3365 = DEFINITIONAL_REPRESENTATION('',(#3366),#3370);
#3366 = LINE('',#3367,#3368);
#3367 = CARTESIAN_POINT('',(-0.65,0.55));
#3368 = VECTOR('',#3369,1.);
#3369 = DIRECTION('',(0.,-1.));
#3370 = ( GEOMETRIC_REPRESENTATION_CONTEXT(2) 
PARAMETRIC_REPRESENTATION_CONTEXT() REPRESENTATION_CONTEXT('2D SPACE',''
  ) );
#3371 = PCURVE('',#2507,#3372);
#3372 = DEFINITIONAL_REPRESENTATION('',(#3373),#3377);
#3373 = LINE('',#3374,#3375);
#3374 = CARTESIAN_POINT('',(0.,-0.12));
#3375 = VECTOR('',#3376,1.);
#3376 = DIRECTION('',(1.,0.));
#3377 = ( GEOMETRIC_REPRESENTATION_CONTEXT(2) 
PARAMETRIC_REPRESENTATION_CONTEXT() REPRESENTATION_CONTEXT('2D SPACE',''
  ) );
#3378 = ORIENTED_EDGE('',*,*,#3175,.T.);
#3379 = ORIENTED_EDGE('',*,*,#3380,.T.);
#3380 = EDGE_CURVE('',#3178,#3381,#3383,.T.);
#3381 = VERTEX_POINT('',#3382);
#3382 = CARTESIAN_POINT('',(-3.45,3.93,2.35));
#3383 = SURFACE_CURVE('',#3384,(#3388,#3394),.PCURVE_S1.);
#3384 = LINE('',#3385,#3386);
#3385 = CARTESIAN_POINT('',(-3.225,3.93,2.35));
#3386 = VECTOR('',#3387,1.);
#3387 = DIRECTION('',(-1.,0.,0.));
#3388 = PCURVE('',#3192,#3389);
#3389 = DEFINITIONAL_REPRESENTATION('',(#3390),#3393);
#3390 = B_SPLINE_CURVE_WITH_KNOTS('',1,(#3391,#3392),.UNSPECIFIED.,.F.,
  .F.,(2,2),(-0.675,0.225),.PIECEWISE_BEZIER_KNOTS.);
#3391 = CARTESIAN_POINT('',(0.55,0.45));
#3392 = CARTESIAN_POINT('',(0.55,-0.45));
#3393 = ( GEOMETRIC_REPRESENTATION_CONTEXT(2) 
PARAMETRIC_REPRESENTATION_CONTEXT() REPRESENTATION_CONTEXT('2D SPACE',''
  ) );
#3394 = PCURVE('',#2558,#3395);
#3395 = DEFINITIONAL_REPRESENTATION('',(#3396),#3399);
#3396 = B_SPLINE_CURVE_WITH_KNOTS('',1,(#3397,#3398),.UNSPECIFIED.,.F.,
  .F.,(2,2),(-0.675,0.225),.PIECEWISE_BEZIER_KNOTS.);
#3397 = CARTESIAN_POINT('',(0.9,-0.12));
#3398 = CARTESIAN_POINT('',(0.,-0.12));
#3399 = ( GEOMETRIC_REPRESENTATION_CONTEXT(2) 
PARAMETRIC_REPRESENTATION_CONTEXT() REPRESENTATION_CONTEXT('2D SPACE',''
  ) );
#3400 = ORIENTED_EDGE('',*,*,#3401,.T.);
#3401 = EDGE_CURVE('',#3381,#3250,#3402,.T.);
#3402 = SURFACE_CURVE('',#3403,(#3407,#3413),.PCURVE_S1.);
#3403 = LINE('',#3404,#3405);
#3404 = CARTESIAN_POINT('',(-3.45,3.93,1.475));
#3405 = VECTOR('',#3406,1.);
#3406 = DIRECTION('',(0.,0.,-1.));
#3407 = PCURVE('',#3192,#3408);
#3408 = DEFINITIONAL_REPRESENTATION('',(#3409),#3412);
#3409 = B_SPLINE_CURVE_WITH_KNOTS('',1,(#3410,#3411),.UNSPECIFIED.,.F.,
  .F.,(2,2),(-0.875,0.325),.PIECEWISE_BEZIER_KNOTS.);
#3410 = CARTESIAN_POINT('',(0.55,-0.45));
#3411 = CARTESIAN_POINT('',(-0.65,-0.45));
#3412 = ( GEOMETRIC_REPRESENTATION_CONTEXT(2) 
PARAMETRIC_REPRESENTATION_CONTEXT() REPRESENTATION_CONTEXT('2D SPACE',''
  ) );
#3413 = PCURVE('',#2481,#3414);
#3414 = DEFINITIONAL_REPRESENTATION('',(#3415),#3418);
#3415 = B_SPLINE_CURVE_WITH_KNOTS('',1,(#3416,#3417),.UNSPECIFIED.,.F.,
  .F.,(2,2),(-0.875,0.325),.PIECEWISE_BEZIER_KNOTS.);
#3416 = CARTESIAN_POINT('',(1.2,-0.12));
#3417 = CARTESIAN_POINT('',(0.,-0.12));
#3418 = ( GEOMETRIC_REPRESENTATION_CONTEXT(2) 
PARAMETRIC_REPRESENTATION_CONTEXT() REPRESENTATION_CONTEXT('2D SPACE',''
  ) );
#3419 = ADVANCED_FACE('',(#3420),#3290,.F.);
#3420 = FACE_BOUND('',#3421,.F.);
#3421 = EDGE_LOOP('',(#3422,#3445,#3466,#3467));
#3422 = ORIENTED_EDGE('',*,*,#3423,.F.);
#3423 = EDGE_CURVE('',#3424,#3426,#3428,.T.);
#3424 = VERTEX_POINT('',#3425);
#3425 = CARTESIAN_POINT('',(-3.55,4.,1.15));
#3426 = VERTEX_POINT('',#3427);
#3427 = CARTESIAN_POINT('',(-3.55,4.,2.45));
#3428 = SURFACE_CURVE('',#3429,(#3433,#3439),.PCURVE_S1.);
#3429 = LINE('',#3430,#3431);
#3430 = CARTESIAN_POINT('',(-3.55,4.,0.65));
#3431 = VECTOR('',#3432,1.);
#3432 = DIRECTION('',(0.,-0.,1.));
#3433 = PCURVE('',#3290,#3434);
#3434 = DEFINITIONAL_REPRESENTATION('',(#3435),#3438);
#3435 = B_SPLINE_CURVE_WITH_KNOTS('',1,(#3436,#3437),.UNSPECIFIED.,.F.,
  .F.,(2,2),(0.5,1.8),.PIECEWISE_BEZIER_KNOTS.);
#3436 = CARTESIAN_POINT('',(0.,-5.E-02));
#3437 = CARTESIAN_POINT('',(1.3,-5.E-02));
#3438 = ( GEOMETRIC_REPRESENTATION_CONTEXT(2) 
PARAMETRIC_REPRESENTATION_CONTEXT() REPRESENTATION_CONTEXT('2D SPACE',''
  ) );
#3439 = PCURVE('',#1657,#3440);
#3440 = DEFINITIONAL_REPRESENTATION('',(#3441),#3444);
#3441 = B_SPLINE_CURVE_WITH_KNOTS('',1,(#3442,#3443),.UNSPECIFIED.,.F.,
  .F.,(2,2),(0.5,1.8),.PIECEWISE_BEZIER_KNOTS.);
#3442 = CARTESIAN_POINT('',(1.,1.45));
#3443 = CARTESIAN_POINT('',(2.3,1.45));
#3444 = ( GEOMETRIC_REPRESENTATION_CONTEXT(2) 
PARAMETRIC_REPRESENTATION_CONTEXT() REPRESENTATION_CONTEXT('2D SPACE',''
  ) );
#3445 = ORIENTED_EDGE('',*,*,#3446,.T.);
#3446 = EDGE_CURVE('',#3424,#3252,#3447,.T.);
#3447 = SURFACE_CURVE('',#3448,(#3452,#3459),.PCURVE_S1.);
#3448 = LINE('',#3449,#3450);
#3449 = CARTESIAN_POINT('',(-3.55,4.05,1.15));
#3450 = VECTOR('',#3451,1.);
#3451 = DIRECTION('',(0.,-1.,0.));
#3452 = PCURVE('',#3290,#3453);
#3453 = DEFINITIONAL_REPRESENTATION('',(#3454),#3458);
#3454 = LINE('',#3455,#3456);
#3455 = CARTESIAN_POINT('',(0.,0.));
#3456 = VECTOR('',#3457,1.);
#3457 = DIRECTION('',(0.,-1.));
#3458 = ( GEOMETRIC_REPRESENTATION_CONTEXT(2) 
PARAMETRIC_REPRESENTATION_CONTEXT() REPRESENTATION_CONTEXT('2D SPACE',''
  ) );
#3459 = PCURVE('',#2507,#3460);
#3460 = DEFINITIONAL_REPRESENTATION('',(#3461),#3465);
#3461 = LINE('',#3462,#3463);
#3462 = CARTESIAN_POINT('',(1.1,0.));
#3463 = VECTOR('',#3464,1.);
#3464 = DIRECTION('',(0.,-1.));
#3465 = ( GEOMETRIC_REPRESENTATION_CONTEXT(2) 
PARAMETRIC_REPRESENTATION_CONTEXT() REPRESENTATION_CONTEXT('2D SPACE',''
  ) );
#3466 = ORIENTED_EDGE('',*,*,#3274,.T.);
#3467 = ORIENTED_EDGE('',*,*,#3468,.F.);
#3468 = EDGE_CURVE('',#3426,#3275,#3469,.T.);
#3469 = SURFACE_CURVE('',#3470,(#3474,#3481),.PCURVE_S1.);
#3470 = LINE('',#3471,#3472);
#3471 = CARTESIAN_POINT('',(-3.55,4.05,2.45));
#3472 = VECTOR('',#3473,1.);
#3473 = DIRECTION('',(0.,-1.,0.));
#3474 = PCURVE('',#3290,#3475);
#3475 = DEFINITIONAL_REPRESENTATION('',(#3476),#3480);
#3476 = LINE('',#3477,#3478);
#3477 = CARTESIAN_POINT('',(1.3,0.));
#3478 = VECTOR('',#3479,1.);
#3479 = DIRECTION('',(0.,-1.));
#3480 = ( GEOMETRIC_REPRESENTATION_CONTEXT(2) 
PARAMETRIC_REPRESENTATION_CONTEXT() REPRESENTATION_CONTEXT('2D SPACE',''
  ) );
#3481 = PCURVE('',#3318,#3482);
#3482 = DEFINITIONAL_REPRESENTATION('',(#3483),#3487);
#3483 = LINE('',#3484,#3485);
#3484 = CARTESIAN_POINT('',(0.,0.));
#3485 = VECTOR('',#3486,1.);
#3486 = DIRECTION('',(0.,-1.));
#3487 = ( GEOMETRIC_REPRESENTATION_CONTEXT(2) 
PARAMETRIC_REPRESENTATION_CONTEXT() REPRESENTATION_CONTEXT('2D SPACE',''
  ) );
#3488 = ADVANCED_FACE('',(#3489),#3318,.F.);
#3489 = FACE_BOUND('',#3490,.F.);
#3490 = EDGE_LOOP('',(#3491,#3512,#3513,#3514));
#3491 = ORIENTED_EDGE('',*,*,#3492,.F.);
#3492 = EDGE_CURVE('',#3426,#3493,#3495,.T.);
#3493 = VERTEX_POINT('',#3494);
#3494 = CARTESIAN_POINT('',(-2.45,4.,2.45));
#3495 = SURFACE_CURVE('',#3496,(#3500,#3506),.PCURVE_S1.);
#3496 = LINE('',#3497,#3498);
#3497 = CARTESIAN_POINT('',(-4.275,4.,2.45));
#3498 = VECTOR('',#3499,1.);
#3499 = DIRECTION('',(1.,0.,0.));
#3500 = PCURVE('',#3318,#3501);
#3501 = DEFINITIONAL_REPRESENTATION('',(#3502),#3505);
#3502 = B_SPLINE_CURVE_WITH_KNOTS('',1,(#3503,#3504),.UNSPECIFIED.,.F.,
  .F.,(2,2),(0.725,1.825),.PIECEWISE_BEZIER_KNOTS.);
#3503 = CARTESIAN_POINT('',(0.,-5.E-02));
#3504 = CARTESIAN_POINT('',(1.1,-5.E-02));
#3505 = ( GEOMETRIC_REPRESENTATION_CONTEXT(2) 
PARAMETRIC_REPRESENTATION_CONTEXT() REPRESENTATION_CONTEXT('2D SPACE',''
  ) );
#3506 = PCURVE('',#1657,#3507);
#3507 = DEFINITIONAL_REPRESENTATION('',(#3508),#3511);
#3508 = B_SPLINE_CURVE_WITH_KNOTS('',1,(#3509,#3510),.UNSPECIFIED.,.F.,
  .F.,(2,2),(0.725,1.825),.PIECEWISE_BEZIER_KNOTS.);
#3509 = CARTESIAN_POINT('',(2.3,1.45));
#3510 = CARTESIAN_POINT('',(2.3,2.55));
#3511 = ( GEOMETRIC_REPRESENTATION_CONTEXT(2) 
PARAMETRIC_REPRESENTATION_CONTEXT() REPRESENTATION_CONTEXT('2D SPACE',''
  ) );
#3512 = ORIENTED_EDGE('',*,*,#3468,.T.);
#3513 = ORIENTED_EDGE('',*,*,#3302,.T.);
#3514 = ORIENTED_EDGE('',*,*,#3515,.F.);
#3515 = EDGE_CURVE('',#3493,#3303,#3516,.T.);
#3516 = SURFACE_CURVE('',#3517,(#3521,#3528),.PCURVE_S1.);
#3517 = LINE('',#3518,#3519);
#3518 = CARTESIAN_POINT('',(-2.45,4.05,2.45));
#3519 = VECTOR('',#3520,1.);
#3520 = DIRECTION('',(0.,-1.,0.));
#3521 = PCURVE('',#3318,#3522);
#3522 = DEFINITIONAL_REPRESENTATION('',(#3523),#3527);
#3523 = LINE('',#3524,#3525);
#3524 = CARTESIAN_POINT('',(1.1,0.));
#3525 = VECTOR('',#3526,1.);
#3526 = DIRECTION('',(0.,-1.));
#3527 = ( GEOMETRIC_REPRESENTATION_CONTEXT(2) 
PARAMETRIC_REPRESENTATION_CONTEXT() REPRESENTATION_CONTEXT('2D SPACE',''
  ) );
#3528 = PCURVE('',#3346,#3529);
#3529 = DEFINITIONAL_REPRESENTATION('',(#3530),#3534);
#3530 = LINE('',#3531,#3532);
#3531 = CARTESIAN_POINT('',(0.,0.));
#3532 = VECTOR('',#3533,1.);
#3533 = DIRECTION('',(0.,-1.));
#3534 = ( GEOMETRIC_REPRESENTATION_CONTEXT(2) 
PARAMETRIC_REPRESENTATION_CONTEXT() REPRESENTATION_CONTEXT('2D SPACE',''
  ) );
#3535 = ADVANCED_FACE('',(#3536),#3346,.F.);
#3536 = FACE_BOUND('',#3537,.F.);
#3537 = EDGE_LOOP('',(#3538,#3559,#3560,#3561));
#3538 = ORIENTED_EDGE('',*,*,#3539,.F.);
#3539 = EDGE_CURVE('',#3493,#3540,#3542,.T.);
#3540 = VERTEX_POINT('',#3541);
#3541 = CARTESIAN_POINT('',(-2.45,4.,1.15));
#3542 = SURFACE_CURVE('',#3543,(#3547,#3553),.PCURVE_S1.);
#3543 = LINE('',#3544,#3545);
#3544 = CARTESIAN_POINT('',(-2.45,4.,1.3));
#3545 = VECTOR('',#3546,1.);
#3546 = DIRECTION('',(0.,0.,-1.));
#3547 = PCURVE('',#3346,#3548);
#3548 = DEFINITIONAL_REPRESENTATION('',(#3549),#3552);
#3549 = B_SPLINE_CURVE_WITH_KNOTS('',1,(#3550,#3551),.UNSPECIFIED.,.F.,
  .F.,(2,2),(-1.15,0.15),.PIECEWISE_BEZIER_KNOTS.);
#3550 = CARTESIAN_POINT('',(0.,-5.E-02));
#3551 = CARTESIAN_POINT('',(1.3,-5.E-02));
#3552 = ( GEOMETRIC_REPRESENTATION_CONTEXT(2) 
PARAMETRIC_REPRESENTATION_CONTEXT() REPRESENTATION_CONTEXT('2D SPACE',''
  ) );
#3553 = PCURVE('',#1657,#3554);
#3554 = DEFINITIONAL_REPRESENTATION('',(#3555),#3558);
#3555 = B_SPLINE_CURVE_WITH_KNOTS('',1,(#3556,#3557),.UNSPECIFIED.,.F.,
  .F.,(2,2),(-1.15,0.15),.PIECEWISE_BEZIER_KNOTS.);
#3556 = CARTESIAN_POINT('',(2.3,2.55));
#3557 = CARTESIAN_POINT('',(1.,2.55));
#3558 = ( GEOMETRIC_REPRESENTATION_CONTEXT(2) 
PARAMETRIC_REPRESENTATION_CONTEXT() REPRESENTATION_CONTEXT('2D SPACE',''
  ) );
#3559 = ORIENTED_EDGE('',*,*,#3515,.T.);
#3560 = ORIENTED_EDGE('',*,*,#3330,.T.);
#3561 = ORIENTED_EDGE('',*,*,#3562,.F.);
#3562 = EDGE_CURVE('',#3540,#3331,#3563,.T.);
#3563 = SURFACE_CURVE('',#3564,(#3568,#3575),.PCURVE_S1.);
#3564 = LINE('',#3565,#3566);
#3565 = CARTESIAN_POINT('',(-2.45,4.05,1.15));
#3566 = VECTOR('',#3567,1.);
#3567 = DIRECTION('',(0.,-1.,0.));
#3568 = PCURVE('',#3346,#3569);
#3569 = DEFINITIONAL_REPRESENTATION('',(#3570),#3574);
#3570 = LINE('',#3571,#3572);
#3571 = CARTESIAN_POINT('',(1.3,0.));
#3572 = VECTOR('',#3573,1.);
#3573 = DIRECTION('',(0.,-1.));
#3574 = ( GEOMETRIC_REPRESENTATION_CONTEXT(2) 
PARAMETRIC_REPRESENTATION_CONTEXT() REPRESENTATION_CONTEXT('2D SPACE',''
  ) );
#3575 = PCURVE('',#2507,#3576);
#3576 = DEFINITIONAL_REPRESENTATION('',(#3577),#3581);
#3577 = LINE('',#3578,#3579);
#3578 = CARTESIAN_POINT('',(0.,0.));
#3579 = VECTOR('',#3580,1.);
#3580 = DIRECTION('',(0.,-1.));
#3581 = ( GEOMETRIC_REPRESENTATION_CONTEXT(2) 
PARAMETRIC_REPRESENTATION_CONTEXT() REPRESENTATION_CONTEXT('2D SPACE',''
  ) );
#3582 = ADVANCED_FACE('',(#3583),#2558,.F.);
#3583 = FACE_BOUND('',#3584,.F.);
#3584 = EDGE_LOOP('',(#3585,#3586,#3607,#3608));
#3585 = ORIENTED_EDGE('',*,*,#3380,.T.);
#3586 = ORIENTED_EDGE('',*,*,#3587,.T.);
#3587 = EDGE_CURVE('',#3381,#2467,#3588,.T.);
#3588 = SURFACE_CURVE('',#3589,(#3593,#3600),.PCURVE_S1.);
#3589 = LINE('',#3590,#3591);
#3590 = CARTESIAN_POINT('',(-3.45,4.05,2.35));
#3591 = VECTOR('',#3592,1.);
#3592 = DIRECTION('',(0.,-1.,0.));
#3593 = PCURVE('',#2558,#3594);
#3594 = DEFINITIONAL_REPRESENTATION('',(#3595),#3599);
#3595 = LINE('',#3596,#3597);
#3596 = CARTESIAN_POINT('',(0.,0.));
#3597 = VECTOR('',#3598,1.);
#3598 = DIRECTION('',(0.,-1.));
#3599 = ( GEOMETRIC_REPRESENTATION_CONTEXT(2) 
PARAMETRIC_REPRESENTATION_CONTEXT() REPRESENTATION_CONTEXT('2D SPACE',''
  ) );
#3600 = PCURVE('',#2481,#3601);
#3601 = DEFINITIONAL_REPRESENTATION('',(#3602),#3606);
#3602 = LINE('',#3603,#3604);
#3603 = CARTESIAN_POINT('',(1.2,0.));
#3604 = VECTOR('',#3605,1.);
#3605 = DIRECTION('',(0.,-1.));
#3606 = ( GEOMETRIC_REPRESENTATION_CONTEXT(2) 
PARAMETRIC_REPRESENTATION_CONTEXT() REPRESENTATION_CONTEXT('2D SPACE',''
  ) );
#3607 = ORIENTED_EDGE('',*,*,#2545,.T.);
#3608 = ORIENTED_EDGE('',*,*,#3203,.F.);
#3609 = ADVANCED_FACE('',(#3610),#2507,.F.);
#3610 = FACE_BOUND('',#3611,.F.);
#3611 = EDGE_LOOP('',(#3612,#3613,#3634,#3635,#3636,#3637,#3638,#3659));
#3612 = ORIENTED_EDGE('',*,*,#3446,.F.);
#3613 = ORIENTED_EDGE('',*,*,#3614,.T.);
#3614 = EDGE_CURVE('',#3424,#3540,#3615,.T.);
#3615 = SURFACE_CURVE('',#3616,(#3620,#3627),.PCURVE_S1.);
#3616 = LINE('',#3617,#3618);
#3617 = CARTESIAN_POINT('',(-3.55,4.,1.15));
#3618 = VECTOR('',#3619,1.);
#3619 = DIRECTION('',(1.,0.,0.));
#3620 = PCURVE('',#2507,#3621);
#3621 = DEFINITIONAL_REPRESENTATION('',(#3622),#3626);
#3622 = LINE('',#3623,#3624);
#3623 = CARTESIAN_POINT('',(1.1,-5.E-02));
#3624 = VECTOR('',#3625,1.);
#3625 = DIRECTION('',(-1.,0.));
#3626 = ( GEOMETRIC_REPRESENTATION_CONTEXT(2) 
PARAMETRIC_REPRESENTATION_CONTEXT() REPRESENTATION_CONTEXT('2D SPACE',''
  ) );
#3627 = PCURVE('',#1657,#3628);
#3628 = DEFINITIONAL_REPRESENTATION('',(#3629),#3633);
#3629 = LINE('',#3630,#3631);
#3630 = CARTESIAN_POINT('',(1.,1.45));
#3631 = VECTOR('',#3632,1.);
#3632 = DIRECTION('',(0.,1.));
#3633 = ( GEOMETRIC_REPRESENTATION_CONTEXT(2) 
PARAMETRIC_REPRESENTATION_CONTEXT() REPRESENTATION_CONTEXT('2D SPACE',''
  ) );
#3634 = ORIENTED_EDGE('',*,*,#3562,.T.);
#3635 = ORIENTED_EDGE('',*,*,#3358,.T.);
#3636 = ORIENTED_EDGE('',*,*,#3225,.T.);
#3637 = ORIENTED_EDGE('',*,*,#2492,.T.);
#3638 = ORIENTED_EDGE('',*,*,#3639,.F.);
#3639 = EDGE_CURVE('',#3250,#2465,#3640,.T.);
#3640 = SURFACE_CURVE('',#3641,(#3645,#3652),.PCURVE_S1.);
#3641 = LINE('',#3642,#3643);
#3642 = CARTESIAN_POINT('',(-3.45,4.05,1.15));
#3643 = VECTOR('',#3644,1.);
#3644 = DIRECTION('',(0.,-1.,0.));
#3645 = PCURVE('',#2507,#3646);
#3646 = DEFINITIONAL_REPRESENTATION('',(#3647),#3651);
#3647 = LINE('',#3648,#3649);
#3648 = CARTESIAN_POINT('',(1.,0.));
#3649 = VECTOR('',#3650,1.);
#3650 = DIRECTION('',(0.,-1.));
#3651 = ( GEOMETRIC_REPRESENTATION_CONTEXT(2) 
PARAMETRIC_REPRESENTATION_CONTEXT() REPRESENTATION_CONTEXT('2D SPACE',''
  ) );
#3652 = PCURVE('',#2481,#3653);
#3653 = DEFINITIONAL_REPRESENTATION('',(#3654),#3658);
#3654 = LINE('',#3655,#3656);
#3655 = CARTESIAN_POINT('',(0.,0.));
#3656 = VECTOR('',#3657,1.);
#3657 = DIRECTION('',(0.,-1.));
#3658 = ( GEOMETRIC_REPRESENTATION_CONTEXT(2) 
PARAMETRIC_REPRESENTATION_CONTEXT() REPRESENTATION_CONTEXT('2D SPACE',''
  ) );
#3659 = ORIENTED_EDGE('',*,*,#3249,.T.);
#3660 = ADVANCED_FACE('',(#3661),#2481,.F.);
#3661 = FACE_BOUND('',#3662,.F.);
#3662 = EDGE_LOOP('',(#3663,#3664,#3665,#3666));
#3663 = ORIENTED_EDGE('',*,*,#3401,.T.);
#3664 = ORIENTED_EDGE('',*,*,#3639,.T.);
#3665 = ORIENTED_EDGE('',*,*,#2464,.T.);
#3666 = ORIENTED_EDGE('',*,*,#3587,.F.);
#3667 = ADVANCED_FACE('',(#3668),#2412,.F.);
#3668 = FACE_BOUND('',#3669,.F.);
#3669 = EDGE_LOOP('',(#3670,#3698,#3719,#3720));
#3670 = ORIENTED_EDGE('',*,*,#3671,.T.);
#3671 = EDGE_CURVE('',#3672,#3674,#3676,.T.);
#3672 = VERTEX_POINT('',#3673);
#3673 = CARTESIAN_POINT('',(-0.5,3.94,2.5));
#3674 = VERTEX_POINT('',#3675);
#3675 = CARTESIAN_POINT('',(-0.5,3.94,0.15));
#3676 = SURFACE_CURVE('',#3677,(#3681,#3687),.PCURVE_S1.);
#3677 = LINE('',#3678,#3679);
#3678 = CARTESIAN_POINT('',(-0.5,3.94,0.7625));
#3679 = VECTOR('',#3680,1.);
#3680 = DIRECTION('',(0.,0.,-1.));
#3681 = PCURVE('',#2412,#3682);
#3682 = DEFINITIONAL_REPRESENTATION('',(#3683),#3686);
#3683 = B_SPLINE_CURVE_WITH_KNOTS('',1,(#3684,#3685),.UNSPECIFIED.,.F.,
  .F.,(2,2),(-1.7375,0.6125),.PIECEWISE_BEZIER_KNOTS.);
#3684 = CARTESIAN_POINT('',(2.35,-0.11));
#3685 = CARTESIAN_POINT('',(0.,-0.11));
#3686 = ( GEOMETRIC_REPRESENTATION_CONTEXT(2) 
PARAMETRIC_REPRESENTATION_CONTEXT() REPRESENTATION_CONTEXT('2D SPACE',''
  ) );
#3687 = PCURVE('',#3688,#3693);
#3688 = PLANE('',#3689);
#3689 = AXIS2_PLACEMENT_3D('',#3690,#3691,#3692);
#3690 = CARTESIAN_POINT('',(-3.041706916781E-17,3.94,1.375));
#3691 = DIRECTION('',(0.,1.,0.));
#3692 = DIRECTION('',(0.,0.,1.));
#3693 = DEFINITIONAL_REPRESENTATION('',(#3694),#3697);
#3694 = B_SPLINE_CURVE_WITH_KNOTS('',1,(#3695,#3696),.UNSPECIFIED.,.F.,
  .F.,(2,2),(-1.7375,0.6125),.PIECEWISE_BEZIER_KNOTS.);
#3695 = CARTESIAN_POINT('',(1.125,-0.5));
#3696 = CARTESIAN_POINT('',(-1.225,-0.5));
#3697 = ( GEOMETRIC_REPRESENTATION_CONTEXT(2) 
PARAMETRIC_REPRESENTATION_CONTEXT() REPRESENTATION_CONTEXT('2D SPACE',''
  ) );
#3698 = ORIENTED_EDGE('',*,*,#3699,.T.);
#3699 = EDGE_CURVE('',#3674,#2398,#3700,.T.);
#3700 = SURFACE_CURVE('',#3701,(#3705,#3712),.PCURVE_S1.);
#3701 = LINE('',#3702,#3703);
#3702 = CARTESIAN_POINT('',(-0.5,4.05,0.15));
#3703 = VECTOR('',#3704,1.);
#3704 = DIRECTION('',(0.,-1.,0.));
#3705 = PCURVE('',#2412,#3706);
#3706 = DEFINITIONAL_REPRESENTATION('',(#3707),#3711);
#3707 = LINE('',#3708,#3709);
#3708 = CARTESIAN_POINT('',(0.,0.));
#3709 = VECTOR('',#3710,1.);
#3710 = DIRECTION('',(0.,-1.));
#3711 = ( GEOMETRIC_REPRESENTATION_CONTEXT(2) 
PARAMETRIC_REPRESENTATION_CONTEXT() REPRESENTATION_CONTEXT('2D SPACE',''
  ) );
#3712 = PCURVE('',#1629,#3713);
#3713 = DEFINITIONAL_REPRESENTATION('',(#3714),#3718);
#3714 = LINE('',#3715,#3716);
#3715 = CARTESIAN_POINT('',(4.5,8.05));
#3716 = VECTOR('',#3717,1.);
#3717 = DIRECTION('',(0.,-1.));
#3718 = ( GEOMETRIC_REPRESENTATION_CONTEXT(2) 
PARAMETRIC_REPRESENTATION_CONTEXT() REPRESENTATION_CONTEXT('2D SPACE',''
  ) );
#3719 = ORIENTED_EDGE('',*,*,#2397,.T.);
#3720 = ORIENTED_EDGE('',*,*,#3721,.F.);
#3721 = EDGE_CURVE('',#3672,#2372,#3722,.T.);
#3722 = SURFACE_CURVE('',#3723,(#3727,#3734),.PCURVE_S1.);
#3723 = LINE('',#3724,#3725);
#3724 = CARTESIAN_POINT('',(-0.5,4.05,2.5));
#3725 = VECTOR('',#3726,1.);
#3726 = DIRECTION('',(0.,-1.,0.));
#3727 = PCURVE('',#2412,#3728);
#3728 = DEFINITIONAL_REPRESENTATION('',(#3729),#3733);
#3729 = LINE('',#3730,#3731);
#3730 = CARTESIAN_POINT('',(2.35,0.));
#3731 = VECTOR('',#3732,1.);
#3732 = DIRECTION('',(0.,-1.));
#3733 = ( GEOMETRIC_REPRESENTATION_CONTEXT(2) 
PARAMETRIC_REPRESENTATION_CONTEXT() REPRESENTATION_CONTEXT('2D SPACE',''
  ) );
#3734 = PCURVE('',#2386,#3735);
#3735 = DEFINITIONAL_REPRESENTATION('',(#3736),#3740);
#3736 = LINE('',#3737,#3738);
#3737 = CARTESIAN_POINT('',(0.,0.));
#3738 = VECTOR('',#3739,1.);
#3739 = DIRECTION('',(0.,-1.));
#3740 = ( GEOMETRIC_REPRESENTATION_CONTEXT(2) 
PARAMETRIC_REPRESENTATION_CONTEXT() REPRESENTATION_CONTEXT('2D SPACE',''
  ) );
#3741 = ADVANCED_FACE('',(#3742),#3688,.T.);
#3742 = FACE_BOUND('',#3743,.T.);
#3743 = EDGE_LOOP('',(#3744,#3767,#3795,#3823,#3851,#3874,#3895,#3914));
#3744 = ORIENTED_EDGE('',*,*,#3745,.T.);
#3745 = EDGE_CURVE('',#3674,#3746,#3748,.T.);
#3746 = VERTEX_POINT('',#3747);
#3747 = CARTESIAN_POINT('',(-0.6,3.94,0.15));
#3748 = SURFACE_CURVE('',#3749,(#3753,#3760),.PCURVE_S1.);
#3749 = LINE('',#3750,#3751);
#3750 = CARTESIAN_POINT('',(0.6,3.94,0.15));
#3751 = VECTOR('',#3752,1.);
#3752 = DIRECTION('',(-1.,0.,0.));
#3753 = PCURVE('',#3688,#3754);
#3754 = DEFINITIONAL_REPRESENTATION('',(#3755),#3759);
#3755 = LINE('',#3756,#3757);
#3756 = CARTESIAN_POINT('',(-1.225,0.6));
#3757 = VECTOR('',#3758,1.);
#3758 = DIRECTION('',(0.,-1.));
#3759 = ( GEOMETRIC_REPRESENTATION_CONTEXT(2) 
PARAMETRIC_REPRESENTATION_CONTEXT() REPRESENTATION_CONTEXT('2D SPACE',''
  ) );
#3760 = PCURVE('',#1629,#3761);
#3761 = DEFINITIONAL_REPRESENTATION('',(#3762),#3766);
#3762 = LINE('',#3763,#3764);
#3763 = CARTESIAN_POINT('',(5.6,7.94));
#3764 = VECTOR('',#3765,1.);
#3765 = DIRECTION('',(-1.,0.));
#3766 = ( GEOMETRIC_REPRESENTATION_CONTEXT(2) 
PARAMETRIC_REPRESENTATION_CONTEXT() REPRESENTATION_CONTEXT('2D SPACE',''
  ) );
#3767 = ORIENTED_EDGE('',*,*,#3768,.T.);
#3768 = EDGE_CURVE('',#3746,#3769,#3771,.T.);
#3769 = VERTEX_POINT('',#3770);
#3770 = CARTESIAN_POINT('',(-0.6,3.94,2.6));
#3771 = SURFACE_CURVE('',#3772,(#3776,#3783),.PCURVE_S1.);
#3772 = LINE('',#3773,#3774);
#3773 = CARTESIAN_POINT('',(-0.6,3.94,0.15));
#3774 = VECTOR('',#3775,1.);
#3775 = DIRECTION('',(0.,0.,1.));
#3776 = PCURVE('',#3688,#3777);
#3777 = DEFINITIONAL_REPRESENTATION('',(#3778),#3782);
#3778 = LINE('',#3779,#3780);
#3779 = CARTESIAN_POINT('',(-1.225,-0.6));
#3780 = VECTOR('',#3781,1.);
#3781 = DIRECTION('',(1.,0.));
#3782 = ( GEOMETRIC_REPRESENTATION_CONTEXT(2) 
PARAMETRIC_REPRESENTATION_CONTEXT() REPRESENTATION_CONTEXT('2D SPACE',''
  ) );
#3783 = PCURVE('',#3784,#3789);
#3784 = PLANE('',#3785);
#3785 = AXIS2_PLACEMENT_3D('',#3786,#3787,#3788);
#3786 = CARTESIAN_POINT('',(-0.6,4.05,0.15));
#3787 = DIRECTION('',(-1.,0.,0.));
#3788 = DIRECTION('',(0.,0.,1.));
#3789 = DEFINITIONAL_REPRESENTATION('',(#3790),#3794);
#3790 = LINE('',#3791,#3792);
#3791 = CARTESIAN_POINT('',(0.,-0.11));
#3792 = VECTOR('',#3793,1.);
#3793 = DIRECTION('',(1.,0.));
#3794 = ( GEOMETRIC_REPRESENTATION_CONTEXT(2) 
PARAMETRIC_REPRESENTATION_CONTEXT() REPRESENTATION_CONTEXT('2D SPACE',''
  ) );
#3795 = ORIENTED_EDGE('',*,*,#3796,.T.);
#3796 = EDGE_CURVE('',#3769,#3797,#3799,.T.);
#3797 = VERTEX_POINT('',#3798);
#3798 = CARTESIAN_POINT('',(0.6,3.94,2.6));
#3799 = SURFACE_CURVE('',#3800,(#3804,#3811),.PCURVE_S1.);
#3800 = LINE('',#3801,#3802);
#3801 = CARTESIAN_POINT('',(-0.6,3.94,2.6));
#3802 = VECTOR('',#3803,1.);
#3803 = DIRECTION('',(1.,0.,0.));
#3804 = PCURVE('',#3688,#3805);
#3805 = DEFINITIONAL_REPRESENTATION('',(#3806),#3810);
#3806 = LINE('',#3807,#3808);
#3807 = CARTESIAN_POINT('',(1.225,-0.6));
#3808 = VECTOR('',#3809,1.);
#3809 = DIRECTION('',(0.,1.));
#3810 = ( GEOMETRIC_REPRESENTATION_CONTEXT(2) 
PARAMETRIC_REPRESENTATION_CONTEXT() REPRESENTATION_CONTEXT('2D SPACE',''
  ) );
#3811 = PCURVE('',#3812,#3817);
#3812 = PLANE('',#3813);
#3813 = AXIS2_PLACEMENT_3D('',#3814,#3815,#3816);
#3814 = CARTESIAN_POINT('',(-0.6,4.05,2.6));
#3815 = DIRECTION('',(0.,0.,1.));
#3816 = DIRECTION('',(1.,0.,0.));
#3817 = DEFINITIONAL_REPRESENTATION('',(#3818),#3822);
#3818 = LINE('',#3819,#3820);
#3819 = CARTESIAN_POINT('',(0.,-0.11));
#3820 = VECTOR('',#3821,1.);
#3821 = DIRECTION('',(1.,0.));
#3822 = ( GEOMETRIC_REPRESENTATION_CONTEXT(2) 
PARAMETRIC_REPRESENTATION_CONTEXT() REPRESENTATION_CONTEXT('2D SPACE',''
  ) );
#3823 = ORIENTED_EDGE('',*,*,#3824,.T.);
#3824 = EDGE_CURVE('',#3797,#3825,#3827,.T.);
#3825 = VERTEX_POINT('',#3826);
#3826 = CARTESIAN_POINT('',(0.6,3.94,0.15));
#3827 = SURFACE_CURVE('',#3828,(#3832,#3839),.PCURVE_S1.);
#3828 = LINE('',#3829,#3830);
#3829 = CARTESIAN_POINT('',(0.6,3.94,2.6));
#3830 = VECTOR('',#3831,1.);
#3831 = DIRECTION('',(0.,0.,-1.));
#3832 = PCURVE('',#3688,#3833);
#3833 = DEFINITIONAL_REPRESENTATION('',(#3834),#3838);
#3834 = LINE('',#3835,#3836);
#3835 = CARTESIAN_POINT('',(1.225,0.6));
#3836 = VECTOR('',#3837,1.);
#3837 = DIRECTION('',(-1.,0.));
#3838 = ( GEOMETRIC_REPRESENTATION_CONTEXT(2) 
PARAMETRIC_REPRESENTATION_CONTEXT() REPRESENTATION_CONTEXT('2D SPACE',''
  ) );
#3839 = PCURVE('',#3840,#3845);
#3840 = PLANE('',#3841);
#3841 = AXIS2_PLACEMENT_3D('',#3842,#3843,#3844);
#3842 = CARTESIAN_POINT('',(0.6,4.05,2.6));
#3843 = DIRECTION('',(1.,0.,0.));
#3844 = DIRECTION('',(0.,0.,-1.));
#3845 = DEFINITIONAL_REPRESENTATION('',(#3846),#3850);
#3846 = LINE('',#3847,#3848);
#3847 = CARTESIAN_POINT('',(0.,-0.11));
#3848 = VECTOR('',#3849,1.);
#3849 = DIRECTION('',(1.,0.));
#3850 = ( GEOMETRIC_REPRESENTATION_CONTEXT(2) 
PARAMETRIC_REPRESENTATION_CONTEXT() REPRESENTATION_CONTEXT('2D SPACE',''
  ) );
#3851 = ORIENTED_EDGE('',*,*,#3852,.T.);
#3852 = EDGE_CURVE('',#3825,#3853,#3855,.T.);
#3853 = VERTEX_POINT('',#3854);
#3854 = CARTESIAN_POINT('',(0.5,3.94,0.15));
#3855 = SURFACE_CURVE('',#3856,(#3860,#3867),.PCURVE_S1.);
#3856 = LINE('',#3857,#3858);
#3857 = CARTESIAN_POINT('',(0.6,3.94,0.15));
#3858 = VECTOR('',#3859,1.);
#3859 = DIRECTION('',(-1.,0.,0.));
#3860 = PCURVE('',#3688,#3861);
#3861 = DEFINITIONAL_REPRESENTATION('',(#3862),#3866);
#3862 = LINE('',#3863,#3864);
#3863 = CARTESIAN_POINT('',(-1.225,0.6));
#3864 = VECTOR('',#3865,1.);
#3865 = DIRECTION('',(0.,-1.));
#3866 = ( GEOMETRIC_REPRESENTATION_CONTEXT(2) 
PARAMETRIC_REPRESENTATION_CONTEXT() REPRESENTATION_CONTEXT('2D SPACE',''
  ) );
#3867 = PCURVE('',#1629,#3868);
#3868 = DEFINITIONAL_REPRESENTATION('',(#3869),#3873);
#3869 = LINE('',#3870,#3871);
#3870 = CARTESIAN_POINT('',(5.6,7.94));
#3871 = VECTOR('',#3872,1.);
#3872 = DIRECTION('',(-1.,0.));
#3873 = ( GEOMETRIC_REPRESENTATION_CONTEXT(2) 
PARAMETRIC_REPRESENTATION_CONTEXT() REPRESENTATION_CONTEXT('2D SPACE',''
  ) );
#3874 = ORIENTED_EDGE('',*,*,#3875,.T.);
#3875 = EDGE_CURVE('',#3853,#3876,#3878,.T.);
#3876 = VERTEX_POINT('',#3877);
#3877 = CARTESIAN_POINT('',(0.5,3.94,2.5));
#3878 = SURFACE_CURVE('',#3879,(#3883,#3889),.PCURVE_S1.);
#3879 = LINE('',#3880,#3881);
#3880 = CARTESIAN_POINT('',(0.5,3.94,1.9375));
#3881 = VECTOR('',#3882,1.);
#3882 = DIRECTION('',(0.,0.,1.));
#3883 = PCURVE('',#3688,#3884);
#3884 = DEFINITIONAL_REPRESENTATION('',(#3885),#3888);
#3885 = B_SPLINE_CURVE_WITH_KNOTS('',1,(#3886,#3887),.UNSPECIFIED.,.F.,
  .F.,(2,2),(-1.7875,0.5625),.PIECEWISE_BEZIER_KNOTS.);
#3886 = CARTESIAN_POINT('',(-1.225,0.5));
#3887 = CARTESIAN_POINT('',(1.125,0.5));
#3888 = ( GEOMETRIC_REPRESENTATION_CONTEXT(2) 
PARAMETRIC_REPRESENTATION_CONTEXT() REPRESENTATION_CONTEXT('2D SPACE',''
  ) );
#3889 = PCURVE('',#2360,#3890);
#3890 = DEFINITIONAL_REPRESENTATION('',(#3891),#3894);
#3891 = B_SPLINE_CURVE_WITH_KNOTS('',1,(#3892,#3893),.UNSPECIFIED.,.F.,
  .F.,(2,2),(-1.7875,0.5625),.PIECEWISE_BEZIER_KNOTS.);
#3892 = CARTESIAN_POINT('',(2.35,-0.11));
#3893 = CARTESIAN_POINT('',(0.,-0.11));
#3894 = ( GEOMETRIC_REPRESENTATION_CONTEXT(2) 
PARAMETRIC_REPRESENTATION_CONTEXT() REPRESENTATION_CONTEXT('2D SPACE',''
  ) );
#3895 = ORIENTED_EDGE('',*,*,#3896,.T.);
#3896 = EDGE_CURVE('',#3876,#3672,#3897,.T.);
#3897 = SURFACE_CURVE('',#3898,(#3902,#3908),.PCURVE_S1.);
#3898 = LINE('',#3899,#3900);
#3899 = CARTESIAN_POINT('',(-0.25,3.94,2.5));
#3900 = VECTOR('',#3901,1.);
#3901 = DIRECTION('',(-1.,0.,0.));
#3902 = PCURVE('',#3688,#3903);
#3903 = DEFINITIONAL_REPRESENTATION('',(#3904),#3907);
#3904 = B_SPLINE_CURVE_WITH_KNOTS('',1,(#3905,#3906),.UNSPECIFIED.,.F.,
  .F.,(2,2),(-0.75,0.25),.PIECEWISE_BEZIER_KNOTS.);
#3905 = CARTESIAN_POINT('',(1.125,0.5));
#3906 = CARTESIAN_POINT('',(1.125,-0.5));
#3907 = ( GEOMETRIC_REPRESENTATION_CONTEXT(2) 
PARAMETRIC_REPRESENTATION_CONTEXT() REPRESENTATION_CONTEXT('2D SPACE',''
  ) );
#3908 = PCURVE('',#2386,#3909);
#3909 = DEFINITIONAL_REPRESENTATION('',(#3910),#3913);
#3910 = B_SPLINE_CURVE_WITH_KNOTS('',1,(#3911,#3912),.UNSPECIFIED.,.F.,
  .F.,(2,2),(-0.75,0.25),.PIECEWISE_BEZIER_KNOTS.);
#3911 = CARTESIAN_POINT('',(1.,-0.11));
#3912 = CARTESIAN_POINT('',(0.,-0.11));
#3913 = ( GEOMETRIC_REPRESENTATION_CONTEXT(2) 
PARAMETRIC_REPRESENTATION_CONTEXT() REPRESENTATION_CONTEXT('2D SPACE',''
  ) );
#3914 = ORIENTED_EDGE('',*,*,#3671,.T.);
#3915 = ADVANCED_FACE('',(#3916),#3784,.F.);
#3916 = FACE_BOUND('',#3917,.F.);
#3917 = EDGE_LOOP('',(#3918,#3941,#3962,#3963));
#3918 = ORIENTED_EDGE('',*,*,#3919,.F.);
#3919 = EDGE_CURVE('',#3920,#3922,#3924,.T.);
#3920 = VERTEX_POINT('',#3921);
#3921 = CARTESIAN_POINT('',(-0.6,4.,0.15));
#3922 = VERTEX_POINT('',#3923);
#3923 = CARTESIAN_POINT('',(-0.6,4.,2.6));
#3924 = SURFACE_CURVE('',#3925,(#3929,#3935),.PCURVE_S1.);
#3925 = LINE('',#3926,#3927);
#3926 = CARTESIAN_POINT('',(-0.6,4.,0.15));
#3927 = VECTOR('',#3928,1.);
#3928 = DIRECTION('',(0.,-0.,1.));
#3929 = PCURVE('',#3784,#3930);
#3930 = DEFINITIONAL_REPRESENTATION('',(#3931),#3934);
#3931 = B_SPLINE_CURVE_WITH_KNOTS('',1,(#3932,#3933),.UNSPECIFIED.,.F.,
  .F.,(2,2),(0.,2.45),.PIECEWISE_BEZIER_KNOTS.);
#3932 = CARTESIAN_POINT('',(0.,-5.E-02));
#3933 = CARTESIAN_POINT('',(2.45,-5.E-02));
#3934 = ( GEOMETRIC_REPRESENTATION_CONTEXT(2) 
PARAMETRIC_REPRESENTATION_CONTEXT() REPRESENTATION_CONTEXT('2D SPACE',''
  ) );
#3935 = PCURVE('',#1657,#3936);
#3936 = DEFINITIONAL_REPRESENTATION('',(#3937),#3940);
#3937 = B_SPLINE_CURVE_WITH_KNOTS('',1,(#3938,#3939),.UNSPECIFIED.,.F.,
  .F.,(2,2),(0.,2.45),.PIECEWISE_BEZIER_KNOTS.);
#3938 = CARTESIAN_POINT('',(0.,4.4));
#3939 = CARTESIAN_POINT('',(2.45,4.4));
#3940 = ( GEOMETRIC_REPRESENTATION_CONTEXT(2) 
PARAMETRIC_REPRESENTATION_CONTEXT() REPRESENTATION_CONTEXT('2D SPACE',''
  ) );
#3941 = ORIENTED_EDGE('',*,*,#3942,.T.);
#3942 = EDGE_CURVE('',#3920,#3746,#3943,.T.);
#3943 = SURFACE_CURVE('',#3944,(#3948,#3955),.PCURVE_S1.);
#3944 = LINE('',#3945,#3946);
#3945 = CARTESIAN_POINT('',(-0.6,4.05,0.15));
#3946 = VECTOR('',#3947,1.);
#3947 = DIRECTION('',(0.,-1.,0.));
#3948 = PCURVE('',#3784,#3949);
#3949 = DEFINITIONAL_REPRESENTATION('',(#3950),#3954);
#3950 = LINE('',#3951,#3952);
#3951 = CARTESIAN_POINT('',(0.,0.));
#3952 = VECTOR('',#3953,1.);
#3953 = DIRECTION('',(0.,-1.));
#3954 = ( GEOMETRIC_REPRESENTATION_CONTEXT(2) 
PARAMETRIC_REPRESENTATION_CONTEXT() REPRESENTATION_CONTEXT('2D SPACE',''
  ) );
#3955 = PCURVE('',#1629,#3956);
#3956 = DEFINITIONAL_REPRESENTATION('',(#3957),#3961);
#3957 = LINE('',#3958,#3959);
#3958 = CARTESIAN_POINT('',(4.4,8.05));
#3959 = VECTOR('',#3960,1.);
#3960 = DIRECTION('',(0.,-1.));
#3961 = ( GEOMETRIC_REPRESENTATION_CONTEXT(2) 
PARAMETRIC_REPRESENTATION_CONTEXT() REPRESENTATION_CONTEXT('2D SPACE',''
  ) );
#3962 = ORIENTED_EDGE('',*,*,#3768,.T.);
#3963 = ORIENTED_EDGE('',*,*,#3964,.F.);
#3964 = EDGE_CURVE('',#3922,#3769,#3965,.T.);
#3965 = SURFACE_CURVE('',#3966,(#3970,#3977),.PCURVE_S1.);
#3966 = LINE('',#3967,#3968);
#3967 = CARTESIAN_POINT('',(-0.6,4.05,2.6));
#3968 = VECTOR('',#3969,1.);
#3969 = DIRECTION('',(0.,-1.,0.));
#3970 = PCURVE('',#3784,#3971);
#3971 = DEFINITIONAL_REPRESENTATION('',(#3972),#3976);
#3972 = LINE('',#3973,#3974);
#3973 = CARTESIAN_POINT('',(2.45,0.));
#3974 = VECTOR('',#3975,1.);
#3975 = DIRECTION('',(0.,-1.));
#3976 = ( GEOMETRIC_REPRESENTATION_CONTEXT(2) 
PARAMETRIC_REPRESENTATION_CONTEXT() REPRESENTATION_CONTEXT('2D SPACE',''
  ) );
#3977 = PCURVE('',#3812,#3978);
#3978 = DEFINITIONAL_REPRESENTATION('',(#3979),#3983);
#3979 = LINE('',#3980,#3981);
#3980 = CARTESIAN_POINT('',(0.,0.));
#3981 = VECTOR('',#3982,1.);
#3982 = DIRECTION('',(0.,-1.));
#3983 = ( GEOMETRIC_REPRESENTATION_CONTEXT(2) 
PARAMETRIC_REPRESENTATION_CONTEXT() REPRESENTATION_CONTEXT('2D SPACE',''
  ) );
#3984 = ADVANCED_FACE('',(#3985),#3812,.F.);
#3985 = FACE_BOUND('',#3986,.F.);
#3986 = EDGE_LOOP('',(#3987,#4008,#4009,#4010));
#3987 = ORIENTED_EDGE('',*,*,#3988,.F.);
#3988 = EDGE_CURVE('',#3922,#3989,#3991,.T.);
#3989 = VERTEX_POINT('',#3990);
#3990 = CARTESIAN_POINT('',(0.6,4.,2.6));
#3991 = SURFACE_CURVE('',#3992,(#3996,#4002),.PCURVE_S1.);
#3992 = LINE('',#3993,#3994);
#3993 = CARTESIAN_POINT('',(-2.8,4.,2.6));
#3994 = VECTOR('',#3995,1.);
#3995 = DIRECTION('',(1.,0.,0.));
#3996 = PCURVE('',#3812,#3997);
#3997 = DEFINITIONAL_REPRESENTATION('',(#3998),#4001);
#3998 = B_SPLINE_CURVE_WITH_KNOTS('',1,(#3999,#4000),.UNSPECIFIED.,.F.,
  .F.,(2,2),(2.2,3.4),.PIECEWISE_BEZIER_KNOTS.);
#3999 = CARTESIAN_POINT('',(0.,-5.E-02));
#4000 = CARTESIAN_POINT('',(1.2,-5.E-02));
#4001 = ( GEOMETRIC_REPRESENTATION_CONTEXT(2) 
PARAMETRIC_REPRESENTATION_CONTEXT() REPRESENTATION_CONTEXT('2D SPACE',''
  ) );
#4002 = PCURVE('',#1657,#4003);
#4003 = DEFINITIONAL_REPRESENTATION('',(#4004),#4007);
#4004 = B_SPLINE_CURVE_WITH_KNOTS('',1,(#4005,#4006),.UNSPECIFIED.,.F.,
  .F.,(2,2),(2.2,3.4),.PIECEWISE_BEZIER_KNOTS.);
#4005 = CARTESIAN_POINT('',(2.45,4.4));
#4006 = CARTESIAN_POINT('',(2.45,5.6));
#4007 = ( GEOMETRIC_REPRESENTATION_CONTEXT(2) 
PARAMETRIC_REPRESENTATION_CONTEXT() REPRESENTATION_CONTEXT('2D SPACE',''
  ) );
#4008 = ORIENTED_EDGE('',*,*,#3964,.T.);
#4009 = ORIENTED_EDGE('',*,*,#3796,.T.);
#4010 = ORIENTED_EDGE('',*,*,#4011,.F.);
#4011 = EDGE_CURVE('',#3989,#3797,#4012,.T.);
#4012 = SURFACE_CURVE('',#4013,(#4017,#4024),.PCURVE_S1.);
#4013 = LINE('',#4014,#4015);
#4014 = CARTESIAN_POINT('',(0.6,4.05,2.6));
#4015 = VECTOR('',#4016,1.);
#4016 = DIRECTION('',(0.,-1.,0.));
#4017 = PCURVE('',#3812,#4018);
#4018 = DEFINITIONAL_REPRESENTATION('',(#4019),#4023);
#4019 = LINE('',#4020,#4021);
#4020 = CARTESIAN_POINT('',(1.2,0.));
#4021 = VECTOR('',#4022,1.);
#4022 = DIRECTION('',(0.,-1.));
#4023 = ( GEOMETRIC_REPRESENTATION_CONTEXT(2) 
PARAMETRIC_REPRESENTATION_CONTEXT() REPRESENTATION_CONTEXT('2D SPACE',''
  ) );
#4024 = PCURVE('',#3840,#4025);
#4025 = DEFINITIONAL_REPRESENTATION('',(#4026),#4030);
#4026 = LINE('',#4027,#4028);
#4027 = CARTESIAN_POINT('',(0.,0.));
#4028 = VECTOR('',#4029,1.);
#4029 = DIRECTION('',(0.,-1.));
#4030 = ( GEOMETRIC_REPRESENTATION_CONTEXT(2) 
PARAMETRIC_REPRESENTATION_CONTEXT() REPRESENTATION_CONTEXT('2D SPACE',''
  ) );
#4031 = ADVANCED_FACE('',(#4032),#3840,.F.);
#4032 = FACE_BOUND('',#4033,.F.);
#4033 = EDGE_LOOP('',(#4034,#4055,#4056,#4057));
#4034 = ORIENTED_EDGE('',*,*,#4035,.F.);
#4035 = EDGE_CURVE('',#3989,#4036,#4038,.T.);
#4036 = VERTEX_POINT('',#4037);
#4037 = CARTESIAN_POINT('',(0.6,4.,0.15));
#4038 = SURFACE_CURVE('',#4039,(#4043,#4049),.PCURVE_S1.);
#4039 = LINE('',#4040,#4041);
#4040 = CARTESIAN_POINT('',(0.6,4.,1.375));
#4041 = VECTOR('',#4042,1.);
#4042 = DIRECTION('',(0.,0.,-1.));
#4043 = PCURVE('',#3840,#4044);
#4044 = DEFINITIONAL_REPRESENTATION('',(#4045),#4048);
#4045 = B_SPLINE_CURVE_WITH_KNOTS('',1,(#4046,#4047),.UNSPECIFIED.,.F.,
  .F.,(2,2),(-1.225,1.225),.PIECEWISE_BEZIER_KNOTS.);
#4046 = CARTESIAN_POINT('',(0.,-5.E-02));
#4047 = CARTESIAN_POINT('',(2.45,-5.E-02));
#4048 = ( GEOMETRIC_REPRESENTATION_CONTEXT(2) 
PARAMETRIC_REPRESENTATION_CONTEXT() REPRESENTATION_CONTEXT('2D SPACE',''
  ) );
#4049 = PCURVE('',#1657,#4050);
#4050 = DEFINITIONAL_REPRESENTATION('',(#4051),#4054);
#4051 = B_SPLINE_CURVE_WITH_KNOTS('',1,(#4052,#4053),.UNSPECIFIED.,.F.,
  .F.,(2,2),(-1.225,1.225),.PIECEWISE_BEZIER_KNOTS.);
#4052 = CARTESIAN_POINT('',(2.45,5.6));
#4053 = CARTESIAN_POINT('',(0.,5.6));
#4054 = ( GEOMETRIC_REPRESENTATION_CONTEXT(2) 
PARAMETRIC_REPRESENTATION_CONTEXT() REPRESENTATION_CONTEXT('2D SPACE',''
  ) );
#4055 = ORIENTED_EDGE('',*,*,#4011,.T.);
#4056 = ORIENTED_EDGE('',*,*,#3824,.T.);
#4057 = ORIENTED_EDGE('',*,*,#4058,.F.);
#4058 = EDGE_CURVE('',#4036,#3825,#4059,.T.);
#4059 = SURFACE_CURVE('',#4060,(#4064,#4071),.PCURVE_S1.);
#4060 = LINE('',#4061,#4062);
#4061 = CARTESIAN_POINT('',(0.6,4.05,0.15));
#4062 = VECTOR('',#4063,1.);
#4063 = DIRECTION('',(0.,-1.,0.));
#4064 = PCURVE('',#3840,#4065);
#4065 = DEFINITIONAL_REPRESENTATION('',(#4066),#4070);
#4066 = LINE('',#4067,#4068);
#4067 = CARTESIAN_POINT('',(2.45,0.));
#4068 = VECTOR('',#4069,1.);
#4069 = DIRECTION('',(0.,-1.));
#4070 = ( GEOMETRIC_REPRESENTATION_CONTEXT(2) 
PARAMETRIC_REPRESENTATION_CONTEXT() REPRESENTATION_CONTEXT('2D SPACE',''
  ) );
#4071 = PCURVE('',#1629,#4072);
#4072 = DEFINITIONAL_REPRESENTATION('',(#4073),#4077);
#4073 = LINE('',#4074,#4075);
#4074 = CARTESIAN_POINT('',(5.6,8.05));
#4075 = VECTOR('',#4076,1.);
#4076 = DIRECTION('',(0.,-1.));
#4077 = ( GEOMETRIC_REPRESENTATION_CONTEXT(2) 
PARAMETRIC_REPRESENTATION_CONTEXT() REPRESENTATION_CONTEXT('2D SPACE',''
  ) );
#4078 = ADVANCED_FACE('',(#4079),#2386,.F.);
#4079 = FACE_BOUND('',#4080,.F.);
#4080 = EDGE_LOOP('',(#4081,#4082,#4083,#4084));
#4081 = ORIENTED_EDGE('',*,*,#3896,.T.);
#4082 = ORIENTED_EDGE('',*,*,#3721,.T.);
#4083 = ORIENTED_EDGE('',*,*,#2371,.T.);
#4084 = ORIENTED_EDGE('',*,*,#4085,.F.);
#4085 = EDGE_CURVE('',#3876,#2346,#4086,.T.);
#4086 = SURFACE_CURVE('',#4087,(#4091,#4098),.PCURVE_S1.);
#4087 = LINE('',#4088,#4089);
#4088 = CARTESIAN_POINT('',(0.5,4.05,2.5));
#4089 = VECTOR('',#4090,1.);
#4090 = DIRECTION('',(0.,-1.,0.));
#4091 = PCURVE('',#2386,#4092);
#4092 = DEFINITIONAL_REPRESENTATION('',(#4093),#4097);
#4093 = LINE('',#4094,#4095);
#4094 = CARTESIAN_POINT('',(1.,0.));
#4095 = VECTOR('',#4096,1.);
#4096 = DIRECTION('',(0.,-1.));
#4097 = ( GEOMETRIC_REPRESENTATION_CONTEXT(2) 
PARAMETRIC_REPRESENTATION_CONTEXT() REPRESENTATION_CONTEXT('2D SPACE',''
  ) );
#4098 = PCURVE('',#2360,#4099);
#4099 = DEFINITIONAL_REPRESENTATION('',(#4100),#4104);
#4100 = LINE('',#4101,#4102);
#4101 = CARTESIAN_POINT('',(0.,0.));
#4102 = VECTOR('',#4103,1.);
#4103 = DIRECTION('',(0.,-1.));
#4104 = ( GEOMETRIC_REPRESENTATION_CONTEXT(2) 
PARAMETRIC_REPRESENTATION_CONTEXT() REPRESENTATION_CONTEXT('2D SPACE',''
  ) );
#4105 = ADVANCED_FACE('',(#4106),#2360,.F.);
#4106 = FACE_BOUND('',#4107,.F.);
#4107 = EDGE_LOOP('',(#4108,#4109,#4110,#4111));
#4108 = ORIENTED_EDGE('',*,*,#3875,.T.);
#4109 = ORIENTED_EDGE('',*,*,#4085,.T.);
#4110 = ORIENTED_EDGE('',*,*,#2345,.T.);
#4111 = ORIENTED_EDGE('',*,*,#4112,.F.);
#4112 = EDGE_CURVE('',#3853,#2325,#4113,.T.);
#4113 = SURFACE_CURVE('',#4114,(#4118,#4125),.PCURVE_S1.);
#4114 = LINE('',#4115,#4116);
#4115 = CARTESIAN_POINT('',(0.5,4.05,0.15));
#4116 = VECTOR('',#4117,1.);
#4117 = DIRECTION('',(0.,-1.,0.));
#4118 = PCURVE('',#2360,#4119);
#4119 = DEFINITIONAL_REPRESENTATION('',(#4120),#4124);
#4120 = LINE('',#4121,#4122);
#4121 = CARTESIAN_POINT('',(2.35,0.));
#4122 = VECTOR('',#4123,1.);
#4123 = DIRECTION('',(0.,-1.));
#4124 = ( GEOMETRIC_REPRESENTATION_CONTEXT(2) 
PARAMETRIC_REPRESENTATION_CONTEXT() REPRESENTATION_CONTEXT('2D SPACE',''
  ) );
#4125 = PCURVE('',#1629,#4126);
#4126 = DEFINITIONAL_REPRESENTATION('',(#4127),#4131);
#4127 = LINE('',#4128,#4129);
#4128 = CARTESIAN_POINT('',(5.5,8.05));
#4129 = VECTOR('',#4130,1.);
#4130 = DIRECTION('',(0.,-1.));
#4131 = ( GEOMETRIC_REPRESENTATION_CONTEXT(2) 
PARAMETRIC_REPRESENTATION_CONTEXT() REPRESENTATION_CONTEXT('2D SPACE',''
  ) );
#4132 = ADVANCED_FACE('',(#4133,#4199),#2312,.F.);
#4133 = FACE_BOUND('',#4134,.F.);
#4134 = EDGE_LOOP('',(#4135,#4160,#4179,#4180));
#4135 = ORIENTED_EDGE('',*,*,#4136,.F.);
#4136 = EDGE_CURVE('',#4137,#4139,#4141,.T.);
#4137 = VERTEX_POINT('',#4138);
#4138 = CARTESIAN_POINT('',(4.7,-3.7,0.15));
#4139 = VERTEX_POINT('',#4140);
#4140 = CARTESIAN_POINT('',(4.7,-3.7,3.75));
#4141 = SURFACE_CURVE('',#4142,(#4146,#4153),.PCURVE_S1.);
#4142 = LINE('',#4143,#4144);
#4143 = CARTESIAN_POINT('',(4.7,-3.7,-0.85));
#4144 = VECTOR('',#4145,1.);
#4145 = DIRECTION('',(0.,0.,1.));
#4146 = PCURVE('',#2312,#4147);
#4147 = DEFINITIONAL_REPRESENTATION('',(#4148),#4152);
#4148 = LINE('',#4149,#4150);
#4149 = CARTESIAN_POINT('',(0.,0.));
#4150 = VECTOR('',#4151,1.);
#4151 = DIRECTION('',(1.,0.));
#4152 = ( GEOMETRIC_REPRESENTATION_CONTEXT(2) 
PARAMETRIC_REPRESENTATION_CONTEXT() REPRESENTATION_CONTEXT('2D SPACE',''
  ) );
#4153 = PCURVE('',#2146,#4154);
#4154 = DEFINITIONAL_REPRESENTATION('',(#4155),#4159);
#4155 = LINE('',#4156,#4157);
#4156 = CARTESIAN_POINT('',(0.,9.4));
#4157 = VECTOR('',#4158,1.);
#4158 = DIRECTION('',(1.,0.));
#4159 = ( GEOMETRIC_REPRESENTATION_CONTEXT(2) 
PARAMETRIC_REPRESENTATION_CONTEXT() REPRESENTATION_CONTEXT('2D SPACE',''
  ) );
#4160 = ORIENTED_EDGE('',*,*,#4161,.T.);
#4161 = EDGE_CURVE('',#4137,#2295,#4162,.T.);
#4162 = SURFACE_CURVE('',#4163,(#4167,#4173),.PCURVE_S1.);
#4163 = LINE('',#4164,#4165);
#4164 = CARTESIAN_POINT('',(4.7,-3.85,0.15));
#4165 = VECTOR('',#4166,1.);
#4166 = DIRECTION('',(0.,1.,0.));
#4167 = PCURVE('',#2312,#4168);
#4168 = DEFINITIONAL_REPRESENTATION('',(#4169),#4172);
#4169 = B_SPLINE_CURVE_WITH_KNOTS('',1,(#4170,#4171),.UNSPECIFIED.,.F.,
  .F.,(2,2),(0.15,7.55),.PIECEWISE_BEZIER_KNOTS.);
#4170 = CARTESIAN_POINT('',(1.,0.));
#4171 = CARTESIAN_POINT('',(1.,-7.4));
#4172 = ( GEOMETRIC_REPRESENTATION_CONTEXT(2) 
PARAMETRIC_REPRESENTATION_CONTEXT() REPRESENTATION_CONTEXT('2D SPACE',''
  ) );
#4173 = PCURVE('',#1629,#4174);
#4174 = DEFINITIONAL_REPRESENTATION('',(#4175),#4178);
#4175 = B_SPLINE_CURVE_WITH_KNOTS('',1,(#4176,#4177),.UNSPECIFIED.,.F.,
  .F.,(2,2),(0.15,7.55),.PIECEWISE_BEZIER_KNOTS.);
#4176 = CARTESIAN_POINT('',(9.7,0.3));
#4177 = CARTESIAN_POINT('',(9.7,7.7));
#4178 = ( GEOMETRIC_REPRESENTATION_CONTEXT(2) 
PARAMETRIC_REPRESENTATION_CONTEXT() REPRESENTATION_CONTEXT('2D SPACE',''
  ) );
#4179 = ORIENTED_EDGE('',*,*,#2294,.T.);
#4180 = ORIENTED_EDGE('',*,*,#4181,.F.);
#4181 = EDGE_CURVE('',#4139,#2297,#4182,.T.);
#4182 = SURFACE_CURVE('',#4183,(#4187,#4193),.PCURVE_S1.);
#4183 = LINE('',#4184,#4185);
#4184 = CARTESIAN_POINT('',(4.7,-3.85,3.75));
#4185 = VECTOR('',#4186,1.);
#4186 = DIRECTION('',(0.,1.,0.));
#4187 = PCURVE('',#2312,#4188);
#4188 = DEFINITIONAL_REPRESENTATION('',(#4189),#4192);
#4189 = B_SPLINE_CURVE_WITH_KNOTS('',1,(#4190,#4191),.UNSPECIFIED.,.F.,
  .F.,(2,2),(0.15,7.55),.PIECEWISE_BEZIER_KNOTS.);
#4190 = CARTESIAN_POINT('',(4.6,0.));
#4191 = CARTESIAN_POINT('',(4.6,-7.4));
#4192 = ( GEOMETRIC_REPRESENTATION_CONTEXT(2) 
PARAMETRIC_REPRESENTATION_CONTEXT() REPRESENTATION_CONTEXT('2D SPACE',''
  ) );
#4193 = PCURVE('',#1683,#4194);
#4194 = DEFINITIONAL_REPRESENTATION('',(#4195),#4198);
#4195 = B_SPLINE_CURVE_WITH_KNOTS('',1,(#4196,#4197),.UNSPECIFIED.,.F.,
  .F.,(2,2),(0.15,7.55),.PIECEWISE_BEZIER_KNOTS.);
#4196 = CARTESIAN_POINT('',(9.7,0.3));
#4197 = CARTESIAN_POINT('',(9.7,7.7));
#4198 = ( GEOMETRIC_REPRESENTATION_CONTEXT(2) 
PARAMETRIC_REPRESENTATION_CONTEXT() REPRESENTATION_CONTEXT('2D SPACE',''
  ) );
#4199 = FACE_BOUND('',#4200,.F.);
#4200 = EDGE_LOOP('',(#4201,#4229,#4256,#4282));
#4201 = ORIENTED_EDGE('',*,*,#4202,.F.);
#4202 = EDGE_CURVE('',#4203,#4205,#4207,.T.);
#4203 = VERTEX_POINT('',#4204);
#4204 = CARTESIAN_POINT('',(4.7,0.45,1.15));
#4205 = VERTEX_POINT('',#4206);
#4206 = CARTESIAN_POINT('',(4.7,0.45,2.35));
#4207 = SURFACE_CURVE('',#4208,(#4212,#4218),.PCURVE_S1.);
#4208 = LINE('',#4209,#4210);
#4209 = CARTESIAN_POINT('',(4.7,0.45,0.15));
#4210 = VECTOR('',#4211,1.);
#4211 = DIRECTION('',(0.,-0.,1.));
#4212 = PCURVE('',#2312,#4213);
#4213 = DEFINITIONAL_REPRESENTATION('',(#4214),#4217);
#4214 = B_SPLINE_CURVE_WITH_KNOTS('',1,(#4215,#4216),.UNSPECIFIED.,.F.,
  .F.,(2,2),(1.,2.2),.PIECEWISE_BEZIER_KNOTS.);
#4215 = CARTESIAN_POINT('',(2.,-4.15));
#4216 = CARTESIAN_POINT('',(3.2,-4.15));
#4217 = ( GEOMETRIC_REPRESENTATION_CONTEXT(2) 
PARAMETRIC_REPRESENTATION_CONTEXT() REPRESENTATION_CONTEXT('2D SPACE',''
  ) );
#4218 = PCURVE('',#4219,#4224);
#4219 = PLANE('',#4220);
#4220 = AXIS2_PLACEMENT_3D('',#4221,#4222,#4223);
#4221 = CARTESIAN_POINT('',(5.05,0.45,1.15));
#4222 = DIRECTION('',(-1.110223024625E-16,1.,0.));
#4223 = DIRECTION('',(0.,0.,1.));
#4224 = DEFINITIONAL_REPRESENTATION('',(#4225),#4228);
#4225 = B_SPLINE_CURVE_WITH_KNOTS('',1,(#4226,#4227),.UNSPECIFIED.,.F.,
  .F.,(2,2),(1.,2.2),.PIECEWISE_BEZIER_KNOTS.);
#4226 = CARTESIAN_POINT('',(0.,-0.35));
#4227 = CARTESIAN_POINT('',(1.2,-0.35));
#4228 = ( GEOMETRIC_REPRESENTATION_CONTEXT(2) 
PARAMETRIC_REPRESENTATION_CONTEXT() REPRESENTATION_CONTEXT('2D SPACE',''
  ) );
#4229 = ORIENTED_EDGE('',*,*,#4230,.F.);
#4230 = EDGE_CURVE('',#4231,#4203,#4233,.T.);
#4231 = VERTEX_POINT('',#4232);
#4232 = CARTESIAN_POINT('',(4.7,-0.45,1.15));
#4233 = SURFACE_CURVE('',#4234,(#4238,#4244),.PCURVE_S1.);
#4234 = LINE('',#4235,#4236);
#4235 = CARTESIAN_POINT('',(4.7,-2.075,1.15));
#4236 = VECTOR('',#4237,1.);
#4237 = DIRECTION('',(-0.,1.,0.));
#4238 = PCURVE('',#2312,#4239);
#4239 = DEFINITIONAL_REPRESENTATION('',(#4240),#4243);
#4240 = B_SPLINE_CURVE_WITH_KNOTS('',1,(#4241,#4242),.UNSPECIFIED.,.F.,
  .F.,(2,2),(1.625,2.525),.PIECEWISE_BEZIER_KNOTS.);
#4241 = CARTESIAN_POINT('',(2.,-3.25));
#4242 = CARTESIAN_POINT('',(2.,-4.15));
#4243 = ( GEOMETRIC_REPRESENTATION_CONTEXT(2) 
PARAMETRIC_REPRESENTATION_CONTEXT() REPRESENTATION_CONTEXT('2D SPACE',''
  ) );
#4244 = PCURVE('',#4245,#4250);
#4245 = PLANE('',#4246);
#4246 = AXIS2_PLACEMENT_3D('',#4247,#4248,#4249);
#4247 = CARTESIAN_POINT('',(5.05,-0.55,1.15));
#4248 = DIRECTION('',(-0.,0.,-1.));
#4249 = DIRECTION('',(-1.110223024625E-16,1.,0.));
#4250 = DEFINITIONAL_REPRESENTATION('',(#4251),#4255);
#4251 = LINE('',#4252,#4253);
#4252 = CARTESIAN_POINT('',(-1.525,-0.35));
#4253 = VECTOR('',#4254,1.);
#4254 = DIRECTION('',(1.,1.110223024625E-16));
#4255 = ( GEOMETRIC_REPRESENTATION_CONTEXT(2) 
PARAMETRIC_REPRESENTATION_CONTEXT() REPRESENTATION_CONTEXT('2D SPACE',''
  ) );
#4256 = ORIENTED_EDGE('',*,*,#4257,.F.);
#4257 = EDGE_CURVE('',#4258,#4231,#4260,.T.);
#4258 = VERTEX_POINT('',#4259);
#4259 = CARTESIAN_POINT('',(4.7,-0.45,2.35));
#4260 = SURFACE_CURVE('',#4261,(#4265,#4271),.PCURVE_S1.);
#4261 = LINE('',#4262,#4263);
#4262 = CARTESIAN_POINT('',(4.7,-0.45,0.75));
#4263 = VECTOR('',#4264,1.);
#4264 = DIRECTION('',(0.,0.,-1.));
#4265 = PCURVE('',#2312,#4266);
#4266 = DEFINITIONAL_REPRESENTATION('',(#4267),#4270);
#4267 = B_SPLINE_CURVE_WITH_KNOTS('',1,(#4268,#4269),.UNSPECIFIED.,.F.,
  .F.,(2,2),(-1.6,-0.4),.PIECEWISE_BEZIER_KNOTS.);
#4268 = CARTESIAN_POINT('',(3.2,-3.25));
#4269 = CARTESIAN_POINT('',(2.,-3.25));
#4270 = ( GEOMETRIC_REPRESENTATION_CONTEXT(2) 
PARAMETRIC_REPRESENTATION_CONTEXT() REPRESENTATION_CONTEXT('2D SPACE',''
  ) );
#4271 = PCURVE('',#4272,#4277);
#4272 = PLANE('',#4273);
#4273 = AXIS2_PLACEMENT_3D('',#4274,#4275,#4276);
#4274 = CARTESIAN_POINT('',(5.05,-0.45,2.35));
#4275 = DIRECTION('',(1.110223024625E-16,-1.,0.));
#4276 = DIRECTION('',(0.,0.,-1.));
#4277 = DEFINITIONAL_REPRESENTATION('',(#4278),#4281);
#4278 = B_SPLINE_CURVE_WITH_KNOTS('',1,(#4279,#4280),.UNSPECIFIED.,.F.,
  .F.,(2,2),(-1.6,-0.4),.PIECEWISE_BEZIER_KNOTS.);
#4279 = CARTESIAN_POINT('',(0.,-0.35));
#4280 = CARTESIAN_POINT('',(1.2,-0.35));
#4281 = ( GEOMETRIC_REPRESENTATION_CONTEXT(2) 
PARAMETRIC_REPRESENTATION_CONTEXT() REPRESENTATION_CONTEXT('2D SPACE',''
  ) );
#4282 = ORIENTED_EDGE('',*,*,#4283,.F.);
#4283 = EDGE_CURVE('',#4205,#4258,#4284,.T.);
#4284 = SURFACE_CURVE('',#4285,(#4289,#4295),.PCURVE_S1.);
#4285 = LINE('',#4286,#4287);
#4286 = CARTESIAN_POINT('',(4.7,-1.625,2.35));
#4287 = VECTOR('',#4288,1.);
#4288 = DIRECTION('',(0.,-1.,0.));
#4289 = PCURVE('',#2312,#4290);
#4290 = DEFINITIONAL_REPRESENTATION('',(#4291),#4294);
#4291 = B_SPLINE_CURVE_WITH_KNOTS('',1,(#4292,#4293),.UNSPECIFIED.,.F.,
  .F.,(2,2),(-2.075,-1.175),.PIECEWISE_BEZIER_KNOTS.);
#4292 = CARTESIAN_POINT('',(3.2,-4.15));
#4293 = CARTESIAN_POINT('',(3.2,-3.25));
#4294 = ( GEOMETRIC_REPRESENTATION_CONTEXT(2) 
PARAMETRIC_REPRESENTATION_CONTEXT() REPRESENTATION_CONTEXT('2D SPACE',''
  ) );
#4295 = PCURVE('',#4296,#4301);
#4296 = PLANE('',#4297);
#4297 = AXIS2_PLACEMENT_3D('',#4298,#4299,#4300);
#4298 = CARTESIAN_POINT('',(5.05,0.45,2.35));
#4299 = DIRECTION('',(0.,0.,1.));
#4300 = DIRECTION('',(1.110223024625E-16,-1.,0.));
#4301 = DEFINITIONAL_REPRESENTATION('',(#4302),#4305);
#4302 = B_SPLINE_CURVE_WITH_KNOTS('',1,(#4303,#4304),.UNSPECIFIED.,.F.,
  .F.,(2,2),(-2.075,-1.175),.PIECEWISE_BEZIER_KNOTS.);
#4303 = CARTESIAN_POINT('',(0.,-0.35));
#4304 = CARTESIAN_POINT('',(0.9,-0.35));
#4305 = ( GEOMETRIC_REPRESENTATION_CONTEXT(2) 
PARAMETRIC_REPRESENTATION_CONTEXT() REPRESENTATION_CONTEXT('2D SPACE',''
  ) );
#4306 = ADVANCED_FACE('',(#4307),#4245,.F.);
#4307 = FACE_BOUND('',#4308,.F.);
#4308 = EDGE_LOOP('',(#4309,#4339,#4367,#4395,#4423,#4444,#4445,#4468));
#4309 = ORIENTED_EDGE('',*,*,#4310,.F.);
#4310 = EDGE_CURVE('',#4311,#4313,#4315,.T.);
#4311 = VERTEX_POINT('',#4312);
#4312 = CARTESIAN_POINT('',(5.,0.55,1.15));
#4313 = VERTEX_POINT('',#4314);
#4314 = CARTESIAN_POINT('',(4.93,0.55,1.15));
#4315 = SURFACE_CURVE('',#4316,(#4320,#4327),.PCURVE_S1.);
#4316 = LINE('',#4317,#4318);
#4317 = CARTESIAN_POINT('',(5.05,0.55,1.15));
#4318 = VECTOR('',#4319,1.);
#4319 = DIRECTION('',(-1.,-1.110223024625E-16,0.));
#4320 = PCURVE('',#4245,#4321);
#4321 = DEFINITIONAL_REPRESENTATION('',(#4322),#4326);
#4322 = LINE('',#4323,#4324);
#4323 = CARTESIAN_POINT('',(1.1,1.221245327088E-16));
#4324 = VECTOR('',#4325,1.);
#4325 = DIRECTION('',(0.,-1.));
#4326 = ( GEOMETRIC_REPRESENTATION_CONTEXT(2) 
PARAMETRIC_REPRESENTATION_CONTEXT() REPRESENTATION_CONTEXT('2D SPACE',''
  ) );
#4327 = PCURVE('',#4328,#4333);
#4328 = PLANE('',#4329);
#4329 = AXIS2_PLACEMENT_3D('',#4330,#4331,#4332);
#4330 = CARTESIAN_POINT('',(5.05,0.55,1.15));
#4331 = DIRECTION('',(-1.110223024625E-16,1.,0.));
#4332 = DIRECTION('',(0.,0.,1.));
#4333 = DEFINITIONAL_REPRESENTATION('',(#4334),#4338);
#4334 = LINE('',#4335,#4336);
#4335 = CARTESIAN_POINT('',(0.,0.));
#4336 = VECTOR('',#4337,1.);
#4337 = DIRECTION('',(0.,-1.));
#4338 = ( GEOMETRIC_REPRESENTATION_CONTEXT(2) 
PARAMETRIC_REPRESENTATION_CONTEXT() REPRESENTATION_CONTEXT('2D SPACE',''
  ) );
#4339 = ORIENTED_EDGE('',*,*,#4340,.T.);
#4340 = EDGE_CURVE('',#4311,#4341,#4343,.T.);
#4341 = VERTEX_POINT('',#4342);
#4342 = CARTESIAN_POINT('',(5.,-0.55,1.15));
#4343 = SURFACE_CURVE('',#4344,(#4348,#4355),.PCURVE_S1.);
#4344 = LINE('',#4345,#4346);
#4345 = CARTESIAN_POINT('',(5.,0.55,1.15));
#4346 = VECTOR('',#4347,1.);
#4347 = DIRECTION('',(0.,-1.,0.));
#4348 = PCURVE('',#4245,#4349);
#4349 = DEFINITIONAL_REPRESENTATION('',(#4350),#4354);
#4350 = LINE('',#4351,#4352);
#4351 = CARTESIAN_POINT('',(1.1,-5.E-02));
#4352 = VECTOR('',#4353,1.);
#4353 = DIRECTION('',(-1.,-1.110223024625E-16));
#4354 = ( GEOMETRIC_REPRESENTATION_CONTEXT(2) 
PARAMETRIC_REPRESENTATION_CONTEXT() REPRESENTATION_CONTEXT('2D SPACE',''
  ) );
#4355 = PCURVE('',#4356,#4361);
#4356 = PLANE('',#4357);
#4357 = AXIS2_PLACEMENT_3D('',#4358,#4359,#4360);
#4358 = CARTESIAN_POINT('',(5.,-4.,0.15));
#4359 = DIRECTION('',(1.,0.,0.));
#4360 = DIRECTION('',(0.,0.,1.));
#4361 = DEFINITIONAL_REPRESENTATION('',(#4362),#4366);
#4362 = LINE('',#4363,#4364);
#4363 = CARTESIAN_POINT('',(1.,-4.55));
#4364 = VECTOR('',#4365,1.);
#4365 = DIRECTION('',(0.,1.));
#4366 = ( GEOMETRIC_REPRESENTATION_CONTEXT(2) 
PARAMETRIC_REPRESENTATION_CONTEXT() REPRESENTATION_CONTEXT('2D SPACE',''
  ) );
#4367 = ORIENTED_EDGE('',*,*,#4368,.T.);
#4368 = EDGE_CURVE('',#4341,#4369,#4371,.T.);
#4369 = VERTEX_POINT('',#4370);
#4370 = CARTESIAN_POINT('',(4.93,-0.55,1.15));
#4371 = SURFACE_CURVE('',#4372,(#4376,#4383),.PCURVE_S1.);
#4372 = LINE('',#4373,#4374);
#4373 = CARTESIAN_POINT('',(5.05,-0.55,1.15));
#4374 = VECTOR('',#4375,1.);
#4375 = DIRECTION('',(-1.,-1.110223024625E-16,0.));
#4376 = PCURVE('',#4245,#4377);
#4377 = DEFINITIONAL_REPRESENTATION('',(#4378),#4382);
#4378 = LINE('',#4379,#4380);
#4379 = CARTESIAN_POINT('',(0.,0.));
#4380 = VECTOR('',#4381,1.);
#4381 = DIRECTION('',(0.,-1.));
#4382 = ( GEOMETRIC_REPRESENTATION_CONTEXT(2) 
PARAMETRIC_REPRESENTATION_CONTEXT() REPRESENTATION_CONTEXT('2D SPACE',''
  ) );
#4383 = PCURVE('',#4384,#4389);
#4384 = PLANE('',#4385);
#4385 = AXIS2_PLACEMENT_3D('',#4386,#4387,#4388);
#4386 = CARTESIAN_POINT('',(5.05,-0.55,2.45));
#4387 = DIRECTION('',(1.110223024625E-16,-1.,0.));
#4388 = DIRECTION('',(0.,0.,-1.));
#4389 = DEFINITIONAL_REPRESENTATION('',(#4390),#4394);
#4390 = LINE('',#4391,#4392);
#4391 = CARTESIAN_POINT('',(1.3,0.));
#4392 = VECTOR('',#4393,1.);
#4393 = DIRECTION('',(-0.,-1.));
#4394 = ( GEOMETRIC_REPRESENTATION_CONTEXT(2) 
PARAMETRIC_REPRESENTATION_CONTEXT() REPRESENTATION_CONTEXT('2D SPACE',''
  ) );
#4395 = ORIENTED_EDGE('',*,*,#4396,.T.);
#4396 = EDGE_CURVE('',#4369,#4397,#4399,.T.);
#4397 = VERTEX_POINT('',#4398);
#4398 = CARTESIAN_POINT('',(4.93,-0.45,1.15));
#4399 = SURFACE_CURVE('',#4400,(#4404,#4411),.PCURVE_S1.);
#4400 = LINE('',#4401,#4402);
#4401 = CARTESIAN_POINT('',(4.93,-0.55,1.15));
#4402 = VECTOR('',#4403,1.);
#4403 = DIRECTION('',(-1.110223024625E-16,1.,0.));
#4404 = PCURVE('',#4245,#4405);
#4405 = DEFINITIONAL_REPRESENTATION('',(#4406),#4410);
#4406 = LINE('',#4407,#4408);
#4407 = CARTESIAN_POINT('',(1.33226762955E-17,-0.12));
#4408 = VECTOR('',#4409,1.);
#4409 = DIRECTION('',(1.,0.));
#4410 = ( GEOMETRIC_REPRESENTATION_CONTEXT(2) 
PARAMETRIC_REPRESENTATION_CONTEXT() REPRESENTATION_CONTEXT('2D SPACE',''
  ) );
#4411 = PCURVE('',#4412,#4417);
#4412 = PLANE('',#4413);
#4413 = AXIS2_PLACEMENT_3D('',#4414,#4415,#4416);
#4414 = CARTESIAN_POINT('',(4.93,5.473399511402E-16,1.8));
#4415 = DIRECTION('',(1.,1.110223024625E-16,0.));
#4416 = DIRECTION('',(0.,0.,1.));
#4417 = DEFINITIONAL_REPRESENTATION('',(#4418),#4422);
#4418 = LINE('',#4419,#4420);
#4419 = CARTESIAN_POINT('',(-0.65,0.55));
#4420 = VECTOR('',#4421,1.);
#4421 = DIRECTION('',(0.,-1.));
#4422 = ( GEOMETRIC_REPRESENTATION_CONTEXT(2) 
PARAMETRIC_REPRESENTATION_CONTEXT() REPRESENTATION_CONTEXT('2D SPACE',''
  ) );
#4423 = ORIENTED_EDGE('',*,*,#4424,.T.);
#4424 = EDGE_CURVE('',#4397,#4231,#4425,.T.);
#4425 = SURFACE_CURVE('',#4426,(#4430,#4437),.PCURVE_S1.);
#4426 = LINE('',#4427,#4428);
#4427 = CARTESIAN_POINT('',(5.05,-0.45,1.15));
#4428 = VECTOR('',#4429,1.);
#4429 = DIRECTION('',(-1.,-1.110223024625E-16,0.));
#4430 = PCURVE('',#4245,#4431);
#4431 = DEFINITIONAL_REPRESENTATION('',(#4432),#4436);
#4432 = LINE('',#4433,#4434);
#4433 = CARTESIAN_POINT('',(0.1,1.110223024625E-17));
#4434 = VECTOR('',#4435,1.);
#4435 = DIRECTION('',(0.,-1.));
#4436 = ( GEOMETRIC_REPRESENTATION_CONTEXT(2) 
PARAMETRIC_REPRESENTATION_CONTEXT() REPRESENTATION_CONTEXT('2D SPACE',''
  ) );
#4437 = PCURVE('',#4272,#4438);
#4438 = DEFINITIONAL_REPRESENTATION('',(#4439),#4443);
#4439 = LINE('',#4440,#4441);
#4440 = CARTESIAN_POINT('',(1.2,0.));
#4441 = VECTOR('',#4442,1.);
#4442 = DIRECTION('',(-0.,-1.));
#4443 = ( GEOMETRIC_REPRESENTATION_CONTEXT(2) 
PARAMETRIC_REPRESENTATION_CONTEXT() REPRESENTATION_CONTEXT('2D SPACE',''
  ) );
#4444 = ORIENTED_EDGE('',*,*,#4230,.T.);
#4445 = ORIENTED_EDGE('',*,*,#4446,.F.);
#4446 = EDGE_CURVE('',#4447,#4203,#4449,.T.);
#4447 = VERTEX_POINT('',#4448);
#4448 = CARTESIAN_POINT('',(4.93,0.45,1.15));
#4449 = SURFACE_CURVE('',#4450,(#4454,#4461),.PCURVE_S1.);
#4450 = LINE('',#4451,#4452);
#4451 = CARTESIAN_POINT('',(5.05,0.45,1.15));
#4452 = VECTOR('',#4453,1.);
#4453 = DIRECTION('',(-1.,-1.110223024625E-16,0.));
#4454 = PCURVE('',#4245,#4455);
#4455 = DEFINITIONAL_REPRESENTATION('',(#4456),#4460);
#4456 = LINE('',#4457,#4458);
#4457 = CARTESIAN_POINT('',(1.,1.110223024625E-16));
#4458 = VECTOR('',#4459,1.);
#4459 = DIRECTION('',(0.,-1.));
#4460 = ( GEOMETRIC_REPRESENTATION_CONTEXT(2) 
PARAMETRIC_REPRESENTATION_CONTEXT() REPRESENTATION_CONTEXT('2D SPACE',''
  ) );
#4461 = PCURVE('',#4219,#4462);
#4462 = DEFINITIONAL_REPRESENTATION('',(#4463),#4467);
#4463 = LINE('',#4464,#4465);
#4464 = CARTESIAN_POINT('',(0.,0.));
#4465 = VECTOR('',#4466,1.);
#4466 = DIRECTION('',(0.,-1.));
#4467 = ( GEOMETRIC_REPRESENTATION_CONTEXT(2) 
PARAMETRIC_REPRESENTATION_CONTEXT() REPRESENTATION_CONTEXT('2D SPACE',''
  ) );
#4468 = ORIENTED_EDGE('',*,*,#4469,.T.);
#4469 = EDGE_CURVE('',#4447,#4313,#4470,.T.);
#4470 = SURFACE_CURVE('',#4471,(#4475,#4482),.PCURVE_S1.);
#4471 = LINE('',#4472,#4473);
#4472 = CARTESIAN_POINT('',(4.93,-0.55,1.15));
#4473 = VECTOR('',#4474,1.);
#4474 = DIRECTION('',(-1.110223024625E-16,1.,0.));
#4475 = PCURVE('',#4245,#4476);
#4476 = DEFINITIONAL_REPRESENTATION('',(#4477),#4481);
#4477 = LINE('',#4478,#4479);
#4478 = CARTESIAN_POINT('',(1.33226762955E-17,-0.12));
#4479 = VECTOR('',#4480,1.);
#4480 = DIRECTION('',(1.,0.));
#4481 = ( GEOMETRIC_REPRESENTATION_CONTEXT(2) 
PARAMETRIC_REPRESENTATION_CONTEXT() REPRESENTATION_CONTEXT('2D SPACE',''
  ) );
#4482 = PCURVE('',#4412,#4483);
#4483 = DEFINITIONAL_REPRESENTATION('',(#4484),#4488);
#4484 = LINE('',#4485,#4486);
#4485 = CARTESIAN_POINT('',(-0.65,0.55));
#4486 = VECTOR('',#4487,1.);
#4487 = DIRECTION('',(0.,-1.));
#4488 = ( GEOMETRIC_REPRESENTATION_CONTEXT(2) 
PARAMETRIC_REPRESENTATION_CONTEXT() REPRESENTATION_CONTEXT('2D SPACE',''
  ) );
#4489 = ADVANCED_FACE('',(#4490),#4412,.T.);
#4490 = FACE_BOUND('',#4491,.T.);
#4491 = EDGE_LOOP('',(#4492,#4493,#4516,#4544,#4565,#4566,#4587,#4608));
#4492 = ORIENTED_EDGE('',*,*,#4469,.T.);
#4493 = ORIENTED_EDGE('',*,*,#4494,.T.);
#4494 = EDGE_CURVE('',#4313,#4495,#4497,.T.);
#4495 = VERTEX_POINT('',#4496);
#4496 = CARTESIAN_POINT('',(4.93,0.55,2.45));
#4497 = SURFACE_CURVE('',#4498,(#4502,#4509),.PCURVE_S1.);
#4498 = LINE('',#4499,#4500);
#4499 = CARTESIAN_POINT('',(4.93,0.55,1.15));
#4500 = VECTOR('',#4501,1.);
#4501 = DIRECTION('',(0.,0.,1.));
#4502 = PCURVE('',#4412,#4503);
#4503 = DEFINITIONAL_REPRESENTATION('',(#4504),#4508);
#4504 = LINE('',#4505,#4506);
#4505 = CARTESIAN_POINT('',(-0.65,-0.55));
#4506 = VECTOR('',#4507,1.);
#4507 = DIRECTION('',(1.,0.));
#4508 = ( GEOMETRIC_REPRESENTATION_CONTEXT(2) 
PARAMETRIC_REPRESENTATION_CONTEXT() REPRESENTATION_CONTEXT('2D SPACE',''
  ) );
#4509 = PCURVE('',#4328,#4510);
#4510 = DEFINITIONAL_REPRESENTATION('',(#4511),#4515);
#4511 = LINE('',#4512,#4513);
#4512 = CARTESIAN_POINT('',(0.,-0.12));
#4513 = VECTOR('',#4514,1.);
#4514 = DIRECTION('',(1.,0.));
#4515 = ( GEOMETRIC_REPRESENTATION_CONTEXT(2) 
PARAMETRIC_REPRESENTATION_CONTEXT() REPRESENTATION_CONTEXT('2D SPACE',''
  ) );
#4516 = ORIENTED_EDGE('',*,*,#4517,.T.);
#4517 = EDGE_CURVE('',#4495,#4518,#4520,.T.);
#4518 = VERTEX_POINT('',#4519);
#4519 = CARTESIAN_POINT('',(4.93,-0.55,2.45));
#4520 = SURFACE_CURVE('',#4521,(#4525,#4532),.PCURVE_S1.);
#4521 = LINE('',#4522,#4523);
#4522 = CARTESIAN_POINT('',(4.93,0.55,2.45));
#4523 = VECTOR('',#4524,1.);
#4524 = DIRECTION('',(1.110223024625E-16,-1.,0.));
#4525 = PCURVE('',#4412,#4526);
#4526 = DEFINITIONAL_REPRESENTATION('',(#4527),#4531);
#4527 = LINE('',#4528,#4529);
#4528 = CARTESIAN_POINT('',(0.65,-0.55));
#4529 = VECTOR('',#4530,1.);
#4530 = DIRECTION('',(0.,1.));
#4531 = ( GEOMETRIC_REPRESENTATION_CONTEXT(2) 
PARAMETRIC_REPRESENTATION_CONTEXT() REPRESENTATION_CONTEXT('2D SPACE',''
  ) );
#4532 = PCURVE('',#4533,#4538);
#4533 = PLANE('',#4534);
#4534 = AXIS2_PLACEMENT_3D('',#4535,#4536,#4537);
#4535 = CARTESIAN_POINT('',(5.05,0.55,2.45));
#4536 = DIRECTION('',(0.,0.,1.));
#4537 = DIRECTION('',(1.110223024625E-16,-1.,0.));
#4538 = DEFINITIONAL_REPRESENTATION('',(#4539),#4543);
#4539 = LINE('',#4540,#4541);
#4540 = CARTESIAN_POINT('',(-1.33226762955E-17,-0.12));
#4541 = VECTOR('',#4542,1.);
#4542 = DIRECTION('',(1.,0.));
#4543 = ( GEOMETRIC_REPRESENTATION_CONTEXT(2) 
PARAMETRIC_REPRESENTATION_CONTEXT() REPRESENTATION_CONTEXT('2D SPACE',''
  ) );
#4544 = ORIENTED_EDGE('',*,*,#4545,.T.);
#4545 = EDGE_CURVE('',#4518,#4369,#4546,.T.);
#4546 = SURFACE_CURVE('',#4547,(#4551,#4558),.PCURVE_S1.);
#4547 = LINE('',#4548,#4549);
#4548 = CARTESIAN_POINT('',(4.93,-0.55,2.45));
#4549 = VECTOR('',#4550,1.);
#4550 = DIRECTION('',(0.,0.,-1.));
#4551 = PCURVE('',#4412,#4552);
#4552 = DEFINITIONAL_REPRESENTATION('',(#4553),#4557);
#4553 = LINE('',#4554,#4555);
#4554 = CARTESIAN_POINT('',(0.65,0.55));
#4555 = VECTOR('',#4556,1.);
#4556 = DIRECTION('',(-1.,0.));
#4557 = ( GEOMETRIC_REPRESENTATION_CONTEXT(2) 
PARAMETRIC_REPRESENTATION_CONTEXT() REPRESENTATION_CONTEXT('2D SPACE',''
  ) );
#4558 = PCURVE('',#4384,#4559);
#4559 = DEFINITIONAL_REPRESENTATION('',(#4560),#4564);
#4560 = LINE('',#4561,#4562);
#4561 = CARTESIAN_POINT('',(0.,-0.12));
#4562 = VECTOR('',#4563,1.);
#4563 = DIRECTION('',(1.,0.));
#4564 = ( GEOMETRIC_REPRESENTATION_CONTEXT(2) 
PARAMETRIC_REPRESENTATION_CONTEXT() REPRESENTATION_CONTEXT('2D SPACE',''
  ) );
#4565 = ORIENTED_EDGE('',*,*,#4396,.T.);
#4566 = ORIENTED_EDGE('',*,*,#4567,.T.);
#4567 = EDGE_CURVE('',#4397,#4568,#4570,.T.);
#4568 = VERTEX_POINT('',#4569);
#4569 = CARTESIAN_POINT('',(4.93,-0.45,2.35));
#4570 = SURFACE_CURVE('',#4571,(#4575,#4581),.PCURVE_S1.);
#4571 = LINE('',#4572,#4573);
#4572 = CARTESIAN_POINT('',(4.93,-0.45,2.075));
#4573 = VECTOR('',#4574,1.);
#4574 = DIRECTION('',(-0.,0.,1.));
#4575 = PCURVE('',#4412,#4576);
#4576 = DEFINITIONAL_REPRESENTATION('',(#4577),#4580);
#4577 = B_SPLINE_CURVE_WITH_KNOTS('',1,(#4578,#4579),.UNSPECIFIED.,.F.,
  .F.,(2,2),(-0.925,0.275),.PIECEWISE_BEZIER_KNOTS.);
#4578 = CARTESIAN_POINT('',(-0.65,0.45));
#4579 = CARTESIAN_POINT('',(0.55,0.45));
#4580 = ( GEOMETRIC_REPRESENTATION_CONTEXT(2) 
PARAMETRIC_REPRESENTATION_CONTEXT() REPRESENTATION_CONTEXT('2D SPACE',''
  ) );
#4581 = PCURVE('',#4272,#4582);
#4582 = DEFINITIONAL_REPRESENTATION('',(#4583),#4586);
#4583 = B_SPLINE_CURVE_WITH_KNOTS('',1,(#4584,#4585),.UNSPECIFIED.,.F.,
  .F.,(2,2),(-0.925,0.275),.PIECEWISE_BEZIER_KNOTS.);
#4584 = CARTESIAN_POINT('',(1.2,-0.12));
#4585 = CARTESIAN_POINT('',(0.,-0.12));
#4586 = ( GEOMETRIC_REPRESENTATION_CONTEXT(2) 
PARAMETRIC_REPRESENTATION_CONTEXT() REPRESENTATION_CONTEXT('2D SPACE',''
  ) );
#4587 = ORIENTED_EDGE('',*,*,#4588,.T.);
#4588 = EDGE_CURVE('',#4568,#4589,#4591,.T.);
#4589 = VERTEX_POINT('',#4590);
#4590 = CARTESIAN_POINT('',(4.93,0.45,2.35));
#4591 = SURFACE_CURVE('',#4592,(#4596,#4602),.PCURVE_S1.);
#4592 = LINE('',#4593,#4594);
#4593 = CARTESIAN_POINT('',(4.93,0.225,2.35));
#4594 = VECTOR('',#4595,1.);
#4595 = DIRECTION('',(-1.110223024625E-16,1.,0.));
#4596 = PCURVE('',#4412,#4597);
#4597 = DEFINITIONAL_REPRESENTATION('',(#4598),#4601);
#4598 = B_SPLINE_CURVE_WITH_KNOTS('',1,(#4599,#4600),.UNSPECIFIED.,.F.,
  .F.,(2,2),(-0.675,0.225),.PIECEWISE_BEZIER_KNOTS.);
#4599 = CARTESIAN_POINT('',(0.55,0.45));
#4600 = CARTESIAN_POINT('',(0.55,-0.45));
#4601 = ( GEOMETRIC_REPRESENTATION_CONTEXT(2) 
PARAMETRIC_REPRESENTATION_CONTEXT() REPRESENTATION_CONTEXT('2D SPACE',''
  ) );
#4602 = PCURVE('',#4296,#4603);
#4603 = DEFINITIONAL_REPRESENTATION('',(#4604),#4607);
#4604 = B_SPLINE_CURVE_WITH_KNOTS('',1,(#4605,#4606),.UNSPECIFIED.,.F.,
  .F.,(2,2),(-0.675,0.225),.PIECEWISE_BEZIER_KNOTS.);
#4605 = CARTESIAN_POINT('',(0.9,-0.12));
#4606 = CARTESIAN_POINT('',(0.,-0.12));
#4607 = ( GEOMETRIC_REPRESENTATION_CONTEXT(2) 
PARAMETRIC_REPRESENTATION_CONTEXT() REPRESENTATION_CONTEXT('2D SPACE',''
  ) );
#4608 = ORIENTED_EDGE('',*,*,#4609,.T.);
#4609 = EDGE_CURVE('',#4589,#4447,#4610,.T.);
#4610 = SURFACE_CURVE('',#4611,(#4615,#4621),.PCURVE_S1.);
#4611 = LINE('',#4612,#4613);
#4612 = CARTESIAN_POINT('',(4.93,0.45,1.475));
#4613 = VECTOR('',#4614,1.);
#4614 = DIRECTION('',(0.,0.,-1.));
#4615 = PCURVE('',#4412,#4616);
#4616 = DEFINITIONAL_REPRESENTATION('',(#4617),#4620);
#4617 = B_SPLINE_CURVE_WITH_KNOTS('',1,(#4618,#4619),.UNSPECIFIED.,.F.,
  .F.,(2,2),(-0.875,0.325),.PIECEWISE_BEZIER_KNOTS.);
#4618 = CARTESIAN_POINT('',(0.55,-0.45));
#4619 = CARTESIAN_POINT('',(-0.65,-0.45));
#4620 = ( GEOMETRIC_REPRESENTATION_CONTEXT(2) 
PARAMETRIC_REPRESENTATION_CONTEXT() REPRESENTATION_CONTEXT('2D SPACE',''
  ) );
#4621 = PCURVE('',#4219,#4622);
#4622 = DEFINITIONAL_REPRESENTATION('',(#4623),#4626);
#4623 = B_SPLINE_CURVE_WITH_KNOTS('',1,(#4624,#4625),.UNSPECIFIED.,.F.,
  .F.,(2,2),(-0.875,0.325),.PIECEWISE_BEZIER_KNOTS.);
#4624 = CARTESIAN_POINT('',(1.2,-0.12));
#4625 = CARTESIAN_POINT('',(0.,-0.12));
#4626 = ( GEOMETRIC_REPRESENTATION_CONTEXT(2) 
PARAMETRIC_REPRESENTATION_CONTEXT() REPRESENTATION_CONTEXT('2D SPACE',''
  ) );
#4627 = ADVANCED_FACE('',(#4628),#4533,.F.);
#4628 = FACE_BOUND('',#4629,.F.);
#4629 = EDGE_LOOP('',(#4630,#4653,#4674,#4675));
#4630 = ORIENTED_EDGE('',*,*,#4631,.F.);
#4631 = EDGE_CURVE('',#4632,#4634,#4636,.T.);
#4632 = VERTEX_POINT('',#4633);
#4633 = CARTESIAN_POINT('',(5.,0.55,2.45));
#4634 = VERTEX_POINT('',#4635);
#4635 = CARTESIAN_POINT('',(5.,-0.55,2.45));
#4636 = SURFACE_CURVE('',#4637,(#4641,#4647),.PCURVE_S1.);
#4637 = LINE('',#4638,#4639);
#4638 = CARTESIAN_POINT('',(5.,-1.725,2.45));
#4639 = VECTOR('',#4640,1.);
#4640 = DIRECTION('',(0.,-1.,0.));
#4641 = PCURVE('',#4533,#4642);
#4642 = DEFINITIONAL_REPRESENTATION('',(#4643),#4646);
#4643 = B_SPLINE_CURVE_WITH_KNOTS('',1,(#4644,#4645),.UNSPECIFIED.,.F.,
  .F.,(2,2),(-2.275,-1.175),.PIECEWISE_BEZIER_KNOTS.);
#4644 = CARTESIAN_POINT('',(0.,-5.E-02));
#4645 = CARTESIAN_POINT('',(1.1,-5.E-02));
#4646 = ( GEOMETRIC_REPRESENTATION_CONTEXT(2) 
PARAMETRIC_REPRESENTATION_CONTEXT() REPRESENTATION_CONTEXT('2D SPACE',''
  ) );
#4647 = PCURVE('',#4356,#4648);
#4648 = DEFINITIONAL_REPRESENTATION('',(#4649),#4652);
#4649 = B_SPLINE_CURVE_WITH_KNOTS('',1,(#4650,#4651),.UNSPECIFIED.,.F.,
  .F.,(2,2),(-2.275,-1.175),.PIECEWISE_BEZIER_KNOTS.);
#4650 = CARTESIAN_POINT('',(2.3,-4.55));
#4651 = CARTESIAN_POINT('',(2.3,-3.45));
#4652 = ( GEOMETRIC_REPRESENTATION_CONTEXT(2) 
PARAMETRIC_REPRESENTATION_CONTEXT() REPRESENTATION_CONTEXT('2D SPACE',''
  ) );
#4653 = ORIENTED_EDGE('',*,*,#4654,.T.);
#4654 = EDGE_CURVE('',#4632,#4495,#4655,.T.);
#4655 = SURFACE_CURVE('',#4656,(#4660,#4667),.PCURVE_S1.);
#4656 = LINE('',#4657,#4658);
#4657 = CARTESIAN_POINT('',(5.05,0.55,2.45));
#4658 = VECTOR('',#4659,1.);
#4659 = DIRECTION('',(-1.,-1.110223024625E-16,0.));
#4660 = PCURVE('',#4533,#4661);
#4661 = DEFINITIONAL_REPRESENTATION('',(#4662),#4666);
#4662 = LINE('',#4663,#4664);
#4663 = CARTESIAN_POINT('',(0.,0.));
#4664 = VECTOR('',#4665,1.);
#4665 = DIRECTION('',(0.,-1.));
#4666 = ( GEOMETRIC_REPRESENTATION_CONTEXT(2) 
PARAMETRIC_REPRESENTATION_CONTEXT() REPRESENTATION_CONTEXT('2D SPACE',''
  ) );
#4667 = PCURVE('',#4328,#4668);
#4668 = DEFINITIONAL_REPRESENTATION('',(#4669),#4673);
#4669 = LINE('',#4670,#4671);
#4670 = CARTESIAN_POINT('',(1.3,0.));
#4671 = VECTOR('',#4672,1.);
#4672 = DIRECTION('',(0.,-1.));
#4673 = ( GEOMETRIC_REPRESENTATION_CONTEXT(2) 
PARAMETRIC_REPRESENTATION_CONTEXT() REPRESENTATION_CONTEXT('2D SPACE',''
  ) );
#4674 = ORIENTED_EDGE('',*,*,#4517,.T.);
#4675 = ORIENTED_EDGE('',*,*,#4676,.F.);
#4676 = EDGE_CURVE('',#4634,#4518,#4677,.T.);
#4677 = SURFACE_CURVE('',#4678,(#4682,#4689),.PCURVE_S1.);
#4678 = LINE('',#4679,#4680);
#4679 = CARTESIAN_POINT('',(5.05,-0.55,2.45));
#4680 = VECTOR('',#4681,1.);
#4681 = DIRECTION('',(-1.,-1.110223024625E-16,0.));
#4682 = PCURVE('',#4533,#4683);
#4683 = DEFINITIONAL_REPRESENTATION('',(#4684),#4688);
#4684 = LINE('',#4685,#4686);
#4685 = CARTESIAN_POINT('',(1.1,-1.221245327088E-16));
#4686 = VECTOR('',#4687,1.);
#4687 = DIRECTION('',(0.,-1.));
#4688 = ( GEOMETRIC_REPRESENTATION_CONTEXT(2) 
PARAMETRIC_REPRESENTATION_CONTEXT() REPRESENTATION_CONTEXT('2D SPACE',''
  ) );
#4689 = PCURVE('',#4384,#4690);
#4690 = DEFINITIONAL_REPRESENTATION('',(#4691),#4695);
#4691 = LINE('',#4692,#4693);
#4692 = CARTESIAN_POINT('',(0.,0.));
#4693 = VECTOR('',#4694,1.);
#4694 = DIRECTION('',(-0.,-1.));
#4695 = ( GEOMETRIC_REPRESENTATION_CONTEXT(2) 
PARAMETRIC_REPRESENTATION_CONTEXT() REPRESENTATION_CONTEXT('2D SPACE',''
  ) );
#4696 = ADVANCED_FACE('',(#4697),#4384,.F.);
#4697 = FACE_BOUND('',#4698,.F.);
#4698 = EDGE_LOOP('',(#4699,#4718,#4719,#4720));
#4699 = ORIENTED_EDGE('',*,*,#4700,.F.);
#4700 = EDGE_CURVE('',#4634,#4341,#4701,.T.);
#4701 = SURFACE_CURVE('',#4702,(#4706,#4712),.PCURVE_S1.);
#4702 = LINE('',#4703,#4704);
#4703 = CARTESIAN_POINT('',(5.,-0.55,1.3));
#4704 = VECTOR('',#4705,1.);
#4705 = DIRECTION('',(0.,0.,-1.));
#4706 = PCURVE('',#4384,#4707);
#4707 = DEFINITIONAL_REPRESENTATION('',(#4708),#4711);
#4708 = B_SPLINE_CURVE_WITH_KNOTS('',1,(#4709,#4710),.UNSPECIFIED.,.F.,
  .F.,(2,2),(-1.15,0.15),.PIECEWISE_BEZIER_KNOTS.);
#4709 = CARTESIAN_POINT('',(0.,-5.E-02));
#4710 = CARTESIAN_POINT('',(1.3,-5.E-02));
#4711 = ( GEOMETRIC_REPRESENTATION_CONTEXT(2) 
PARAMETRIC_REPRESENTATION_CONTEXT() REPRESENTATION_CONTEXT('2D SPACE',''
  ) );
#4712 = PCURVE('',#4356,#4713);
#4713 = DEFINITIONAL_REPRESENTATION('',(#4714),#4717);
#4714 = B_SPLINE_CURVE_WITH_KNOTS('',1,(#4715,#4716),.UNSPECIFIED.,.F.,
  .F.,(2,2),(-1.15,0.15),.PIECEWISE_BEZIER_KNOTS.);
#4715 = CARTESIAN_POINT('',(2.3,-3.45));
#4716 = CARTESIAN_POINT('',(1.,-3.45));
#4717 = ( GEOMETRIC_REPRESENTATION_CONTEXT(2) 
PARAMETRIC_REPRESENTATION_CONTEXT() REPRESENTATION_CONTEXT('2D SPACE',''
  ) );
#4718 = ORIENTED_EDGE('',*,*,#4676,.T.);
#4719 = ORIENTED_EDGE('',*,*,#4545,.T.);
#4720 = ORIENTED_EDGE('',*,*,#4368,.F.);
#4721 = ADVANCED_FACE('',(#4722,#4816),#4356,.T.);
#4722 = FACE_BOUND('',#4723,.T.);
#4723 = EDGE_LOOP('',(#4724,#4749,#4772,#4795));
#4724 = ORIENTED_EDGE('',*,*,#4725,.F.);
#4725 = EDGE_CURVE('',#4726,#4728,#4730,.T.);
#4726 = VERTEX_POINT('',#4727);
#4727 = CARTESIAN_POINT('',(5.,-4.,0.15));
#4728 = VERTEX_POINT('',#4729);
#4729 = CARTESIAN_POINT('',(5.,-4.,3.75));
#4730 = SURFACE_CURVE('',#4731,(#4735,#4742),.PCURVE_S1.);
#4731 = LINE('',#4732,#4733);
#4732 = CARTESIAN_POINT('',(5.,-4.,0.15));
#4733 = VECTOR('',#4734,1.);
#4734 = DIRECTION('',(0.,0.,1.));
#4735 = PCURVE('',#4356,#4736);
#4736 = DEFINITIONAL_REPRESENTATION('',(#4737),#4741);
#4737 = LINE('',#4738,#4739);
#4738 = CARTESIAN_POINT('',(0.,0.));
#4739 = VECTOR('',#4740,1.);
#4740 = DIRECTION('',(1.,0.));
#4741 = ( GEOMETRIC_REPRESENTATION_CONTEXT(2) 
PARAMETRIC_REPRESENTATION_CONTEXT() REPRESENTATION_CONTEXT('2D SPACE',''
  ) );
#4742 = PCURVE('',#1601,#4743);
#4743 = DEFINITIONAL_REPRESENTATION('',(#4744),#4748);
#4744 = LINE('',#4745,#4746);
#4745 = CARTESIAN_POINT('',(0.,10.));
#4746 = VECTOR('',#4747,1.);
#4747 = DIRECTION('',(1.,0.));
#4748 = ( GEOMETRIC_REPRESENTATION_CONTEXT(2) 
PARAMETRIC_REPRESENTATION_CONTEXT() REPRESENTATION_CONTEXT('2D SPACE',''
  ) );
#4749 = ORIENTED_EDGE('',*,*,#4750,.T.);
#4750 = EDGE_CURVE('',#4726,#4751,#4753,.T.);
#4751 = VERTEX_POINT('',#4752);
#4752 = CARTESIAN_POINT('',(5.,4.,0.15));
#4753 = SURFACE_CURVE('',#4754,(#4758,#4765),.PCURVE_S1.);
#4754 = LINE('',#4755,#4756);
#4755 = CARTESIAN_POINT('',(5.,-4.,0.15));
#4756 = VECTOR('',#4757,1.);
#4757 = DIRECTION('',(0.,1.,0.));
#4758 = PCURVE('',#4356,#4759);
#4759 = DEFINITIONAL_REPRESENTATION('',(#4760),#4764);
#4760 = LINE('',#4761,#4762);
#4761 = CARTESIAN_POINT('',(0.,0.));
#4762 = VECTOR('',#4763,1.);
#4763 = DIRECTION('',(0.,-1.));
#4764 = ( GEOMETRIC_REPRESENTATION_CONTEXT(2) 
PARAMETRIC_REPRESENTATION_CONTEXT() REPRESENTATION_CONTEXT('2D SPACE',''
  ) );
#4765 = PCURVE('',#1629,#4766);
#4766 = DEFINITIONAL_REPRESENTATION('',(#4767),#4771);
#4767 = LINE('',#4768,#4769);
#4768 = CARTESIAN_POINT('',(10.,0.));
#4769 = VECTOR('',#4770,1.);
#4770 = DIRECTION('',(0.,1.));
#4771 = ( GEOMETRIC_REPRESENTATION_CONTEXT(2) 
PARAMETRIC_REPRESENTATION_CONTEXT() REPRESENTATION_CONTEXT('2D SPACE',''
  ) );
#4772 = ORIENTED_EDGE('',*,*,#4773,.T.);
#4773 = EDGE_CURVE('',#4751,#4774,#4776,.T.);
#4774 = VERTEX_POINT('',#4775);
#4775 = CARTESIAN_POINT('',(5.,4.,3.75));
#4776 = SURFACE_CURVE('',#4777,(#4781,#4788),.PCURVE_S1.);
#4777 = LINE('',#4778,#4779);
#4778 = CARTESIAN_POINT('',(5.,4.,0.15));
#4779 = VECTOR('',#4780,1.);
#4780 = DIRECTION('',(0.,0.,1.));
#4781 = PCURVE('',#4356,#4782);
#4782 = DEFINITIONAL_REPRESENTATION('',(#4783),#4787);
#4783 = LINE('',#4784,#4785);
#4784 = CARTESIAN_POINT('',(0.,-8.));
#4785 = VECTOR('',#4786,1.);
#4786 = DIRECTION('',(1.,0.));
#4787 = ( GEOMETRIC_REPRESENTATION_CONTEXT(2) 
PARAMETRIC_REPRESENTATION_CONTEXT() REPRESENTATION_CONTEXT('2D SPACE',''
  ) );
#4788 = PCURVE('',#1657,#4789);
#4789 = DEFINITIONAL_REPRESENTATION('',(#4790),#4794);
#4790 = LINE('',#4791,#4792);
#4791 = CARTESIAN_POINT('',(0.,10.));
#4792 = VECTOR('',#4793,1.);
#4793 = DIRECTION('',(1.,0.));
#4794 = ( GEOMETRIC_REPRESENTATION_CONTEXT(2) 
PARAMETRIC_REPRESENTATION_CONTEXT() REPRESENTATION_CONTEXT('2D SPACE',''
  ) );
#4795 = ORIENTED_EDGE('',*,*,#4796,.F.);
#4796 = EDGE_CURVE('',#4728,#4774,#4797,.T.);
#4797 = SURFACE_CURVE('',#4798,(#4802,#4809),.PCURVE_S1.);
#4798 = LINE('',#4799,#4800);
#4799 = CARTESIAN_POINT('',(5.,-4.,3.75));
#4800 = VECTOR('',#4801,1.);
#4801 = DIRECTION('',(0.,1.,0.));
#4802 = PCURVE('',#4356,#4803);
#4803 = DEFINITIONAL_REPRESENTATION('',(#4804),#4808);
#4804 = LINE('',#4805,#4806);
#4805 = CARTESIAN_POINT('',(3.6,0.));
#4806 = VECTOR('',#4807,1.);
#4807 = DIRECTION('',(0.,-1.));
#4808 = ( GEOMETRIC_REPRESENTATION_CONTEXT(2) 
PARAMETRIC_REPRESENTATION_CONTEXT() REPRESENTATION_CONTEXT('2D SPACE',''
  ) );
#4809 = PCURVE('',#1683,#4810);
#4810 = DEFINITIONAL_REPRESENTATION('',(#4811),#4815);
#4811 = LINE('',#4812,#4813);
#4812 = CARTESIAN_POINT('',(10.,0.));
#4813 = VECTOR('',#4814,1.);
#4814 = DIRECTION('',(0.,1.));
#4815 = ( GEOMETRIC_REPRESENTATION_CONTEXT(2) 
PARAMETRIC_REPRESENTATION_CONTEXT() REPRESENTATION_CONTEXT('2D SPACE',''
  ) );
#4816 = FACE_BOUND('',#4817,.T.);
#4817 = EDGE_LOOP('',(#4818,#4819,#4820,#4821));
#4818 = ORIENTED_EDGE('',*,*,#4340,.T.);
#4819 = ORIENTED_EDGE('',*,*,#4700,.F.);
#4820 = ORIENTED_EDGE('',*,*,#4631,.F.);
#4821 = ORIENTED_EDGE('',*,*,#4822,.F.);
#4822 = EDGE_CURVE('',#4311,#4632,#4823,.T.);
#4823 = SURFACE_CURVE('',#4824,(#4828,#4834),.PCURVE_S1.);
#4824 = LINE('',#4825,#4826);
#4825 = CARTESIAN_POINT('',(5.,0.55,0.65));
#4826 = VECTOR('',#4827,1.);
#4827 = DIRECTION('',(0.,-0.,1.));
#4828 = PCURVE('',#4356,#4829);
#4829 = DEFINITIONAL_REPRESENTATION('',(#4830),#4833);
#4830 = B_SPLINE_CURVE_WITH_KNOTS('',1,(#4831,#4832),.UNSPECIFIED.,.F.,
  .F.,(2,2),(0.5,1.8),.PIECEWISE_BEZIER_KNOTS.);
#4831 = CARTESIAN_POINT('',(1.,-4.55));
#4832 = CARTESIAN_POINT('',(2.3,-4.55));
#4833 = ( GEOMETRIC_REPRESENTATION_CONTEXT(2) 
PARAMETRIC_REPRESENTATION_CONTEXT() REPRESENTATION_CONTEXT('2D SPACE',''
  ) );
#4834 = PCURVE('',#4328,#4835);
#4835 = DEFINITIONAL_REPRESENTATION('',(#4836),#4839);
#4836 = B_SPLINE_CURVE_WITH_KNOTS('',1,(#4837,#4838),.UNSPECIFIED.,.F.,
  .F.,(2,2),(0.5,1.8),.PIECEWISE_BEZIER_KNOTS.);
#4837 = CARTESIAN_POINT('',(0.,-5.E-02));
#4838 = CARTESIAN_POINT('',(1.3,-5.E-02));
#4839 = ( GEOMETRIC_REPRESENTATION_CONTEXT(2) 
PARAMETRIC_REPRESENTATION_CONTEXT() REPRESENTATION_CONTEXT('2D SPACE',''
  ) );
#4840 = ADVANCED_FACE('',(#4841),#4328,.F.);
#4841 = FACE_BOUND('',#4842,.F.);
#4842 = EDGE_LOOP('',(#4843,#4844,#4845,#4846));
#4843 = ORIENTED_EDGE('',*,*,#4822,.F.);
#4844 = ORIENTED_EDGE('',*,*,#4310,.T.);
#4845 = ORIENTED_EDGE('',*,*,#4494,.T.);
#4846 = ORIENTED_EDGE('',*,*,#4654,.F.);
#4847 = ADVANCED_FACE('',(#4848),#4272,.F.);
#4848 = FACE_BOUND('',#4849,.F.);
#4849 = EDGE_LOOP('',(#4850,#4851,#4872,#4873));
#4850 = ORIENTED_EDGE('',*,*,#4567,.T.);
#4851 = ORIENTED_EDGE('',*,*,#4852,.T.);
#4852 = EDGE_CURVE('',#4568,#4258,#4853,.T.);
#4853 = SURFACE_CURVE('',#4854,(#4858,#4865),.PCURVE_S1.);
#4854 = LINE('',#4855,#4856);
#4855 = CARTESIAN_POINT('',(5.05,-0.45,2.35));
#4856 = VECTOR('',#4857,1.);
#4857 = DIRECTION('',(-1.,-1.110223024625E-16,0.));
#4858 = PCURVE('',#4272,#4859);
#4859 = DEFINITIONAL_REPRESENTATION('',(#4860),#4864);
#4860 = LINE('',#4861,#4862);
#4861 = CARTESIAN_POINT('',(0.,0.));
#4862 = VECTOR('',#4863,1.);
#4863 = DIRECTION('',(-0.,-1.));
#4864 = ( GEOMETRIC_REPRESENTATION_CONTEXT(2) 
PARAMETRIC_REPRESENTATION_CONTEXT() REPRESENTATION_CONTEXT('2D SPACE',''
  ) );
#4865 = PCURVE('',#4296,#4866);
#4866 = DEFINITIONAL_REPRESENTATION('',(#4867),#4871);
#4867 = LINE('',#4868,#4869);
#4868 = CARTESIAN_POINT('',(0.9,-9.992007221626E-17));
#4869 = VECTOR('',#4870,1.);
#4870 = DIRECTION('',(0.,-1.));
#4871 = ( GEOMETRIC_REPRESENTATION_CONTEXT(2) 
PARAMETRIC_REPRESENTATION_CONTEXT() REPRESENTATION_CONTEXT('2D SPACE',''
  ) );
#4872 = ORIENTED_EDGE('',*,*,#4257,.T.);
#4873 = ORIENTED_EDGE('',*,*,#4424,.F.);
#4874 = ADVANCED_FACE('',(#4875),#4296,.F.);
#4875 = FACE_BOUND('',#4876,.F.);
#4876 = EDGE_LOOP('',(#4877,#4878,#4899,#4900));
#4877 = ORIENTED_EDGE('',*,*,#4588,.T.);
#4878 = ORIENTED_EDGE('',*,*,#4879,.T.);
#4879 = EDGE_CURVE('',#4589,#4205,#4880,.T.);
#4880 = SURFACE_CURVE('',#4881,(#4885,#4892),.PCURVE_S1.);
#4881 = LINE('',#4882,#4883);
#4882 = CARTESIAN_POINT('',(5.05,0.45,2.35));
#4883 = VECTOR('',#4884,1.);
#4884 = DIRECTION('',(-1.,-1.110223024625E-16,0.));
#4885 = PCURVE('',#4296,#4886);
#4886 = DEFINITIONAL_REPRESENTATION('',(#4887),#4891);
#4887 = LINE('',#4888,#4889);
#4888 = CARTESIAN_POINT('',(0.,0.));
#4889 = VECTOR('',#4890,1.);
#4890 = DIRECTION('',(0.,-1.));
#4891 = ( GEOMETRIC_REPRESENTATION_CONTEXT(2) 
PARAMETRIC_REPRESENTATION_CONTEXT() REPRESENTATION_CONTEXT('2D SPACE',''
  ) );
#4892 = PCURVE('',#4219,#4893);
#4893 = DEFINITIONAL_REPRESENTATION('',(#4894),#4898);
#4894 = LINE('',#4895,#4896);
#4895 = CARTESIAN_POINT('',(1.2,0.));
#4896 = VECTOR('',#4897,1.);
#4897 = DIRECTION('',(0.,-1.));
#4898 = ( GEOMETRIC_REPRESENTATION_CONTEXT(2) 
PARAMETRIC_REPRESENTATION_CONTEXT() REPRESENTATION_CONTEXT('2D SPACE',''
  ) );
#4899 = ORIENTED_EDGE('',*,*,#4283,.T.);
#4900 = ORIENTED_EDGE('',*,*,#4852,.F.);
#4901 = ADVANCED_FACE('',(#4902),#4219,.F.);
#4902 = FACE_BOUND('',#4903,.F.);
#4903 = EDGE_LOOP('',(#4904,#4905,#4906,#4907));
#4904 = ORIENTED_EDGE('',*,*,#4609,.T.);
#4905 = ORIENTED_EDGE('',*,*,#4446,.T.);
#4906 = ORIENTED_EDGE('',*,*,#4202,.T.);
#4907 = ORIENTED_EDGE('',*,*,#4879,.F.);
#4908 = ADVANCED_FACE('',(#4909,#4951),#2146,.T.);
#4909 = FACE_BOUND('',#4910,.T.);
#4910 = EDGE_LOOP('',(#4911,#4912,#4931,#4932));
#4911 = ORIENTED_EDGE('',*,*,#4136,.F.);
#4912 = ORIENTED_EDGE('',*,*,#4913,.T.);
#4913 = EDGE_CURVE('',#4137,#2129,#4914,.T.);
#4914 = SURFACE_CURVE('',#4915,(#4919,#4925),.PCURVE_S1.);
#4915 = LINE('',#4916,#4917);
#4916 = CARTESIAN_POINT('',(-4.85,-3.7,0.15));
#4917 = VECTOR('',#4918,1.);
#4918 = DIRECTION('',(-1.,0.,0.));
#4919 = PCURVE('',#2146,#4920);
#4920 = DEFINITIONAL_REPRESENTATION('',(#4921),#4924);
#4921 = B_SPLINE_CURVE_WITH_KNOTS('',1,(#4922,#4923),.UNSPECIFIED.,.F.,
  .F.,(2,2),(-9.55,-0.15),.PIECEWISE_BEZIER_KNOTS.);
#4922 = CARTESIAN_POINT('',(1.,9.4));
#4923 = CARTESIAN_POINT('',(1.,0.));
#4924 = ( GEOMETRIC_REPRESENTATION_CONTEXT(2) 
PARAMETRIC_REPRESENTATION_CONTEXT() REPRESENTATION_CONTEXT('2D SPACE',''
  ) );
#4925 = PCURVE('',#1629,#4926);
#4926 = DEFINITIONAL_REPRESENTATION('',(#4927),#4930);
#4927 = B_SPLINE_CURVE_WITH_KNOTS('',1,(#4928,#4929),.UNSPECIFIED.,.F.,
  .F.,(2,2),(-9.55,-0.15),.PIECEWISE_BEZIER_KNOTS.);
#4928 = CARTESIAN_POINT('',(9.7,0.3));
#4929 = CARTESIAN_POINT('',(0.3,0.3));
#4930 = ( GEOMETRIC_REPRESENTATION_CONTEXT(2) 
PARAMETRIC_REPRESENTATION_CONTEXT() REPRESENTATION_CONTEXT('2D SPACE',''
  ) );
#4931 = ORIENTED_EDGE('',*,*,#2128,.T.);
#4932 = ORIENTED_EDGE('',*,*,#4933,.F.);
#4933 = EDGE_CURVE('',#4139,#2131,#4934,.T.);
#4934 = SURFACE_CURVE('',#4935,(#4939,#4945),.PCURVE_S1.);
#4935 = LINE('',#4936,#4937);
#4936 = CARTESIAN_POINT('',(-4.85,-3.7,3.75));
#4937 = VECTOR('',#4938,1.);
#4938 = DIRECTION('',(-1.,0.,0.));
#4939 = PCURVE('',#2146,#4940);
#4940 = DEFINITIONAL_REPRESENTATION('',(#4941),#4944);
#4941 = B_SPLINE_CURVE_WITH_KNOTS('',1,(#4942,#4943),.UNSPECIFIED.,.F.,
  .F.,(2,2),(-9.55,-0.15),.PIECEWISE_BEZIER_KNOTS.);
#4942 = CARTESIAN_POINT('',(4.6,9.4));
#4943 = CARTESIAN_POINT('',(4.6,0.));
#4944 = ( GEOMETRIC_REPRESENTATION_CONTEXT(2) 
PARAMETRIC_REPRESENTATION_CONTEXT() REPRESENTATION_CONTEXT('2D SPACE',''
  ) );
#4945 = PCURVE('',#1683,#4946);
#4946 = DEFINITIONAL_REPRESENTATION('',(#4947),#4950);
#4947 = B_SPLINE_CURVE_WITH_KNOTS('',1,(#4948,#4949),.UNSPECIFIED.,.F.,
  .F.,(2,2),(-9.55,-0.15),.PIECEWISE_BEZIER_KNOTS.);
#4948 = CARTESIAN_POINT('',(9.7,0.3));
#4949 = CARTESIAN_POINT('',(0.3,0.3));
#4950 = ( GEOMETRIC_REPRESENTATION_CONTEXT(2) 
PARAMETRIC_REPRESENTATION_CONTEXT() REPRESENTATION_CONTEXT('2D SPACE',''
  ) );
#4951 = FACE_BOUND('',#4952,.T.);
#4952 = EDGE_LOOP('',(#4953,#4981,#5007,#5033));
#4953 = ORIENTED_EDGE('',*,*,#4954,.F.);
#4954 = EDGE_CURVE('',#4955,#4957,#4959,.T.);
#4955 = VERTEX_POINT('',#4956);
#4956 = CARTESIAN_POINT('',(0.45,-3.7,2.35));
#4957 = VERTEX_POINT('',#4958);
#4958 = CARTESIAN_POINT('',(0.45,-3.7,1.15));
#4959 = SURFACE_CURVE('',#4960,(#4964,#4970),.PCURVE_S1.);
#4960 = LINE('',#4961,#4962);
#4961 = CARTESIAN_POINT('',(0.45,-3.7,0.15));
#4962 = VECTOR('',#4963,1.);
#4963 = DIRECTION('',(0.,0.,-1.));
#4964 = PCURVE('',#2146,#4965);
#4965 = DEFINITIONAL_REPRESENTATION('',(#4966),#4969);
#4966 = B_SPLINE_CURVE_WITH_KNOTS('',1,(#4967,#4968),.UNSPECIFIED.,.F.,
  .F.,(2,2),(-2.2,-1.),.PIECEWISE_BEZIER_KNOTS.);
#4967 = CARTESIAN_POINT('',(3.2,5.15));
#4968 = CARTESIAN_POINT('',(2.,5.15));
#4969 = ( GEOMETRIC_REPRESENTATION_CONTEXT(2) 
PARAMETRIC_REPRESENTATION_CONTEXT() REPRESENTATION_CONTEXT('2D SPACE',''
  ) );
#4970 = PCURVE('',#4971,#4976);
#4971 = PLANE('',#4972);
#4972 = AXIS2_PLACEMENT_3D('',#4973,#4974,#4975);
#4973 = CARTESIAN_POINT('',(0.45,-4.05,1.15));
#4974 = DIRECTION('',(1.,-1.224646799147E-16,0.));
#4975 = DIRECTION('',(0.,0.,1.));
#4976 = DEFINITIONAL_REPRESENTATION('',(#4977),#4980);
#4977 = B_SPLINE_CURVE_WITH_KNOTS('',1,(#4978,#4979),.UNSPECIFIED.,.F.,
  .F.,(2,2),(-2.2,-1.),.PIECEWISE_BEZIER_KNOTS.);
#4978 = CARTESIAN_POINT('',(1.2,-0.35));
#4979 = CARTESIAN_POINT('',(0.,-0.35));
#4980 = ( GEOMETRIC_REPRESENTATION_CONTEXT(2) 
PARAMETRIC_REPRESENTATION_CONTEXT() REPRESENTATION_CONTEXT('2D SPACE',''
  ) );
#4981 = ORIENTED_EDGE('',*,*,#4982,.F.);
#4982 = EDGE_CURVE('',#4983,#4955,#4985,.T.);
#4983 = VERTEX_POINT('',#4984);
#4984 = CARTESIAN_POINT('',(-0.45,-3.7,2.35));
#4985 = SURFACE_CURVE('',#4986,(#4990,#4996),.PCURVE_S1.);
#4986 = LINE('',#4987,#4988);
#4987 = CARTESIAN_POINT('',(-2.125,-3.7,2.35));
#4988 = VECTOR('',#4989,1.);
#4989 = DIRECTION('',(1.,0.,0.));
#4990 = PCURVE('',#2146,#4991);
#4991 = DEFINITIONAL_REPRESENTATION('',(#4992),#4995);
#4992 = B_SPLINE_CURVE_WITH_KNOTS('',1,(#4993,#4994),.UNSPECIFIED.,.F.,
  .F.,(2,2),(1.675,2.575),.PIECEWISE_BEZIER_KNOTS.);
#4993 = CARTESIAN_POINT('',(3.2,4.25));
#4994 = CARTESIAN_POINT('',(3.2,5.15));
#4995 = ( GEOMETRIC_REPRESENTATION_CONTEXT(2) 
PARAMETRIC_REPRESENTATION_CONTEXT() REPRESENTATION_CONTEXT('2D SPACE',''
  ) );
#4996 = PCURVE('',#4997,#5002);
#4997 = PLANE('',#4998);
#4998 = AXIS2_PLACEMENT_3D('',#4999,#5000,#5001);
#4999 = CARTESIAN_POINT('',(0.45,-4.05,2.35));
#5000 = DIRECTION('',(0.,0.,1.));
#5001 = DIRECTION('',(-1.,1.224646799147E-16,0.));
#5002 = DEFINITIONAL_REPRESENTATION('',(#5003),#5006);
#5003 = B_SPLINE_CURVE_WITH_KNOTS('',1,(#5004,#5005),.UNSPECIFIED.,.F.,
  .F.,(2,2),(1.675,2.575),.PIECEWISE_BEZIER_KNOTS.);
#5004 = CARTESIAN_POINT('',(0.9,-0.35));
#5005 = CARTESIAN_POINT('',(0.,-0.35));
#5006 = ( GEOMETRIC_REPRESENTATION_CONTEXT(2) 
PARAMETRIC_REPRESENTATION_CONTEXT() REPRESENTATION_CONTEXT('2D SPACE',''
  ) );
#5007 = ORIENTED_EDGE('',*,*,#5008,.F.);
#5008 = EDGE_CURVE('',#5009,#4983,#5011,.T.);
#5009 = VERTEX_POINT('',#5010);
#5010 = CARTESIAN_POINT('',(-0.45,-3.7,1.15));
#5011 = SURFACE_CURVE('',#5012,(#5016,#5022),.PCURVE_S1.);
#5012 = LINE('',#5013,#5014);
#5013 = CARTESIAN_POINT('',(-0.45,-3.7,0.75));
#5014 = VECTOR('',#5015,1.);
#5015 = DIRECTION('',(0.,-0.,1.));
#5016 = PCURVE('',#2146,#5017);
#5017 = DEFINITIONAL_REPRESENTATION('',(#5018),#5021);
#5018 = B_SPLINE_CURVE_WITH_KNOTS('',1,(#5019,#5020),.UNSPECIFIED.,.F.,
  .F.,(2,2),(0.4,1.6),.PIECEWISE_BEZIER_KNOTS.);
#5019 = CARTESIAN_POINT('',(2.,4.25));
#5020 = CARTESIAN_POINT('',(3.2,4.25));
#5021 = ( GEOMETRIC_REPRESENTATION_CONTEXT(2) 
PARAMETRIC_REPRESENTATION_CONTEXT() REPRESENTATION_CONTEXT('2D SPACE',''
  ) );
#5022 = PCURVE('',#5023,#5028);
#5023 = PLANE('',#5024);
#5024 = AXIS2_PLACEMENT_3D('',#5025,#5026,#5027);
#5025 = CARTESIAN_POINT('',(-0.45,-4.05,2.35));
#5026 = DIRECTION('',(-1.,1.224646799147E-16,0.));
#5027 = DIRECTION('',(-0.,0.,-1.));
#5028 = DEFINITIONAL_REPRESENTATION('',(#5029),#5032);
#5029 = B_SPLINE_CURVE_WITH_KNOTS('',1,(#5030,#5031),.UNSPECIFIED.,.F.,
  .F.,(2,2),(0.4,1.6),.PIECEWISE_BEZIER_KNOTS.);
#5030 = CARTESIAN_POINT('',(1.2,-0.35));
#5031 = CARTESIAN_POINT('',(0.,-0.35));
#5032 = ( GEOMETRIC_REPRESENTATION_CONTEXT(2) 
PARAMETRIC_REPRESENTATION_CONTEXT() REPRESENTATION_CONTEXT('2D SPACE',''
  ) );
#5033 = ORIENTED_EDGE('',*,*,#5034,.F.);
#5034 = EDGE_CURVE('',#4957,#5009,#5035,.T.);
#5035 = SURFACE_CURVE('',#5036,(#5040,#5046),.PCURVE_S1.);
#5036 = LINE('',#5037,#5038);
#5037 = CARTESIAN_POINT('',(-2.575,-3.7,1.15));
#5038 = VECTOR('',#5039,1.);
#5039 = DIRECTION('',(-1.,0.,0.));
#5040 = PCURVE('',#2146,#5041);
#5041 = DEFINITIONAL_REPRESENTATION('',(#5042),#5045);
#5042 = B_SPLINE_CURVE_WITH_KNOTS('',1,(#5043,#5044),.UNSPECIFIED.,.F.,
  .F.,(2,2),(-3.025,-2.125),.PIECEWISE_BEZIER_KNOTS.);
#5043 = CARTESIAN_POINT('',(2.,5.15));
#5044 = CARTESIAN_POINT('',(2.,4.25));
#5045 = ( GEOMETRIC_REPRESENTATION_CONTEXT(2) 
PARAMETRIC_REPRESENTATION_CONTEXT() REPRESENTATION_CONTEXT('2D SPACE',''
  ) );
#5046 = PCURVE('',#5047,#5052);
#5047 = PLANE('',#5048);
#5048 = AXIS2_PLACEMENT_3D('',#5049,#5050,#5051);
#5049 = CARTESIAN_POINT('',(-0.45,-4.05,1.15));
#5050 = DIRECTION('',(0.,0.,-1.));
#5051 = DIRECTION('',(1.,-1.224646799147E-16,0.));
#5052 = DEFINITIONAL_REPRESENTATION('',(#5053),#5057);
#5053 = LINE('',#5054,#5055);
#5054 = CARTESIAN_POINT('',(-2.125,-0.35));
#5055 = VECTOR('',#5056,1.);
#5056 = DIRECTION('',(-1.,1.224646799147E-16));
#5057 = ( GEOMETRIC_REPRESENTATION_CONTEXT(2) 
PARAMETRIC_REPRESENTATION_CONTEXT() REPRESENTATION_CONTEXT('2D SPACE',''
  ) );
#5058 = ADVANCED_FACE('',(#5059),#4997,.F.);
#5059 = FACE_BOUND('',#5060,.F.);
#5060 = EDGE_LOOP('',(#5061,#5084,#5110,#5131));
#5061 = ORIENTED_EDGE('',*,*,#5062,.F.);
#5062 = EDGE_CURVE('',#5063,#4983,#5065,.T.);
#5063 = VERTEX_POINT('',#5064);
#5064 = CARTESIAN_POINT('',(-0.45,-3.93,2.35));
#5065 = SURFACE_CURVE('',#5066,(#5070,#5077),.PCURVE_S1.);
#5066 = LINE('',#5067,#5068);
#5067 = CARTESIAN_POINT('',(-0.45,-4.05,2.35));
#5068 = VECTOR('',#5069,1.);
#5069 = DIRECTION('',(1.224646799147E-16,1.,0.));
#5070 = PCURVE('',#4997,#5071);
#5071 = DEFINITIONAL_REPRESENTATION('',(#5072),#5076);
#5072 = LINE('',#5073,#5074);
#5073 = CARTESIAN_POINT('',(0.9,1.102182119233E-16));
#5074 = VECTOR('',#5075,1.);
#5075 = DIRECTION('',(0.,-1.));
#5076 = ( GEOMETRIC_REPRESENTATION_CONTEXT(2) 
PARAMETRIC_REPRESENTATION_CONTEXT() REPRESENTATION_CONTEXT('2D SPACE',''
  ) );
#5077 = PCURVE('',#5023,#5078);
#5078 = DEFINITIONAL_REPRESENTATION('',(#5079),#5083);
#5079 = LINE('',#5080,#5081);
#5080 = CARTESIAN_POINT('',(0.,0.));
#5081 = VECTOR('',#5082,1.);
#5082 = DIRECTION('',(0.,-1.));
#5083 = ( GEOMETRIC_REPRESENTATION_CONTEXT(2) 
PARAMETRIC_REPRESENTATION_CONTEXT() REPRESENTATION_CONTEXT('2D SPACE',''
  ) );
#5084 = ORIENTED_EDGE('',*,*,#5085,.T.);
#5085 = EDGE_CURVE('',#5063,#5086,#5088,.T.);
#5086 = VERTEX_POINT('',#5087);
#5087 = CARTESIAN_POINT('',(0.45,-3.93,2.35));
#5088 = SURFACE_CURVE('',#5089,(#5093,#5099),.PCURVE_S1.);
#5089 = LINE('',#5090,#5091);
#5090 = CARTESIAN_POINT('',(0.225,-3.93,2.35));
#5091 = VECTOR('',#5092,1.);
#5092 = DIRECTION('',(1.,-1.224646799147E-16,0.));
#5093 = PCURVE('',#4997,#5094);
#5094 = DEFINITIONAL_REPRESENTATION('',(#5095),#5098);
#5095 = B_SPLINE_CURVE_WITH_KNOTS('',1,(#5096,#5097),.UNSPECIFIED.,.F.,
  .F.,(2,2),(-0.675,0.225),.PIECEWISE_BEZIER_KNOTS.);
#5096 = CARTESIAN_POINT('',(0.9,-0.12));
#5097 = CARTESIAN_POINT('',(0.,-0.12));
#5098 = ( GEOMETRIC_REPRESENTATION_CONTEXT(2) 
PARAMETRIC_REPRESENTATION_CONTEXT() REPRESENTATION_CONTEXT('2D SPACE',''
  ) );
#5099 = PCURVE('',#5100,#5105);
#5100 = PLANE('',#5101);
#5101 = AXIS2_PLACEMENT_3D('',#5102,#5103,#5104);
#5102 = CARTESIAN_POINT('',(-4.812861920649E-16,-3.93,1.8));
#5103 = DIRECTION('',(-1.224646799147E-16,-1.,0.));
#5104 = DIRECTION('',(0.,0.,1.));
#5105 = DEFINITIONAL_REPRESENTATION('',(#5106),#5109);
#5106 = B_SPLINE_CURVE_WITH_KNOTS('',1,(#5107,#5108),.UNSPECIFIED.,.F.,
  .F.,(2,2),(-0.675,0.225),.PIECEWISE_BEZIER_KNOTS.);
#5107 = CARTESIAN_POINT('',(0.55,0.45));
#5108 = CARTESIAN_POINT('',(0.55,-0.45));
#5109 = ( GEOMETRIC_REPRESENTATION_CONTEXT(2) 
PARAMETRIC_REPRESENTATION_CONTEXT() REPRESENTATION_CONTEXT('2D SPACE',''
  ) );
#5110 = ORIENTED_EDGE('',*,*,#5111,.T.);
#5111 = EDGE_CURVE('',#5086,#4955,#5112,.T.);
#5112 = SURFACE_CURVE('',#5113,(#5117,#5124),.PCURVE_S1.);
#5113 = LINE('',#5114,#5115);
#5114 = CARTESIAN_POINT('',(0.45,-4.05,2.35));
#5115 = VECTOR('',#5116,1.);
#5116 = DIRECTION('',(1.224646799147E-16,1.,0.));
#5117 = PCURVE('',#4997,#5118);
#5118 = DEFINITIONAL_REPRESENTATION('',(#5119),#5123);
#5119 = LINE('',#5120,#5121);
#5120 = CARTESIAN_POINT('',(0.,0.));
#5121 = VECTOR('',#5122,1.);
#5122 = DIRECTION('',(0.,-1.));
#5123 = ( GEOMETRIC_REPRESENTATION_CONTEXT(2) 
PARAMETRIC_REPRESENTATION_CONTEXT() REPRESENTATION_CONTEXT('2D SPACE',''
  ) );
#5124 = PCURVE('',#4971,#5125);
#5125 = DEFINITIONAL_REPRESENTATION('',(#5126),#5130);
#5126 = LINE('',#5127,#5128);
#5127 = CARTESIAN_POINT('',(1.2,0.));
#5128 = VECTOR('',#5129,1.);
#5129 = DIRECTION('',(0.,-1.));
#5130 = ( GEOMETRIC_REPRESENTATION_CONTEXT(2) 
PARAMETRIC_REPRESENTATION_CONTEXT() REPRESENTATION_CONTEXT('2D SPACE',''
  ) );
#5131 = ORIENTED_EDGE('',*,*,#4982,.F.);
#5132 = ADVANCED_FACE('',(#5133),#5100,.T.);
#5133 = FACE_BOUND('',#5134,.T.);
#5134 = EDGE_LOOP('',(#5135,#5160,#5188,#5216,#5244,#5267,#5286,#5287));
#5135 = ORIENTED_EDGE('',*,*,#5136,.T.);
#5136 = EDGE_CURVE('',#5137,#5139,#5141,.T.);
#5137 = VERTEX_POINT('',#5138);
#5138 = CARTESIAN_POINT('',(0.45,-3.93,1.15));
#5139 = VERTEX_POINT('',#5140);
#5140 = CARTESIAN_POINT('',(0.55,-3.93,1.15));
#5141 = SURFACE_CURVE('',#5142,(#5146,#5153),.PCURVE_S1.);
#5142 = LINE('',#5143,#5144);
#5143 = CARTESIAN_POINT('',(-0.55,-3.93,1.15));
#5144 = VECTOR('',#5145,1.);
#5145 = DIRECTION('',(1.,-1.224646799147E-16,0.));
#5146 = PCURVE('',#5100,#5147);
#5147 = DEFINITIONAL_REPRESENTATION('',(#5148),#5152);
#5148 = LINE('',#5149,#5150);
#5149 = CARTESIAN_POINT('',(-0.65,0.55));
#5150 = VECTOR('',#5151,1.);
#5151 = DIRECTION('',(0.,-1.));
#5152 = ( GEOMETRIC_REPRESENTATION_CONTEXT(2) 
PARAMETRIC_REPRESENTATION_CONTEXT() REPRESENTATION_CONTEXT('2D SPACE',''
  ) );
#5153 = PCURVE('',#5047,#5154);
#5154 = DEFINITIONAL_REPRESENTATION('',(#5155),#5159);
#5155 = LINE('',#5156,#5157);
#5156 = CARTESIAN_POINT('',(-1.E-01,-0.12));
#5157 = VECTOR('',#5158,1.);
#5158 = DIRECTION('',(1.,0.));
#5159 = ( GEOMETRIC_REPRESENTATION_CONTEXT(2) 
PARAMETRIC_REPRESENTATION_CONTEXT() REPRESENTATION_CONTEXT('2D SPACE',''
  ) );
#5160 = ORIENTED_EDGE('',*,*,#5161,.T.);
#5161 = EDGE_CURVE('',#5139,#5162,#5164,.T.);
#5162 = VERTEX_POINT('',#5163);
#5163 = CARTESIAN_POINT('',(0.55,-3.93,2.45));
#5164 = SURFACE_CURVE('',#5165,(#5169,#5176),.PCURVE_S1.);
#5165 = LINE('',#5166,#5167);
#5166 = CARTESIAN_POINT('',(0.55,-3.93,1.15));
#5167 = VECTOR('',#5168,1.);
#5168 = DIRECTION('',(0.,0.,1.));
#5169 = PCURVE('',#5100,#5170);
#5170 = DEFINITIONAL_REPRESENTATION('',(#5171),#5175);
#5171 = LINE('',#5172,#5173);
#5172 = CARTESIAN_POINT('',(-0.65,-0.55));
#5173 = VECTOR('',#5174,1.);
#5174 = DIRECTION('',(1.,0.));
#5175 = ( GEOMETRIC_REPRESENTATION_CONTEXT(2) 
PARAMETRIC_REPRESENTATION_CONTEXT() REPRESENTATION_CONTEXT('2D SPACE',''
  ) );
#5176 = PCURVE('',#5177,#5182);
#5177 = PLANE('',#5178);
#5178 = AXIS2_PLACEMENT_3D('',#5179,#5180,#5181);
#5179 = CARTESIAN_POINT('',(0.55,-4.05,1.15));
#5180 = DIRECTION('',(1.,-1.224646799147E-16,0.));
#5181 = DIRECTION('',(0.,0.,1.));
#5182 = DEFINITIONAL_REPRESENTATION('',(#5183),#5187);
#5183 = LINE('',#5184,#5185);
#5184 = CARTESIAN_POINT('',(0.,-0.12));
#5185 = VECTOR('',#5186,1.);
#5186 = DIRECTION('',(1.,0.));
#5187 = ( GEOMETRIC_REPRESENTATION_CONTEXT(2) 
PARAMETRIC_REPRESENTATION_CONTEXT() REPRESENTATION_CONTEXT('2D SPACE',''
  ) );
#5188 = ORIENTED_EDGE('',*,*,#5189,.T.);
#5189 = EDGE_CURVE('',#5162,#5190,#5192,.T.);
#5190 = VERTEX_POINT('',#5191);
#5191 = CARTESIAN_POINT('',(-0.55,-3.93,2.45));
#5192 = SURFACE_CURVE('',#5193,(#5197,#5204),.PCURVE_S1.);
#5193 = LINE('',#5194,#5195);
#5194 = CARTESIAN_POINT('',(0.55,-3.93,2.45));
#5195 = VECTOR('',#5196,1.);
#5196 = DIRECTION('',(-1.,1.224646799147E-16,0.));
#5197 = PCURVE('',#5100,#5198);
#5198 = DEFINITIONAL_REPRESENTATION('',(#5199),#5203);
#5199 = LINE('',#5200,#5201);
#5200 = CARTESIAN_POINT('',(0.65,-0.55));
#5201 = VECTOR('',#5202,1.);
#5202 = DIRECTION('',(0.,1.));
#5203 = ( GEOMETRIC_REPRESENTATION_CONTEXT(2) 
PARAMETRIC_REPRESENTATION_CONTEXT() REPRESENTATION_CONTEXT('2D SPACE',''
  ) );
#5204 = PCURVE('',#5205,#5210);
#5205 = PLANE('',#5206);
#5206 = AXIS2_PLACEMENT_3D('',#5207,#5208,#5209);
#5207 = CARTESIAN_POINT('',(0.55,-4.05,2.45));
#5208 = DIRECTION('',(0.,0.,1.));
#5209 = DIRECTION('',(-1.,1.224646799147E-16,0.));
#5210 = DEFINITIONAL_REPRESENTATION('',(#5211),#5215);
#5211 = LINE('',#5212,#5213);
#5212 = CARTESIAN_POINT('',(1.469576158977E-17,-0.12));
#5213 = VECTOR('',#5214,1.);
#5214 = DIRECTION('',(1.,0.));
#5215 = ( GEOMETRIC_REPRESENTATION_CONTEXT(2) 
PARAMETRIC_REPRESENTATION_CONTEXT() REPRESENTATION_CONTEXT('2D SPACE',''
  ) );
#5216 = ORIENTED_EDGE('',*,*,#5217,.T.);
#5217 = EDGE_CURVE('',#5190,#5218,#5220,.T.);
#5218 = VERTEX_POINT('',#5219);
#5219 = CARTESIAN_POINT('',(-0.55,-3.93,1.15));
#5220 = SURFACE_CURVE('',#5221,(#5225,#5232),.PCURVE_S1.);
#5221 = LINE('',#5222,#5223);
#5222 = CARTESIAN_POINT('',(-0.55,-3.93,2.45));
#5223 = VECTOR('',#5224,1.);
#5224 = DIRECTION('',(-0.,0.,-1.));
#5225 = PCURVE('',#5100,#5226);
#5226 = DEFINITIONAL_REPRESENTATION('',(#5227),#5231);
#5227 = LINE('',#5228,#5229);
#5228 = CARTESIAN_POINT('',(0.65,0.55));
#5229 = VECTOR('',#5230,1.);
#5230 = DIRECTION('',(-1.,0.));
#5231 = ( GEOMETRIC_REPRESENTATION_CONTEXT(2) 
PARAMETRIC_REPRESENTATION_CONTEXT() REPRESENTATION_CONTEXT('2D SPACE',''
  ) );
#5232 = PCURVE('',#5233,#5238);
#5233 = PLANE('',#5234);
#5234 = AXIS2_PLACEMENT_3D('',#5235,#5236,#5237);
#5235 = CARTESIAN_POINT('',(-0.55,-4.05,2.45));
#5236 = DIRECTION('',(-1.,1.224646799147E-16,0.));
#5237 = DIRECTION('',(-0.,0.,-1.));
#5238 = DEFINITIONAL_REPRESENTATION('',(#5239),#5243);
#5239 = LINE('',#5240,#5241);
#5240 = CARTESIAN_POINT('',(0.,-0.12));
#5241 = VECTOR('',#5242,1.);
#5242 = DIRECTION('',(1.,-0.));
#5243 = ( GEOMETRIC_REPRESENTATION_CONTEXT(2) 
PARAMETRIC_REPRESENTATION_CONTEXT() REPRESENTATION_CONTEXT('2D SPACE',''
  ) );
#5244 = ORIENTED_EDGE('',*,*,#5245,.T.);
#5245 = EDGE_CURVE('',#5218,#5246,#5248,.T.);
#5246 = VERTEX_POINT('',#5247);
#5247 = CARTESIAN_POINT('',(-0.45,-3.93,1.15));
#5248 = SURFACE_CURVE('',#5249,(#5253,#5260),.PCURVE_S1.);
#5249 = LINE('',#5250,#5251);
#5250 = CARTESIAN_POINT('',(-0.55,-3.93,1.15));
#5251 = VECTOR('',#5252,1.);
#5252 = DIRECTION('',(1.,-1.224646799147E-16,0.));
#5253 = PCURVE('',#5100,#5254);
#5254 = DEFINITIONAL_REPRESENTATION('',(#5255),#5259);
#5255 = LINE('',#5256,#5257);
#5256 = CARTESIAN_POINT('',(-0.65,0.55));
#5257 = VECTOR('',#5258,1.);
#5258 = DIRECTION('',(0.,-1.));
#5259 = ( GEOMETRIC_REPRESENTATION_CONTEXT(2) 
PARAMETRIC_REPRESENTATION_CONTEXT() REPRESENTATION_CONTEXT('2D SPACE',''
  ) );
#5260 = PCURVE('',#5047,#5261);
#5261 = DEFINITIONAL_REPRESENTATION('',(#5262),#5266);
#5262 = LINE('',#5263,#5264);
#5263 = CARTESIAN_POINT('',(-1.E-01,-0.12));
#5264 = VECTOR('',#5265,1.);
#5265 = DIRECTION('',(1.,0.));
#5266 = ( GEOMETRIC_REPRESENTATION_CONTEXT(2) 
PARAMETRIC_REPRESENTATION_CONTEXT() REPRESENTATION_CONTEXT('2D SPACE',''
  ) );
#5267 = ORIENTED_EDGE('',*,*,#5268,.T.);
#5268 = EDGE_CURVE('',#5246,#5063,#5269,.T.);
#5269 = SURFACE_CURVE('',#5270,(#5274,#5280),.PCURVE_S1.);
#5270 = LINE('',#5271,#5272);
#5271 = CARTESIAN_POINT('',(-0.45,-3.93,2.075));
#5272 = VECTOR('',#5273,1.);
#5273 = DIRECTION('',(0.,0.,1.));
#5274 = PCURVE('',#5100,#5275);
#5275 = DEFINITIONAL_REPRESENTATION('',(#5276),#5279);
#5276 = B_SPLINE_CURVE_WITH_KNOTS('',1,(#5277,#5278),.UNSPECIFIED.,.F.,
  .F.,(2,2),(-0.925,0.275),.PIECEWISE_BEZIER_KNOTS.);
#5277 = CARTESIAN_POINT('',(-0.65,0.45));
#5278 = CARTESIAN_POINT('',(0.55,0.45));
#5279 = ( GEOMETRIC_REPRESENTATION_CONTEXT(2) 
PARAMETRIC_REPRESENTATION_CONTEXT() REPRESENTATION_CONTEXT('2D SPACE',''
  ) );
#5280 = PCURVE('',#5023,#5281);
#5281 = DEFINITIONAL_REPRESENTATION('',(#5282),#5285);
#5282 = B_SPLINE_CURVE_WITH_KNOTS('',1,(#5283,#5284),.UNSPECIFIED.,.F.,
  .F.,(2,2),(-0.925,0.275),.PIECEWISE_BEZIER_KNOTS.);
#5283 = CARTESIAN_POINT('',(1.2,-0.12));
#5284 = CARTESIAN_POINT('',(0.,-0.12));
#5285 = ( GEOMETRIC_REPRESENTATION_CONTEXT(2) 
PARAMETRIC_REPRESENTATION_CONTEXT() REPRESENTATION_CONTEXT('2D SPACE',''
  ) );
#5286 = ORIENTED_EDGE('',*,*,#5085,.T.);
#5287 = ORIENTED_EDGE('',*,*,#5288,.T.);
#5288 = EDGE_CURVE('',#5086,#5137,#5289,.T.);
#5289 = SURFACE_CURVE('',#5290,(#5294,#5300),.PCURVE_S1.);
#5290 = LINE('',#5291,#5292);
#5291 = CARTESIAN_POINT('',(0.45,-3.93,1.475));
#5292 = VECTOR('',#5293,1.);
#5293 = DIRECTION('',(0.,-0.,-1.));
#5294 = PCURVE('',#5100,#5295);
#5295 = DEFINITIONAL_REPRESENTATION('',(#5296),#5299);
#5296 = B_SPLINE_CURVE_WITH_KNOTS('',1,(#5297,#5298),.UNSPECIFIED.,.F.,
  .F.,(2,2),(-0.875,0.325),.PIECEWISE_BEZIER_KNOTS.);
#5297 = CARTESIAN_POINT('',(0.55,-0.45));
#5298 = CARTESIAN_POINT('',(-0.65,-0.45));
#5299 = ( GEOMETRIC_REPRESENTATION_CONTEXT(2) 
PARAMETRIC_REPRESENTATION_CONTEXT() REPRESENTATION_CONTEXT('2D SPACE',''
  ) );
#5300 = PCURVE('',#4971,#5301);
#5301 = DEFINITIONAL_REPRESENTATION('',(#5302),#5305);
#5302 = B_SPLINE_CURVE_WITH_KNOTS('',1,(#5303,#5304),.UNSPECIFIED.,.F.,
  .F.,(2,2),(-0.875,0.325),.PIECEWISE_BEZIER_KNOTS.);
#5303 = CARTESIAN_POINT('',(1.2,-0.12));
#5304 = CARTESIAN_POINT('',(0.,-0.12));
#5305 = ( GEOMETRIC_REPRESENTATION_CONTEXT(2) 
PARAMETRIC_REPRESENTATION_CONTEXT() REPRESENTATION_CONTEXT('2D SPACE',''
  ) );
#5306 = ADVANCED_FACE('',(#5307),#5177,.F.);
#5307 = FACE_BOUND('',#5308,.F.);
#5308 = EDGE_LOOP('',(#5309,#5332,#5353,#5354));
#5309 = ORIENTED_EDGE('',*,*,#5310,.T.);
#5310 = EDGE_CURVE('',#5311,#5313,#5315,.T.);
#5311 = VERTEX_POINT('',#5312);
#5312 = CARTESIAN_POINT('',(0.55,-4.,2.45));
#5313 = VERTEX_POINT('',#5314);
#5314 = CARTESIAN_POINT('',(0.55,-4.,1.15));
#5315 = SURFACE_CURVE('',#5316,(#5320,#5326),.PCURVE_S1.);
#5316 = LINE('',#5317,#5318);
#5317 = CARTESIAN_POINT('',(0.55,-4.,0.65));
#5318 = VECTOR('',#5319,1.);
#5319 = DIRECTION('',(0.,0.,-1.));
#5320 = PCURVE('',#5177,#5321);
#5321 = DEFINITIONAL_REPRESENTATION('',(#5322),#5325);
#5322 = B_SPLINE_CURVE_WITH_KNOTS('',1,(#5323,#5324),.UNSPECIFIED.,.F.,
  .F.,(2,2),(-1.8,-0.5),.PIECEWISE_BEZIER_KNOTS.);
#5323 = CARTESIAN_POINT('',(1.3,-5.E-02));
#5324 = CARTESIAN_POINT('',(0.,-5.E-02));
#5325 = ( GEOMETRIC_REPRESENTATION_CONTEXT(2) 
PARAMETRIC_REPRESENTATION_CONTEXT() REPRESENTATION_CONTEXT('2D SPACE',''
  ) );
#5326 = PCURVE('',#1601,#5327);
#5327 = DEFINITIONAL_REPRESENTATION('',(#5328),#5331);
#5328 = B_SPLINE_CURVE_WITH_KNOTS('',1,(#5329,#5330),.UNSPECIFIED.,.F.,
  .F.,(2,2),(-1.8,-0.5),.PIECEWISE_BEZIER_KNOTS.);
#5329 = CARTESIAN_POINT('',(2.3,5.55));
#5330 = CARTESIAN_POINT('',(1.,5.55));
#5331 = ( GEOMETRIC_REPRESENTATION_CONTEXT(2) 
PARAMETRIC_REPRESENTATION_CONTEXT() REPRESENTATION_CONTEXT('2D SPACE',''
  ) );
#5332 = ORIENTED_EDGE('',*,*,#5333,.T.);
#5333 = EDGE_CURVE('',#5313,#5139,#5334,.T.);
#5334 = SURFACE_CURVE('',#5335,(#5339,#5346),.PCURVE_S1.);
#5335 = LINE('',#5336,#5337);
#5336 = CARTESIAN_POINT('',(0.55,-4.05,1.15));
#5337 = VECTOR('',#5338,1.);
#5338 = DIRECTION('',(1.224646799147E-16,1.,0.));
#5339 = PCURVE('',#5177,#5340);
#5340 = DEFINITIONAL_REPRESENTATION('',(#5341),#5345);
#5341 = LINE('',#5342,#5343);
#5342 = CARTESIAN_POINT('',(0.,0.));
#5343 = VECTOR('',#5344,1.);
#5344 = DIRECTION('',(0.,-1.));
#5345 = ( GEOMETRIC_REPRESENTATION_CONTEXT(2) 
PARAMETRIC_REPRESENTATION_CONTEXT() REPRESENTATION_CONTEXT('2D SPACE',''
  ) );
#5346 = PCURVE('',#5047,#5347);
#5347 = DEFINITIONAL_REPRESENTATION('',(#5348),#5352);
#5348 = LINE('',#5349,#5350);
#5349 = CARTESIAN_POINT('',(1.,-1.224646799147E-16));
#5350 = VECTOR('',#5351,1.);
#5351 = DIRECTION('',(0.,-1.));
#5352 = ( GEOMETRIC_REPRESENTATION_CONTEXT(2) 
PARAMETRIC_REPRESENTATION_CONTEXT() REPRESENTATION_CONTEXT('2D SPACE',''
  ) );
#5353 = ORIENTED_EDGE('',*,*,#5161,.T.);
#5354 = ORIENTED_EDGE('',*,*,#5355,.F.);
#5355 = EDGE_CURVE('',#5311,#5162,#5356,.T.);
#5356 = SURFACE_CURVE('',#5357,(#5361,#5368),.PCURVE_S1.);
#5357 = LINE('',#5358,#5359);
#5358 = CARTESIAN_POINT('',(0.55,-4.05,2.45));
#5359 = VECTOR('',#5360,1.);
#5360 = DIRECTION('',(1.224646799147E-16,1.,0.));
#5361 = PCURVE('',#5177,#5362);
#5362 = DEFINITIONAL_REPRESENTATION('',(#5363),#5367);
#5363 = LINE('',#5364,#5365);
#5364 = CARTESIAN_POINT('',(1.3,0.));
#5365 = VECTOR('',#5366,1.);
#5366 = DIRECTION('',(0.,-1.));
#5367 = ( GEOMETRIC_REPRESENTATION_CONTEXT(2) 
PARAMETRIC_REPRESENTATION_CONTEXT() REPRESENTATION_CONTEXT('2D SPACE',''
  ) );
#5368 = PCURVE('',#5205,#5369);
#5369 = DEFINITIONAL_REPRESENTATION('',(#5370),#5374);
#5370 = LINE('',#5371,#5372);
#5371 = CARTESIAN_POINT('',(0.,0.));
#5372 = VECTOR('',#5373,1.);
#5373 = DIRECTION('',(0.,-1.));
#5374 = ( GEOMETRIC_REPRESENTATION_CONTEXT(2) 
PARAMETRIC_REPRESENTATION_CONTEXT() REPRESENTATION_CONTEXT('2D SPACE',''
  ) );
#5375 = ADVANCED_FACE('',(#5376),#5205,.F.);
#5376 = FACE_BOUND('',#5377,.F.);
#5377 = EDGE_LOOP('',(#5378,#5399,#5400,#5401));
#5378 = ORIENTED_EDGE('',*,*,#5379,.T.);
#5379 = EDGE_CURVE('',#5380,#5311,#5382,.T.);
#5380 = VERTEX_POINT('',#5381);
#5381 = CARTESIAN_POINT('',(-0.55,-4.,2.45));
#5382 = SURFACE_CURVE('',#5383,(#5387,#5393),.PCURVE_S1.);
#5383 = LINE('',#5384,#5385);
#5384 = CARTESIAN_POINT('',(-2.225,-4.,2.45));
#5385 = VECTOR('',#5386,1.);
#5386 = DIRECTION('',(1.,0.,0.));
#5387 = PCURVE('',#5205,#5388);
#5388 = DEFINITIONAL_REPRESENTATION('',(#5389),#5392);
#5389 = B_SPLINE_CURVE_WITH_KNOTS('',1,(#5390,#5391),.UNSPECIFIED.,.F.,
  .F.,(2,2),(1.675,2.775),.PIECEWISE_BEZIER_KNOTS.);
#5390 = CARTESIAN_POINT('',(1.1,-5.E-02));
#5391 = CARTESIAN_POINT('',(0.,-5.E-02));
#5392 = ( GEOMETRIC_REPRESENTATION_CONTEXT(2) 
PARAMETRIC_REPRESENTATION_CONTEXT() REPRESENTATION_CONTEXT('2D SPACE',''
  ) );
#5393 = PCURVE('',#1601,#5394);
#5394 = DEFINITIONAL_REPRESENTATION('',(#5395),#5398);
#5395 = B_SPLINE_CURVE_WITH_KNOTS('',1,(#5396,#5397),.UNSPECIFIED.,.F.,
  .F.,(2,2),(1.675,2.775),.PIECEWISE_BEZIER_KNOTS.);
#5396 = CARTESIAN_POINT('',(2.3,4.45));
#5397 = CARTESIAN_POINT('',(2.3,5.55));
#5398 = ( GEOMETRIC_REPRESENTATION_CONTEXT(2) 
PARAMETRIC_REPRESENTATION_CONTEXT() REPRESENTATION_CONTEXT('2D SPACE',''
  ) );
#5399 = ORIENTED_EDGE('',*,*,#5355,.T.);
#5400 = ORIENTED_EDGE('',*,*,#5189,.T.);
#5401 = ORIENTED_EDGE('',*,*,#5402,.F.);
#5402 = EDGE_CURVE('',#5380,#5190,#5403,.T.);
#5403 = SURFACE_CURVE('',#5404,(#5408,#5415),.PCURVE_S1.);
#5404 = LINE('',#5405,#5406);
#5405 = CARTESIAN_POINT('',(-0.55,-4.05,2.45));
#5406 = VECTOR('',#5407,1.);
#5407 = DIRECTION('',(1.224646799147E-16,1.,0.));
#5408 = PCURVE('',#5205,#5409);
#5409 = DEFINITIONAL_REPRESENTATION('',(#5410),#5414);
#5410 = LINE('',#5411,#5412);
#5411 = CARTESIAN_POINT('',(1.1,1.347111479062E-16));
#5412 = VECTOR('',#5413,1.);
#5413 = DIRECTION('',(0.,-1.));
#5414 = ( GEOMETRIC_REPRESENTATION_CONTEXT(2) 
PARAMETRIC_REPRESENTATION_CONTEXT() REPRESENTATION_CONTEXT('2D SPACE',''
  ) );
#5415 = PCURVE('',#5233,#5416);
#5416 = DEFINITIONAL_REPRESENTATION('',(#5417),#5421);
#5417 = LINE('',#5418,#5419);
#5418 = CARTESIAN_POINT('',(0.,0.));
#5419 = VECTOR('',#5420,1.);
#5420 = DIRECTION('',(0.,-1.));
#5421 = ( GEOMETRIC_REPRESENTATION_CONTEXT(2) 
PARAMETRIC_REPRESENTATION_CONTEXT() REPRESENTATION_CONTEXT('2D SPACE',''
  ) );
#5422 = ADVANCED_FACE('',(#5423),#5233,.F.);
#5423 = FACE_BOUND('',#5424,.F.);
#5424 = EDGE_LOOP('',(#5425,#5446,#5447,#5448));
#5425 = ORIENTED_EDGE('',*,*,#5426,.T.);
#5426 = EDGE_CURVE('',#5427,#5380,#5429,.T.);
#5427 = VERTEX_POINT('',#5428);
#5428 = CARTESIAN_POINT('',(-0.55,-4.,1.15));
#5429 = SURFACE_CURVE('',#5430,(#5434,#5440),.PCURVE_S1.);
#5430 = LINE('',#5431,#5432);
#5431 = CARTESIAN_POINT('',(-0.55,-4.,1.3));
#5432 = VECTOR('',#5433,1.);
#5433 = DIRECTION('',(0.,-0.,1.));
#5434 = PCURVE('',#5233,#5435);
#5435 = DEFINITIONAL_REPRESENTATION('',(#5436),#5439);
#5436 = B_SPLINE_CURVE_WITH_KNOTS('',1,(#5437,#5438),.UNSPECIFIED.,.F.,
  .F.,(2,2),(-0.15,1.15),.PIECEWISE_BEZIER_KNOTS.);
#5437 = CARTESIAN_POINT('',(1.3,-5.E-02));
#5438 = CARTESIAN_POINT('',(0.,-5.E-02));
#5439 = ( GEOMETRIC_REPRESENTATION_CONTEXT(2) 
PARAMETRIC_REPRESENTATION_CONTEXT() REPRESENTATION_CONTEXT('2D SPACE',''
  ) );
#5440 = PCURVE('',#1601,#5441);
#5441 = DEFINITIONAL_REPRESENTATION('',(#5442),#5445);
#5442 = B_SPLINE_CURVE_WITH_KNOTS('',1,(#5443,#5444),.UNSPECIFIED.,.F.,
  .F.,(2,2),(-0.15,1.15),.PIECEWISE_BEZIER_KNOTS.);
#5443 = CARTESIAN_POINT('',(1.,4.45));
#5444 = CARTESIAN_POINT('',(2.3,4.45));
#5445 = ( GEOMETRIC_REPRESENTATION_CONTEXT(2) 
PARAMETRIC_REPRESENTATION_CONTEXT() REPRESENTATION_CONTEXT('2D SPACE',''
  ) );
#5446 = ORIENTED_EDGE('',*,*,#5402,.T.);
#5447 = ORIENTED_EDGE('',*,*,#5217,.T.);
#5448 = ORIENTED_EDGE('',*,*,#5449,.F.);
#5449 = EDGE_CURVE('',#5427,#5218,#5450,.T.);
#5450 = SURFACE_CURVE('',#5451,(#5455,#5462),.PCURVE_S1.);
#5451 = LINE('',#5452,#5453);
#5452 = CARTESIAN_POINT('',(-0.55,-4.05,1.15));
#5453 = VECTOR('',#5454,1.);
#5454 = DIRECTION('',(1.224646799147E-16,1.,0.));
#5455 = PCURVE('',#5233,#5456);
#5456 = DEFINITIONAL_REPRESENTATION('',(#5457),#5461);
#5457 = LINE('',#5458,#5459);
#5458 = CARTESIAN_POINT('',(1.3,-0.));
#5459 = VECTOR('',#5460,1.);
#5460 = DIRECTION('',(0.,-1.));
#5461 = ( GEOMETRIC_REPRESENTATION_CONTEXT(2) 
PARAMETRIC_REPRESENTATION_CONTEXT() REPRESENTATION_CONTEXT('2D SPACE',''
  ) );
#5462 = PCURVE('',#5047,#5463);
#5463 = DEFINITIONAL_REPRESENTATION('',(#5464),#5468);
#5464 = LINE('',#5465,#5466);
#5465 = CARTESIAN_POINT('',(-1.E-01,1.224646799147E-17));
#5466 = VECTOR('',#5467,1.);
#5467 = DIRECTION('',(0.,-1.));
#5468 = ( GEOMETRIC_REPRESENTATION_CONTEXT(2) 
PARAMETRIC_REPRESENTATION_CONTEXT() REPRESENTATION_CONTEXT('2D SPACE',''
  ) );
#5469 = ADVANCED_FACE('',(#5470),#5023,.F.);
#5470 = FACE_BOUND('',#5471,.F.);
#5471 = EDGE_LOOP('',(#5472,#5493,#5494,#5495));
#5472 = ORIENTED_EDGE('',*,*,#5473,.F.);
#5473 = EDGE_CURVE('',#5246,#5009,#5474,.T.);
#5474 = SURFACE_CURVE('',#5475,(#5479,#5486),.PCURVE_S1.);
#5475 = LINE('',#5476,#5477);
#5476 = CARTESIAN_POINT('',(-0.45,-4.05,1.15));
#5477 = VECTOR('',#5478,1.);
#5478 = DIRECTION('',(1.224646799147E-16,1.,0.));
#5479 = PCURVE('',#5023,#5480);
#5480 = DEFINITIONAL_REPRESENTATION('',(#5481),#5485);
#5481 = LINE('',#5482,#5483);
#5482 = CARTESIAN_POINT('',(1.2,-0.));
#5483 = VECTOR('',#5484,1.);
#5484 = DIRECTION('',(0.,-1.));
#5485 = ( GEOMETRIC_REPRESENTATION_CONTEXT(2) 
PARAMETRIC_REPRESENTATION_CONTEXT() REPRESENTATION_CONTEXT('2D SPACE',''
  ) );
#5486 = PCURVE('',#5047,#5487);
#5487 = DEFINITIONAL_REPRESENTATION('',(#5488),#5492);
#5488 = LINE('',#5489,#5490);
#5489 = CARTESIAN_POINT('',(0.,0.));
#5490 = VECTOR('',#5491,1.);
#5491 = DIRECTION('',(0.,-1.));
#5492 = ( GEOMETRIC_REPRESENTATION_CONTEXT(2) 
PARAMETRIC_REPRESENTATION_CONTEXT() REPRESENTATION_CONTEXT('2D SPACE',''
  ) );
#5493 = ORIENTED_EDGE('',*,*,#5268,.T.);
#5494 = ORIENTED_EDGE('',*,*,#5062,.T.);
#5495 = ORIENTED_EDGE('',*,*,#5008,.F.);
#5496 = ADVANCED_FACE('',(#5497),#5047,.F.);
#5497 = FACE_BOUND('',#5498,.F.);
#5498 = EDGE_LOOP('',(#5499,#5500,#5501,#5502,#5503,#5524,#5525,#5526));
#5499 = ORIENTED_EDGE('',*,*,#5449,.T.);
#5500 = ORIENTED_EDGE('',*,*,#5245,.T.);
#5501 = ORIENTED_EDGE('',*,*,#5473,.T.);
#5502 = ORIENTED_EDGE('',*,*,#5034,.F.);
#5503 = ORIENTED_EDGE('',*,*,#5504,.F.);
#5504 = EDGE_CURVE('',#5137,#4957,#5505,.T.);
#5505 = SURFACE_CURVE('',#5506,(#5510,#5517),.PCURVE_S1.);
#5506 = LINE('',#5507,#5508);
#5507 = CARTESIAN_POINT('',(0.45,-4.05,1.15));
#5508 = VECTOR('',#5509,1.);
#5509 = DIRECTION('',(1.224646799147E-16,1.,0.));
#5510 = PCURVE('',#5047,#5511);
#5511 = DEFINITIONAL_REPRESENTATION('',(#5512),#5516);
#5512 = LINE('',#5513,#5514);
#5513 = CARTESIAN_POINT('',(0.9,-1.102182119233E-16));
#5514 = VECTOR('',#5515,1.);
#5515 = DIRECTION('',(0.,-1.));
#5516 = ( GEOMETRIC_REPRESENTATION_CONTEXT(2) 
PARAMETRIC_REPRESENTATION_CONTEXT() REPRESENTATION_CONTEXT('2D SPACE',''
  ) );
#5517 = PCURVE('',#4971,#5518);
#5518 = DEFINITIONAL_REPRESENTATION('',(#5519),#5523);
#5519 = LINE('',#5520,#5521);
#5520 = CARTESIAN_POINT('',(0.,0.));
#5521 = VECTOR('',#5522,1.);
#5522 = DIRECTION('',(0.,-1.));
#5523 = ( GEOMETRIC_REPRESENTATION_CONTEXT(2) 
PARAMETRIC_REPRESENTATION_CONTEXT() REPRESENTATION_CONTEXT('2D SPACE',''
  ) );
#5524 = ORIENTED_EDGE('',*,*,#5136,.T.);
#5525 = ORIENTED_EDGE('',*,*,#5333,.F.);
#5526 = ORIENTED_EDGE('',*,*,#5527,.T.);
#5527 = EDGE_CURVE('',#5313,#5427,#5528,.T.);
#5528 = SURFACE_CURVE('',#5529,(#5533,#5540),.PCURVE_S1.);
#5529 = LINE('',#5530,#5531);
#5530 = CARTESIAN_POINT('',(0.55,-4.,1.15));
#5531 = VECTOR('',#5532,1.);
#5532 = DIRECTION('',(-1.,0.,0.));
#5533 = PCURVE('',#5047,#5534);
#5534 = DEFINITIONAL_REPRESENTATION('',(#5535),#5539);
#5535 = LINE('',#5536,#5537);
#5536 = CARTESIAN_POINT('',(1.,-5.E-02));
#5537 = VECTOR('',#5538,1.);
#5538 = DIRECTION('',(-1.,1.224646799147E-16));
#5539 = ( GEOMETRIC_REPRESENTATION_CONTEXT(2) 
PARAMETRIC_REPRESENTATION_CONTEXT() REPRESENTATION_CONTEXT('2D SPACE',''
  ) );
#5540 = PCURVE('',#1601,#5541);
#5541 = DEFINITIONAL_REPRESENTATION('',(#5542),#5546);
#5542 = LINE('',#5543,#5544);
#5543 = CARTESIAN_POINT('',(1.,5.55));
#5544 = VECTOR('',#5545,1.);
#5545 = DIRECTION('',(0.,-1.));
#5546 = ( GEOMETRIC_REPRESENTATION_CONTEXT(2) 
PARAMETRIC_REPRESENTATION_CONTEXT() REPRESENTATION_CONTEXT('2D SPACE',''
  ) );
#5547 = ADVANCED_FACE('',(#5548),#4971,.F.);
#5548 = FACE_BOUND('',#5549,.F.);
#5549 = EDGE_LOOP('',(#5550,#5551,#5552,#5553));
#5550 = ORIENTED_EDGE('',*,*,#5111,.F.);
#5551 = ORIENTED_EDGE('',*,*,#5288,.T.);
#5552 = ORIENTED_EDGE('',*,*,#5504,.T.);
#5553 = ORIENTED_EDGE('',*,*,#4954,.F.);
#5554 = ADVANCED_FACE('',(#5555),#2016,.F.);
#5555 = FACE_BOUND('',#5556,.F.);
#5556 = EDGE_LOOP('',(#5557,#5558,#5559,#5580));
#5557 = ORIENTED_EDGE('',*,*,#2078,.F.);
#5558 = ORIENTED_EDGE('',*,*,#2001,.T.);
#5559 = ORIENTED_EDGE('',*,*,#5560,.T.);
#5560 = EDGE_CURVE('',#2002,#2229,#5561,.T.);
#5561 = SURFACE_CURVE('',#5562,(#5566,#5573),.PCURVE_S1.);
#5562 = LINE('',#5563,#5564);
#5563 = CARTESIAN_POINT('',(-5.05,-0.45,2.35));
#5564 = VECTOR('',#5565,1.);
#5565 = DIRECTION('',(1.,-1.110223024625E-16,0.));
#5566 = PCURVE('',#2016,#5567);
#5567 = DEFINITIONAL_REPRESENTATION('',(#5568),#5572);
#5568 = LINE('',#5569,#5570);
#5569 = CARTESIAN_POINT('',(0.,0.));
#5570 = VECTOR('',#5571,1.);
#5571 = DIRECTION('',(0.,-1.));
#5572 = ( GEOMETRIC_REPRESENTATION_CONTEXT(2) 
PARAMETRIC_REPRESENTATION_CONTEXT() REPRESENTATION_CONTEXT('2D SPACE',''
  ) );
#5573 = PCURVE('',#2040,#5574);
#5574 = DEFINITIONAL_REPRESENTATION('',(#5575),#5579);
#5575 = LINE('',#5576,#5577);
#5576 = CARTESIAN_POINT('',(1.2,0.));
#5577 = VECTOR('',#5578,1.);
#5578 = DIRECTION('',(0.,-1.));
#5579 = ( GEOMETRIC_REPRESENTATION_CONTEXT(2) 
PARAMETRIC_REPRESENTATION_CONTEXT() REPRESENTATION_CONTEXT('2D SPACE',''
  ) );
#5580 = ORIENTED_EDGE('',*,*,#2251,.F.);
#5581 = ADVANCED_FACE('',(#5582),#2040,.F.);
#5582 = FACE_BOUND('',#5583,.F.);
#5583 = EDGE_LOOP('',(#5584,#5585,#5586,#5607));
#5584 = ORIENTED_EDGE('',*,*,#5560,.F.);
#5585 = ORIENTED_EDGE('',*,*,#2027,.T.);
#5586 = ORIENTED_EDGE('',*,*,#5587,.T.);
#5587 = EDGE_CURVE('',#1883,#2231,#5588,.T.);
#5588 = SURFACE_CURVE('',#5589,(#5593,#5600),.PCURVE_S1.);
#5589 = LINE('',#5590,#5591);
#5590 = CARTESIAN_POINT('',(-5.05,-0.45,1.15));
#5591 = VECTOR('',#5592,1.);
#5592 = DIRECTION('',(1.,-1.110223024625E-16,0.));
#5593 = PCURVE('',#2040,#5594);
#5594 = DEFINITIONAL_REPRESENTATION('',(#5595),#5599);
#5595 = LINE('',#5596,#5597);
#5596 = CARTESIAN_POINT('',(0.,0.));
#5597 = VECTOR('',#5598,1.);
#5598 = DIRECTION('',(0.,-1.));
#5599 = ( GEOMETRIC_REPRESENTATION_CONTEXT(2) 
PARAMETRIC_REPRESENTATION_CONTEXT() REPRESENTATION_CONTEXT('2D SPACE',''
  ) );
#5600 = PCURVE('',#1741,#5601);
#5601 = DEFINITIONAL_REPRESENTATION('',(#5602),#5606);
#5602 = LINE('',#5603,#5604);
#5603 = CARTESIAN_POINT('',(0.9,-9.992007221626E-17));
#5604 = VECTOR('',#5605,1.);
#5605 = DIRECTION('',(0.,-1.));
#5606 = ( GEOMETRIC_REPRESENTATION_CONTEXT(2) 
PARAMETRIC_REPRESENTATION_CONTEXT() REPRESENTATION_CONTEXT('2D SPACE',''
  ) );
#5607 = ORIENTED_EDGE('',*,*,#2228,.F.);
#5608 = ADVANCED_FACE('',(#5609),#1768,.F.);
#5609 = FACE_BOUND('',#5610,.F.);
#5610 = EDGE_LOOP('',(#5611,#5612,#5633,#5634));
#5611 = ORIENTED_EDGE('',*,*,#1753,.T.);
#5612 = ORIENTED_EDGE('',*,*,#5613,.T.);
#5613 = EDGE_CURVE('',#1726,#1885,#5614,.T.);
#5614 = SURFACE_CURVE('',#5615,(#5619,#5626),.PCURVE_S1.);
#5615 = LINE('',#5616,#5617);
#5616 = CARTESIAN_POINT('',(-5.05,-0.55,1.15));
#5617 = VECTOR('',#5618,1.);
#5618 = DIRECTION('',(1.,-1.110223024625E-16,0.));
#5619 = PCURVE('',#1768,#5620);
#5620 = DEFINITIONAL_REPRESENTATION('',(#5621),#5625);
#5621 = LINE('',#5622,#5623);
#5622 = CARTESIAN_POINT('',(0.,0.));
#5623 = VECTOR('',#5624,1.);
#5624 = DIRECTION('',(0.,-1.));
#5625 = ( GEOMETRIC_REPRESENTATION_CONTEXT(2) 
PARAMETRIC_REPRESENTATION_CONTEXT() REPRESENTATION_CONTEXT('2D SPACE',''
  ) );
#5626 = PCURVE('',#1741,#5627);
#5627 = DEFINITIONAL_REPRESENTATION('',(#5628),#5632);
#5628 = LINE('',#5629,#5630);
#5629 = CARTESIAN_POINT('',(1.,-1.110223024625E-16));
#5630 = VECTOR('',#5631,1.);
#5631 = DIRECTION('',(0.,-1.));
#5632 = ( GEOMETRIC_REPRESENTATION_CONTEXT(2) 
PARAMETRIC_REPRESENTATION_CONTEXT() REPRESENTATION_CONTEXT('2D SPACE',''
  ) );
#5633 = ORIENTED_EDGE('',*,*,#1907,.T.);
#5634 = ORIENTED_EDGE('',*,*,#1807,.F.);
#5635 = ADVANCED_FACE('',(#5636),#1741,.F.);
#5636 = FACE_BOUND('',#5637,.F.);
#5637 = EDGE_LOOP('',(#5638,#5659,#5660,#5661,#5662,#5663,#5664,#5665));
#5638 = ORIENTED_EDGE('',*,*,#5639,.T.);
#5639 = EDGE_CURVE('',#1698,#1930,#5640,.T.);
#5640 = SURFACE_CURVE('',#5641,(#5645,#5652),.PCURVE_S1.);
#5641 = LINE('',#5642,#5643);
#5642 = CARTESIAN_POINT('',(-5.05,0.55,1.15));
#5643 = VECTOR('',#5644,1.);
#5644 = DIRECTION('',(1.,-1.110223024625E-16,0.));
#5645 = PCURVE('',#1741,#5646);
#5646 = DEFINITIONAL_REPRESENTATION('',(#5647),#5651);
#5647 = LINE('',#5648,#5649);
#5648 = CARTESIAN_POINT('',(-0.1,1.110223024625E-17));
#5649 = VECTOR('',#5650,1.);
#5650 = DIRECTION('',(0.,-1.));
#5651 = ( GEOMETRIC_REPRESENTATION_CONTEXT(2) 
PARAMETRIC_REPRESENTATION_CONTEXT() REPRESENTATION_CONTEXT('2D SPACE',''
  ) );
#5652 = PCURVE('',#1714,#5653);
#5653 = DEFINITIONAL_REPRESENTATION('',(#5654),#5658);
#5654 = LINE('',#5655,#5656);
#5655 = CARTESIAN_POINT('',(1.3,0.));
#5656 = VECTOR('',#5657,1.);
#5657 = DIRECTION('',(0.,-1.));
#5658 = ( GEOMETRIC_REPRESENTATION_CONTEXT(2) 
PARAMETRIC_REPRESENTATION_CONTEXT() REPRESENTATION_CONTEXT('2D SPACE',''
  ) );
#5659 = ORIENTED_EDGE('',*,*,#1952,.T.);
#5660 = ORIENTED_EDGE('',*,*,#2054,.T.);
#5661 = ORIENTED_EDGE('',*,*,#2271,.F.);
#5662 = ORIENTED_EDGE('',*,*,#5587,.F.);
#5663 = ORIENTED_EDGE('',*,*,#1882,.T.);
#5664 = ORIENTED_EDGE('',*,*,#5613,.F.);
#5665 = ORIENTED_EDGE('',*,*,#1725,.T.);
#5666 = ADVANCED_FACE('',(#5667),#1714,.F.);
#5667 = FACE_BOUND('',#5668,.F.);
#5668 = EDGE_LOOP('',(#5669,#5670,#5671,#5672));
#5669 = ORIENTED_EDGE('',*,*,#1697,.T.);
#5670 = ORIENTED_EDGE('',*,*,#1858,.T.);
#5671 = ORIENTED_EDGE('',*,*,#1929,.T.);
#5672 = ORIENTED_EDGE('',*,*,#5639,.F.);
#5673 = ADVANCED_FACE('',(#5674,#5720),#1683,.T.);
#5674 = FACE_BOUND('',#5675,.T.);
#5675 = EDGE_LOOP('',(#5676,#5677,#5698,#5699));
#5676 = ORIENTED_EDGE('',*,*,#1669,.F.);
#5677 = ORIENTED_EDGE('',*,*,#5678,.T.);
#5678 = EDGE_CURVE('',#1581,#4728,#5679,.T.);
#5679 = SURFACE_CURVE('',#5680,(#5684,#5691),.PCURVE_S1.);
#5680 = LINE('',#5681,#5682);
#5681 = CARTESIAN_POINT('',(-5.,-4.,3.75));
#5682 = VECTOR('',#5683,1.);
#5683 = DIRECTION('',(1.,0.,0.));
#5684 = PCURVE('',#1683,#5685);
#5685 = DEFINITIONAL_REPRESENTATION('',(#5686),#5690);
#5686 = LINE('',#5687,#5688);
#5687 = CARTESIAN_POINT('',(0.,0.));
#5688 = VECTOR('',#5689,1.);
#5689 = DIRECTION('',(1.,0.));
#5690 = ( GEOMETRIC_REPRESENTATION_CONTEXT(2) 
PARAMETRIC_REPRESENTATION_CONTEXT() REPRESENTATION_CONTEXT('2D SPACE',''
  ) );
#5691 = PCURVE('',#1601,#5692);
#5692 = DEFINITIONAL_REPRESENTATION('',(#5693),#5697);
#5693 = LINE('',#5694,#5695);
#5694 = CARTESIAN_POINT('',(3.6,0.));
#5695 = VECTOR('',#5696,1.);
#5696 = DIRECTION('',(0.,1.));
#5697 = ( GEOMETRIC_REPRESENTATION_CONTEXT(2) 
PARAMETRIC_REPRESENTATION_CONTEXT() REPRESENTATION_CONTEXT('2D SPACE',''
  ) );
#5698 = ORIENTED_EDGE('',*,*,#4796,.T.);
#5699 = ORIENTED_EDGE('',*,*,#5700,.F.);
#5700 = EDGE_CURVE('',#1642,#4774,#5701,.T.);
#5701 = SURFACE_CURVE('',#5702,(#5706,#5713),.PCURVE_S1.);
#5702 = LINE('',#5703,#5704);
#5703 = CARTESIAN_POINT('',(-5.,4.,3.75));
#5704 = VECTOR('',#5705,1.);
#5705 = DIRECTION('',(1.,0.,0.));
#5706 = PCURVE('',#1683,#5707);
#5707 = DEFINITIONAL_REPRESENTATION('',(#5708),#5712);
#5708 = LINE('',#5709,#5710);
#5709 = CARTESIAN_POINT('',(0.,8.));
#5710 = VECTOR('',#5711,1.);
#5711 = DIRECTION('',(1.,0.));
#5712 = ( GEOMETRIC_REPRESENTATION_CONTEXT(2) 
PARAMETRIC_REPRESENTATION_CONTEXT() REPRESENTATION_CONTEXT('2D SPACE',''
  ) );
#5713 = PCURVE('',#1657,#5714);
#5714 = DEFINITIONAL_REPRESENTATION('',(#5715),#5719);
#5715 = LINE('',#5716,#5717);
#5716 = CARTESIAN_POINT('',(3.6,0.));
#5717 = VECTOR('',#5718,1.);
#5718 = DIRECTION('',(0.,1.));
#5719 = ( GEOMETRIC_REPRESENTATION_CONTEXT(2) 
PARAMETRIC_REPRESENTATION_CONTEXT() REPRESENTATION_CONTEXT('2D SPACE',''
  ) );
#5720 = FACE_BOUND('',#5721,.T.);
#5721 = EDGE_LOOP('',(#5722,#5723,#5724,#5725));
#5722 = ORIENTED_EDGE('',*,*,#4933,.T.);
#5723 = ORIENTED_EDGE('',*,*,#2207,.T.);
#5724 = ORIENTED_EDGE('',*,*,#2443,.F.);
#5725 = ORIENTED_EDGE('',*,*,#4181,.F.);
#5726 = ADVANCED_FACE('',(#5727,#5777,#5783),#1657,.T.);
#5727 = FACE_BOUND('',#5728,.T.);
#5728 = EDGE_LOOP('',(#5729,#5750,#5751,#5752,#5753,#5774,#5775,#5776));
#5729 = ORIENTED_EDGE('',*,*,#5730,.F.);
#5730 = EDGE_CURVE('',#1614,#3920,#5731,.T.);
#5731 = SURFACE_CURVE('',#5732,(#5736,#5743),.PCURVE_S1.);
#5732 = LINE('',#5733,#5734);
#5733 = CARTESIAN_POINT('',(-5.,4.,0.15));
#5734 = VECTOR('',#5735,1.);
#5735 = DIRECTION('',(1.,0.,0.));
#5736 = PCURVE('',#1657,#5737);
#5737 = DEFINITIONAL_REPRESENTATION('',(#5738),#5742);
#5738 = LINE('',#5739,#5740);
#5739 = CARTESIAN_POINT('',(0.,0.));
#5740 = VECTOR('',#5741,1.);
#5741 = DIRECTION('',(0.,1.));
#5742 = ( GEOMETRIC_REPRESENTATION_CONTEXT(2) 
PARAMETRIC_REPRESENTATION_CONTEXT() REPRESENTATION_CONTEXT('2D SPACE',''
  ) );
#5743 = PCURVE('',#1629,#5744);
#5744 = DEFINITIONAL_REPRESENTATION('',(#5745),#5749);
#5745 = LINE('',#5746,#5747);
#5746 = CARTESIAN_POINT('',(0.,8.));
#5747 = VECTOR('',#5748,1.);
#5748 = DIRECTION('',(1.,0.));
#5749 = ( GEOMETRIC_REPRESENTATION_CONTEXT(2) 
PARAMETRIC_REPRESENTATION_CONTEXT() REPRESENTATION_CONTEXT('2D SPACE',''
  ) );
#5750 = ORIENTED_EDGE('',*,*,#1641,.T.);
#5751 = ORIENTED_EDGE('',*,*,#5700,.T.);
#5752 = ORIENTED_EDGE('',*,*,#4773,.F.);
#5753 = ORIENTED_EDGE('',*,*,#5754,.F.);
#5754 = EDGE_CURVE('',#4036,#4751,#5755,.T.);
#5755 = SURFACE_CURVE('',#5756,(#5760,#5767),.PCURVE_S1.);
#5756 = LINE('',#5757,#5758);
#5757 = CARTESIAN_POINT('',(-5.,4.,0.15));
#5758 = VECTOR('',#5759,1.);
#5759 = DIRECTION('',(1.,0.,0.));
#5760 = PCURVE('',#1657,#5761);
#5761 = DEFINITIONAL_REPRESENTATION('',(#5762),#5766);
#5762 = LINE('',#5763,#5764);
#5763 = CARTESIAN_POINT('',(0.,0.));
#5764 = VECTOR('',#5765,1.);
#5765 = DIRECTION('',(0.,1.));
#5766 = ( GEOMETRIC_REPRESENTATION_CONTEXT(2) 
PARAMETRIC_REPRESENTATION_CONTEXT() REPRESENTATION_CONTEXT('2D SPACE',''
  ) );
#5767 = PCURVE('',#1629,#5768);
#5768 = DEFINITIONAL_REPRESENTATION('',(#5769),#5773);
#5769 = LINE('',#5770,#5771);
#5770 = CARTESIAN_POINT('',(0.,8.));
#5771 = VECTOR('',#5772,1.);
#5772 = DIRECTION('',(1.,0.));
#5773 = ( GEOMETRIC_REPRESENTATION_CONTEXT(2) 
PARAMETRIC_REPRESENTATION_CONTEXT() REPRESENTATION_CONTEXT('2D SPACE',''
  ) );
#5774 = ORIENTED_EDGE('',*,*,#4035,.F.);
#5775 = ORIENTED_EDGE('',*,*,#3988,.F.);
#5776 = ORIENTED_EDGE('',*,*,#3919,.F.);
#5777 = FACE_BOUND('',#5778,.T.);
#5778 = EDGE_LOOP('',(#5779,#5780,#5781,#5782));
#5779 = ORIENTED_EDGE('',*,*,#3614,.T.);
#5780 = ORIENTED_EDGE('',*,*,#3539,.F.);
#5781 = ORIENTED_EDGE('',*,*,#3492,.F.);
#5782 = ORIENTED_EDGE('',*,*,#3423,.F.);
#5783 = FACE_BOUND('',#5784,.T.);
#5784 = EDGE_LOOP('',(#5785,#5786,#5787,#5788));
#5785 = ORIENTED_EDGE('',*,*,#2709,.T.);
#5786 = ORIENTED_EDGE('',*,*,#3064,.F.);
#5787 = ORIENTED_EDGE('',*,*,#2995,.F.);
#5788 = ORIENTED_EDGE('',*,*,#3089,.F.);
#5789 = ADVANCED_FACE('',(#5790),#1629,.F.);
#5790 = FACE_BOUND('',#5791,.F.);
#5791 = EDGE_LOOP('',(#5792,#5793,#5794,#5815,#5816,#5817,#5818,#5819,
    #5820,#5821,#5822,#5823,#5824,#5825,#5826,#5827));
#5792 = ORIENTED_EDGE('',*,*,#5730,.F.);
#5793 = ORIENTED_EDGE('',*,*,#1613,.F.);
#5794 = ORIENTED_EDGE('',*,*,#5795,.T.);
#5795 = EDGE_CURVE('',#1579,#4726,#5796,.T.);
#5796 = SURFACE_CURVE('',#5797,(#5801,#5808),.PCURVE_S1.);
#5797 = LINE('',#5798,#5799);
#5798 = CARTESIAN_POINT('',(-5.,-4.,0.15));
#5799 = VECTOR('',#5800,1.);
#5800 = DIRECTION('',(1.,0.,0.));
#5801 = PCURVE('',#1629,#5802);
#5802 = DEFINITIONAL_REPRESENTATION('',(#5803),#5807);
#5803 = LINE('',#5804,#5805);
#5804 = CARTESIAN_POINT('',(0.,0.));
#5805 = VECTOR('',#5806,1.);
#5806 = DIRECTION('',(1.,0.));
#5807 = ( GEOMETRIC_REPRESENTATION_CONTEXT(2) 
PARAMETRIC_REPRESENTATION_CONTEXT() REPRESENTATION_CONTEXT('2D SPACE',''
  ) );
#5808 = PCURVE('',#1601,#5809);
#5809 = DEFINITIONAL_REPRESENTATION('',(#5810),#5814);
#5810 = LINE('',#5811,#5812);
#5811 = CARTESIAN_POINT('',(0.,0.));
#5812 = VECTOR('',#5813,1.);
#5813 = DIRECTION('',(0.,1.));
#5814 = ( GEOMETRIC_REPRESENTATION_CONTEXT(2) 
PARAMETRIC_REPRESENTATION_CONTEXT() REPRESENTATION_CONTEXT('2D SPACE',''
  ) );
#5815 = ORIENTED_EDGE('',*,*,#4750,.T.);
#5816 = ORIENTED_EDGE('',*,*,#5754,.F.);
#5817 = ORIENTED_EDGE('',*,*,#4058,.T.);
#5818 = ORIENTED_EDGE('',*,*,#3852,.T.);
#5819 = ORIENTED_EDGE('',*,*,#4112,.T.);
#5820 = ORIENTED_EDGE('',*,*,#2324,.F.);
#5821 = ORIENTED_EDGE('',*,*,#4161,.F.);
#5822 = ORIENTED_EDGE('',*,*,#4913,.T.);
#5823 = ORIENTED_EDGE('',*,*,#2158,.T.);
#5824 = ORIENTED_EDGE('',*,*,#2423,.F.);
#5825 = ORIENTED_EDGE('',*,*,#3699,.F.);
#5826 = ORIENTED_EDGE('',*,*,#3745,.T.);
#5827 = ORIENTED_EDGE('',*,*,#3942,.F.);
#5828 = ADVANCED_FACE('',(#5829,#5835),#1601,.F.);
#5829 = FACE_BOUND('',#5830,.F.);
#5830 = EDGE_LOOP('',(#5831,#5832,#5833,#5834));
#5831 = ORIENTED_EDGE('',*,*,#5795,.F.);
#5832 = ORIENTED_EDGE('',*,*,#1578,.T.);
#5833 = ORIENTED_EDGE('',*,*,#5678,.T.);
#5834 = ORIENTED_EDGE('',*,*,#4725,.F.);
#5835 = FACE_BOUND('',#5836,.F.);
#5836 = EDGE_LOOP('',(#5837,#5838,#5839,#5840));
#5837 = ORIENTED_EDGE('',*,*,#5426,.F.);
#5838 = ORIENTED_EDGE('',*,*,#5527,.F.);
#5839 = ORIENTED_EDGE('',*,*,#5310,.F.);
#5840 = ORIENTED_EDGE('',*,*,#5379,.F.);
#5841 = ( GEOMETRIC_REPRESENTATION_CONTEXT(3) 
GLOBAL_UNCERTAINTY_ASSIGNED_CONTEXT((#5845)) 
GLOBAL_UNIT_ASSIGNED_CONTEXT((#5842,#5843,#5844)) REPRESENTATION_CONTEXT
('Context #1','3D Context with UNIT and UNCERTAINTY') );
#5842 = ( LENGTH_UNIT() NAMED_UNIT(*) SI_UNIT(.MILLI.,.METRE.) );
#5843 = ( NAMED_UNIT(*) PLANE_ANGLE_UNIT() SI_UNIT($,.RADIAN.) );
#5844 = ( NAMED_UNIT(*) SI_UNIT($,.STERADIAN.) SOLID_ANGLE_UNIT() );
#5845 = UNCERTAINTY_MEASURE_WITH_UNIT(LENGTH_MEASURE(1.E-07),#5842,
  'distance_accuracy_value','confusion accuracy');
#5846 = CONTEXT_DEPENDENT_SHAPE_REPRESENTATION(#5847,#5849);
#5847 = ( REPRESENTATION_RELATIONSHIP('','',#1571,#10) 
REPRESENTATION_RELATIONSHIP_WITH_TRANSFORMATION(#5848) 
SHAPE_REPRESENTATION_RELATIONSHIP() );
#5848 = ITEM_DEFINED_TRANSFORMATION('','',#11,#27);
#5849 = PRODUCT_DEFINITION_SHAPE('Placement','Placement of an item',
  #5850);
#5850 = NEXT_ASSEMBLY_USAGE_OCCURRENCE('196','wall_0','',#5,#1566,$);
#5851 = PRODUCT_RELATED_PRODUCT_CATEGORY('part',$,(#1568));
#5852 = SHAPE_DEFINITION_REPRESENTATION(#5853,#5859);
#5853 = PRODUCT_DEFINITION_SHAPE('','',#5854);
#5854 = PRODUCT_DEFINITION('design','',#5855,#5858);
#5855 = PRODUCT_DEFINITION_FORMATION('','',#5856);
#5856 = PRODUCT('trim_0','trim_0','',(#5857));
#5857 = PRODUCT_CONTEXT('',#2,'mechanical');
#5858 = PRODUCT_DEFINITION_CONTEXT('part definition',#2,'design');
#5859 = ADVANCED_BREP_SHAPE_REPRESENTATION('',(#11,#5860),#6502);
#5860 = MANIFOLD_SOLID_BREP('',#5861);
#5861 = CLOSED_SHELL('',(#5862,#5982,#6170,#6219,#6268,#6387,#6414,#6441
    ,#6468,#6495));
#5862 = ADVANCED_FACE('',(#5863),#5877,.F.);
#5863 = FACE_BOUND('',#5864,.F.);
#5864 = EDGE_LOOP('',(#5865,#5900,#5928,#5956));
#5865 = ORIENTED_EDGE('',*,*,#5866,.F.);
#5866 = EDGE_CURVE('',#5867,#5869,#5871,.T.);
#5867 = VERTEX_POINT('',#5868);
#5868 = CARTESIAN_POINT('',(-5.25,-4.23,3.75));
#5869 = VERTEX_POINT('',#5870);
#5870 = CARTESIAN_POINT('',(-5.25,-3.77,3.75));
#5871 = SURFACE_CURVE('',#5872,(#5876,#5888),.PCURVE_S1.);
#5872 = LINE('',#5873,#5874);
#5873 = CARTESIAN_POINT('',(-5.25,-4.25,3.75));
#5874 = VECTOR('',#5875,1.);
#5875 = DIRECTION('',(0.,1.,0.));
#5876 = PCURVE('',#5877,#5882);
#5877 = PLANE('',#5878);
#5878 = AXIS2_PLACEMENT_3D('',#5879,#5880,#5881);
#5879 = CARTESIAN_POINT('',(-5.25,-4.25,0.15));
#5880 = DIRECTION('',(1.,0.,0.));
#5881 = DIRECTION('',(0.,0.,1.));
#5882 = DEFINITIONAL_REPRESENTATION('',(#5883),#5887);
#5883 = LINE('',#5884,#5885);
#5884 = CARTESIAN_POINT('',(3.6,0.));
#5885 = VECTOR('',#5886,1.);
#5886 = DIRECTION('',(0.,-1.));
#5887 = ( GEOMETRIC_REPRESENTATION_CONTEXT(2) 
PARAMETRIC_REPRESENTATION_CONTEXT() REPRESENTATION_CONTEXT('2D SPACE',''
  ) );
#5888 = PCURVE('',#5889,#5894);
#5889 = PLANE('',#5890);
#5890 = AXIS2_PLACEMENT_3D('',#5891,#5892,#5893);
#5891 = CARTESIAN_POINT('',(-5.25,-4.25,3.75));
#5892 = DIRECTION('',(0.,0.,1.));
#5893 = DIRECTION('',(1.,0.,0.));
#5894 = DEFINITIONAL_REPRESENTATION('',(#5895),#5899);
#5895 = LINE('',#5896,#5897);
#5896 = CARTESIAN_POINT('',(0.,0.));
#5897 = VECTOR('',#5898,1.);
#5898 = DIRECTION('',(0.,1.));
#5899 = ( GEOMETRIC_REPRESENTATION_CONTEXT(2) 
PARAMETRIC_REPRESENTATION_CONTEXT() REPRESENTATION_CONTEXT('2D SPACE',''
  ) );
#5900 = ORIENTED_EDGE('',*,*,#5901,.F.);
#5901 = EDGE_CURVE('',#5902,#5867,#5904,.T.);
#5902 = VERTEX_POINT('',#5903);
#5903 = CARTESIAN_POINT('',(-5.25,-4.23,0.15));
#5904 = SURFACE_CURVE('',#5905,(#5909,#5916),.PCURVE_S1.);
#5905 = LINE('',#5906,#5907);
#5906 = CARTESIAN_POINT('',(-5.25,-4.23,0.15));
#5907 = VECTOR('',#5908,1.);
#5908 = DIRECTION('',(0.,0.,1.));
#5909 = PCURVE('',#5877,#5910);
#5910 = DEFINITIONAL_REPRESENTATION('',(#5911),#5915);
#5911 = LINE('',#5912,#5913);
#5912 = CARTESIAN_POINT('',(0.,-2.E-02));
#5913 = VECTOR('',#5914,1.);
#5914 = DIRECTION('',(1.,0.));
#5915 = ( GEOMETRIC_REPRESENTATION_CONTEXT(2) 
PARAMETRIC_REPRESENTATION_CONTEXT() REPRESENTATION_CONTEXT('2D SPACE',''
  ) );
#5916 = PCURVE('',#5917,#5922);
#5917 = PLANE('',#5918);
#5918 = AXIS2_PLACEMENT_3D('',#5919,#5920,#5921);
#5919 = CARTESIAN_POINT('',(-5.24,-4.24,0.15));
#5920 = DIRECTION('',(-0.707106781187,-0.707106781187,
    -3.807659356174E-20));
#5921 = DIRECTION('',(2.692421751199E-20,2.692421751199E-20,-1.));
#5922 = DEFINITIONAL_REPRESENTATION('',(#5923),#5927);
#5923 = LINE('',#5924,#5925);
#5924 = CARTESIAN_POINT('',(-0.,-1.414213562373E-02));
#5925 = VECTOR('',#5926,1.);
#5926 = DIRECTION('',(-1.,0.));
#5927 = ( GEOMETRIC_REPRESENTATION_CONTEXT(2) 
PARAMETRIC_REPRESENTATION_CONTEXT() REPRESENTATION_CONTEXT('2D SPACE',''
  ) );
#5928 = ORIENTED_EDGE('',*,*,#5929,.T.);
#5929 = EDGE_CURVE('',#5902,#5930,#5932,.T.);
#5930 = VERTEX_POINT('',#5931);
#5931 = CARTESIAN_POINT('',(-5.25,-3.77,0.15));
#5932 = SURFACE_CURVE('',#5933,(#5937,#5944),.PCURVE_S1.);
#5933 = LINE('',#5934,#5935);
#5934 = CARTESIAN_POINT('',(-5.25,-4.25,0.15));
#5935 = VECTOR('',#5936,1.);
#5936 = DIRECTION('',(0.,1.,0.));
#5937 = PCURVE('',#5877,#5938);
#5938 = DEFINITIONAL_REPRESENTATION('',(#5939),#5943);
#5939 = LINE('',#5940,#5941);
#5940 = CARTESIAN_POINT('',(0.,0.));
#5941 = VECTOR('',#5942,1.);
#5942 = DIRECTION('',(0.,-1.));
#5943 = ( GEOMETRIC_REPRESENTATION_CONTEXT(2) 
PARAMETRIC_REPRESENTATION_CONTEXT() REPRESENTATION_CONTEXT('2D SPACE',''
  ) );
#5944 = PCURVE('',#5945,#5950);
#5945 = PLANE('',#5946);
#5946 = AXIS2_PLACEMENT_3D('',#5947,#5948,#5949);
#5947 = CARTESIAN_POINT('',(-5.25,-4.25,0.15));
#5948 = DIRECTION('',(0.,0.,1.));
#5949 = DIRECTION('',(1.,0.,0.));
#5950 = DEFINITIONAL_REPRESENTATION('',(#5951),#5955);
#5951 = LINE('',#5952,#5953);
#5952 = CARTESIAN_POINT('',(0.,0.));
#5953 = VECTOR('',#5954,1.);
#5954 = DIRECTION('',(0.,1.));
#5955 = ( GEOMETRIC_REPRESENTATION_CONTEXT(2) 
PARAMETRIC_REPRESENTATION_CONTEXT() REPRESENTATION_CONTEXT('2D SPACE',''
  ) );
#5956 = ORIENTED_EDGE('',*,*,#5957,.T.);
#5957 = EDGE_CURVE('',#5930,#5869,#5958,.T.);
#5958 = SURFACE_CURVE('',#5959,(#5963,#5970),.PCURVE_S1.);
#5959 = LINE('',#5960,#5961);
#5960 = CARTESIAN_POINT('',(-5.25,-3.77,0.15));
#5961 = VECTOR('',#5962,1.);
#5962 = DIRECTION('',(0.,0.,1.));
#5963 = PCURVE('',#5877,#5964);
#5964 = DEFINITIONAL_REPRESENTATION('',(#5965),#5969);
#5965 = LINE('',#5966,#5967);
#5966 = CARTESIAN_POINT('',(0.,-0.48));
#5967 = VECTOR('',#5968,1.);
#5968 = DIRECTION('',(1.,0.));
#5969 = ( GEOMETRIC_REPRESENTATION_CONTEXT(2) 
PARAMETRIC_REPRESENTATION_CONTEXT() REPRESENTATION_CONTEXT('2D SPACE',''
  ) );
#5970 = PCURVE('',#5971,#5976);
#5971 = PLANE('',#5972);
#5972 = AXIS2_PLACEMENT_3D('',#5973,#5974,#5975);
#5973 = CARTESIAN_POINT('',(-5.24,-3.76,0.15));
#5974 = DIRECTION('',(0.707106781187,-0.707106781187,-6.03532729936E-20)
  );
#5975 = DIRECTION('',(-4.267620860058E-20,4.267620860057E-20,-1.));
#5976 = DEFINITIONAL_REPRESENTATION('',(#5977),#5981);
#5977 = LINE('',#5978,#5979);
#5978 = CARTESIAN_POINT('',(-0.,-1.414213562373E-02));
#5979 = VECTOR('',#5980,1.);
#5980 = DIRECTION('',(-1.,0.));
#5981 = ( GEOMETRIC_REPRESENTATION_CONTEXT(2) 
PARAMETRIC_REPRESENTATION_CONTEXT() REPRESENTATION_CONTEXT('2D SPACE',''
  ) );
#5982 = ADVANCED_FACE('',(#5983),#5889,.T.);
#5983 = FACE_BOUND('',#5984,.T.);
#5984 = EDGE_LOOP('',(#5985,#5986,#6009,#6037,#6065,#6093,#6121,#6149));
#5985 = ORIENTED_EDGE('',*,*,#5866,.F.);
#5986 = ORIENTED_EDGE('',*,*,#5987,.T.);
#5987 = EDGE_CURVE('',#5867,#5988,#5990,.T.);
#5988 = VERTEX_POINT('',#5989);
#5989 = CARTESIAN_POINT('',(-5.23,-4.25,3.75));
#5990 = SURFACE_CURVE('',#5991,(#5995,#6002),.PCURVE_S1.);
#5991 = LINE('',#5992,#5993);
#5992 = CARTESIAN_POINT('',(-5.24,-4.24,3.75));
#5993 = VECTOR('',#5994,1.);
#5994 = DIRECTION('',(0.707106781187,-0.707106781187,0.));
#5995 = PCURVE('',#5889,#5996);
#5996 = DEFINITIONAL_REPRESENTATION('',(#5997),#6001);
#5997 = LINE('',#5998,#5999);
#5998 = CARTESIAN_POINT('',(1.E-02,1.E-02));
#5999 = VECTOR('',#6000,1.);
#6000 = DIRECTION('',(0.707106781187,-0.707106781187));
#6001 = ( GEOMETRIC_REPRESENTATION_CONTEXT(2) 
PARAMETRIC_REPRESENTATION_CONTEXT() REPRESENTATION_CONTEXT('2D SPACE',''
  ) );
#6002 = PCURVE('',#5917,#6003);
#6003 = DEFINITIONAL_REPRESENTATION('',(#6004),#6008);
#6004 = LINE('',#6005,#6006);
#6005 = CARTESIAN_POINT('',(-3.6,-6.080474121895E-37));
#6006 = VECTOR('',#6007,1.);
#6007 = DIRECTION('',(1.48825141019E-37,1.));
#6008 = ( GEOMETRIC_REPRESENTATION_CONTEXT(2) 
PARAMETRIC_REPRESENTATION_CONTEXT() REPRESENTATION_CONTEXT('2D SPACE',''
  ) );
#6009 = ORIENTED_EDGE('',*,*,#6010,.T.);
#6010 = EDGE_CURVE('',#5988,#6011,#6013,.T.);
#6011 = VERTEX_POINT('',#6012);
#6012 = CARTESIAN_POINT('',(-4.77,-4.25,3.75));
#6013 = SURFACE_CURVE('',#6014,(#6018,#6025),.PCURVE_S1.);
#6014 = LINE('',#6015,#6016);
#6015 = CARTESIAN_POINT('',(-5.25,-4.25,3.75));
#6016 = VECTOR('',#6017,1.);
#6017 = DIRECTION('',(1.,0.,0.));
#6018 = PCURVE('',#5889,#6019);
#6019 = DEFINITIONAL_REPRESENTATION('',(#6020),#6024);
#6020 = LINE('',#6021,#6022);
#6021 = CARTESIAN_POINT('',(0.,0.));
#6022 = VECTOR('',#6023,1.);
#6023 = DIRECTION('',(1.,0.));
#6024 = ( GEOMETRIC_REPRESENTATION_CONTEXT(2) 
PARAMETRIC_REPRESENTATION_CONTEXT() REPRESENTATION_CONTEXT('2D SPACE',''
  ) );
#6025 = PCURVE('',#6026,#6031);
#6026 = PLANE('',#6027);
#6027 = AXIS2_PLACEMENT_3D('',#6028,#6029,#6030);
#6028 = CARTESIAN_POINT('',(-5.25,-4.25,0.15));
#6029 = DIRECTION('',(0.,1.,0.));
#6030 = DIRECTION('',(0.,0.,1.));
#6031 = DEFINITIONAL_REPRESENTATION('',(#6032),#6036);
#6032 = LINE('',#6033,#6034);
#6033 = CARTESIAN_POINT('',(3.6,0.));
#6034 = VECTOR('',#6035,1.);
#6035 = DIRECTION('',(0.,1.));
#6036 = ( GEOMETRIC_REPRESENTATION_CONTEXT(2) 
PARAMETRIC_REPRESENTATION_CONTEXT() REPRESENTATION_CONTEXT('2D SPACE',''
  ) );
#6037 = ORIENTED_EDGE('',*,*,#6038,.F.);
#6038 = EDGE_CURVE('',#6039,#6011,#6041,.T.);
#6039 = VERTEX_POINT('',#6040);
#6040 = CARTESIAN_POINT('',(-4.75,-4.23,3.75));
#6041 = SURFACE_CURVE('',#6042,(#6046,#6053),.PCURVE_S1.);
#6042 = LINE('',#6043,#6044);
#6043 = CARTESIAN_POINT('',(-4.885,-4.365,3.75));
#6044 = VECTOR('',#6045,1.);
#6045 = DIRECTION('',(-0.707106781187,-0.707106781187,0.));
#6046 = PCURVE('',#5889,#6047);
#6047 = DEFINITIONAL_REPRESENTATION('',(#6048),#6052);
#6048 = LINE('',#6049,#6050);
#6049 = CARTESIAN_POINT('',(0.365,-0.115));
#6050 = VECTOR('',#6051,1.);
#6051 = DIRECTION('',(-0.707106781187,-0.707106781187));
#6052 = ( GEOMETRIC_REPRESENTATION_CONTEXT(2) 
PARAMETRIC_REPRESENTATION_CONTEXT() REPRESENTATION_CONTEXT('2D SPACE',''
  ) );
#6053 = PCURVE('',#6054,#6059);
#6054 = PLANE('',#6055);
#6055 = AXIS2_PLACEMENT_3D('',#6056,#6057,#6058);
#6056 = CARTESIAN_POINT('',(-4.76,-4.24,0.15));
#6057 = DIRECTION('',(-0.707106781187,0.707106781187,3.807659356174E-20)
  );
#6058 = DIRECTION('',(-2.692421751199E-20,2.692421751199E-20,-1.));
#6059 = DEFINITIONAL_REPRESENTATION('',(#6060),#6064);
#6060 = LINE('',#6061,#6062);
#6061 = CARTESIAN_POINT('',(-3.6,0.176776695297));
#6062 = VECTOR('',#6063,1.);
#6063 = DIRECTION('',(1.48825141019E-37,1.));
#6064 = ( GEOMETRIC_REPRESENTATION_CONTEXT(2) 
PARAMETRIC_REPRESENTATION_CONTEXT() REPRESENTATION_CONTEXT('2D SPACE',''
  ) );
#6065 = ORIENTED_EDGE('',*,*,#6066,.T.);
#6066 = EDGE_CURVE('',#6039,#6067,#6069,.T.);
#6067 = VERTEX_POINT('',#6068);
#6068 = CARTESIAN_POINT('',(-4.75,-3.77,3.75));
#6069 = SURFACE_CURVE('',#6070,(#6074,#6081),.PCURVE_S1.);
#6070 = LINE('',#6071,#6072);
#6071 = CARTESIAN_POINT('',(-4.75,-4.25,3.75));
#6072 = VECTOR('',#6073,1.);
#6073 = DIRECTION('',(0.,1.,0.));
#6074 = PCURVE('',#5889,#6075);
#6075 = DEFINITIONAL_REPRESENTATION('',(#6076),#6080);
#6076 = LINE('',#6077,#6078);
#6077 = CARTESIAN_POINT('',(0.5,0.));
#6078 = VECTOR('',#6079,1.);
#6079 = DIRECTION('',(0.,1.));
#6080 = ( GEOMETRIC_REPRESENTATION_CONTEXT(2) 
PARAMETRIC_REPRESENTATION_CONTEXT() REPRESENTATION_CONTEXT('2D SPACE',''
  ) );
#6081 = PCURVE('',#6082,#6087);
#6082 = PLANE('',#6083);
#6083 = AXIS2_PLACEMENT_3D('',#6084,#6085,#6086);
#6084 = CARTESIAN_POINT('',(-4.75,-4.25,0.15));
#6085 = DIRECTION('',(1.,0.,0.));
#6086 = DIRECTION('',(0.,0.,1.));
#6087 = DEFINITIONAL_REPRESENTATION('',(#6088),#6092);
#6088 = LINE('',#6089,#6090);
#6089 = CARTESIAN_POINT('',(3.6,0.));
#6090 = VECTOR('',#6091,1.);
#6091 = DIRECTION('',(0.,-1.));
#6092 = ( GEOMETRIC_REPRESENTATION_CONTEXT(2) 
PARAMETRIC_REPRESENTATION_CONTEXT() REPRESENTATION_CONTEXT('2D SPACE',''
  ) );
#6093 = ORIENTED_EDGE('',*,*,#6094,.T.);
#6094 = EDGE_CURVE('',#6067,#6095,#6097,.T.);
#6095 = VERTEX_POINT('',#6096);
#6096 = CARTESIAN_POINT('',(-4.77,-3.75,3.75));
#6097 = SURFACE_CURVE('',#6098,(#6102,#6109),.PCURVE_S1.);
#6098 = LINE('',#6099,#6100);
#6099 = CARTESIAN_POINT('',(-4.76,-3.76,3.75));
#6100 = VECTOR('',#6101,1.);
#6101 = DIRECTION('',(-0.707106781187,0.707106781187,0.));
#6102 = PCURVE('',#5889,#6103);
#6103 = DEFINITIONAL_REPRESENTATION('',(#6104),#6108);
#6104 = LINE('',#6105,#6106);
#6105 = CARTESIAN_POINT('',(0.49,0.49));
#6106 = VECTOR('',#6107,1.);
#6107 = DIRECTION('',(-0.707106781187,0.707106781187));
#6108 = ( GEOMETRIC_REPRESENTATION_CONTEXT(2) 
PARAMETRIC_REPRESENTATION_CONTEXT() REPRESENTATION_CONTEXT('2D SPACE',''
  ) );
#6109 = PCURVE('',#6110,#6115);
#6110 = PLANE('',#6111);
#6111 = AXIS2_PLACEMENT_3D('',#6112,#6113,#6114);
#6112 = CARTESIAN_POINT('',(-4.76,-3.76,0.15));
#6113 = DIRECTION('',(0.707106781187,0.707106781187,6.03532729936E-20));
#6114 = DIRECTION('',(4.267620860058E-20,4.267620860057E-20,-1.));
#6115 = DEFINITIONAL_REPRESENTATION('',(#6116),#6120);
#6116 = LINE('',#6117,#6118);
#6117 = CARTESIAN_POINT('',(-3.6,-3.768221900841E-15));
#6118 = VECTOR('',#6119,1.);
#6119 = DIRECTION('',(2.460075202414E-36,1.));
#6120 = ( GEOMETRIC_REPRESENTATION_CONTEXT(2) 
PARAMETRIC_REPRESENTATION_CONTEXT() REPRESENTATION_CONTEXT('2D SPACE',''
  ) );
#6121 = ORIENTED_EDGE('',*,*,#6122,.F.);
#6122 = EDGE_CURVE('',#6123,#6095,#6125,.T.);
#6123 = VERTEX_POINT('',#6124);
#6124 = CARTESIAN_POINT('',(-5.23,-3.75,3.75));
#6125 = SURFACE_CURVE('',#6126,(#6130,#6137),.PCURVE_S1.);
#6126 = LINE('',#6127,#6128);
#6127 = CARTESIAN_POINT('',(-5.25,-3.75,3.75));
#6128 = VECTOR('',#6129,1.);
#6129 = DIRECTION('',(1.,0.,0.));
#6130 = PCURVE('',#5889,#6131);
#6131 = DEFINITIONAL_REPRESENTATION('',(#6132),#6136);
#6132 = LINE('',#6133,#6134);
#6133 = CARTESIAN_POINT('',(0.,0.5));
#6134 = VECTOR('',#6135,1.);
#6135 = DIRECTION('',(1.,0.));
#6136 = ( GEOMETRIC_REPRESENTATION_CONTEXT(2) 
PARAMETRIC_REPRESENTATION_CONTEXT() REPRESENTATION_CONTEXT('2D SPACE',''
  ) );
#6137 = PCURVE('',#6138,#6143);
#6138 = PLANE('',#6139);
#6139 = AXIS2_PLACEMENT_3D('',#6140,#6141,#6142);
#6140 = CARTESIAN_POINT('',(-5.25,-3.75,0.15));
#6141 = DIRECTION('',(0.,1.,0.));
#6142 = DIRECTION('',(0.,0.,1.));
#6143 = DEFINITIONAL_REPRESENTATION('',(#6144),#6148);
#6144 = LINE('',#6145,#6146);
#6145 = CARTESIAN_POINT('',(3.6,0.));
#6146 = VECTOR('',#6147,1.);
#6147 = DIRECTION('',(0.,1.));
#6148 = ( GEOMETRIC_REPRESENTATION_CONTEXT(2) 
PARAMETRIC_REPRESENTATION_CONTEXT() REPRESENTATION_CONTEXT('2D SPACE',''
  ) );
#6149 = ORIENTED_EDGE('',*,*,#6150,.F.);
#6150 = EDGE_CURVE('',#5869,#6123,#6151,.T.);
#6151 = SURFACE_CURVE('',#6152,(#6156,#6163),.PCURVE_S1.);
#6152 = LINE('',#6153,#6154);
#6153 = CARTESIAN_POINT('',(-5.365,-3.885,3.75));
#6154 = VECTOR('',#6155,1.);
#6155 = DIRECTION('',(0.707106781187,0.707106781187,-0.));
#6156 = PCURVE('',#5889,#6157);
#6157 = DEFINITIONAL_REPRESENTATION('',(#6158),#6162);
#6158 = LINE('',#6159,#6160);
#6159 = CARTESIAN_POINT('',(-0.115,0.365));
#6160 = VECTOR('',#6161,1.);
#6161 = DIRECTION('',(0.707106781187,0.707106781187));
#6162 = ( GEOMETRIC_REPRESENTATION_CONTEXT(2) 
PARAMETRIC_REPRESENTATION_CONTEXT() REPRESENTATION_CONTEXT('2D SPACE',''
  ) );
#6163 = PCURVE('',#5971,#6164);
#6164 = DEFINITIONAL_REPRESENTATION('',(#6165),#6169);
#6165 = LINE('',#6166,#6167);
#6166 = CARTESIAN_POINT('',(-3.6,-0.176776695297));
#6167 = VECTOR('',#6168,1.);
#6168 = DIRECTION('',(2.460075202414E-36,1.));
#6169 = ( GEOMETRIC_REPRESENTATION_CONTEXT(2) 
PARAMETRIC_REPRESENTATION_CONTEXT() REPRESENTATION_CONTEXT('2D SPACE',''
  ) );
#6170 = ADVANCED_FACE('',(#6171),#5917,.T.);
#6171 = FACE_BOUND('',#6172,.F.);
#6172 = EDGE_LOOP('',(#6173,#6196,#6197,#6198));
#6173 = ORIENTED_EDGE('',*,*,#6174,.F.);
#6174 = EDGE_CURVE('',#5902,#6175,#6177,.T.);
#6175 = VERTEX_POINT('',#6176);
#6176 = CARTESIAN_POINT('',(-5.23,-4.25,0.15));
#6177 = SURFACE_CURVE('',#6178,(#6182,#6189),.PCURVE_S1.);
#6178 = LINE('',#6179,#6180);
#6179 = CARTESIAN_POINT('',(-5.24,-4.24,0.15));
#6180 = VECTOR('',#6181,1.);
#6181 = DIRECTION('',(0.707106781187,-0.707106781187,0.));
#6182 = PCURVE('',#5917,#6183);
#6183 = DEFINITIONAL_REPRESENTATION('',(#6184),#6188);
#6184 = LINE('',#6185,#6186);
#6185 = CARTESIAN_POINT('',(-0.,0.));
#6186 = VECTOR('',#6187,1.);
#6187 = DIRECTION('',(1.48825141019E-37,1.));
#6188 = ( GEOMETRIC_REPRESENTATION_CONTEXT(2) 
PARAMETRIC_REPRESENTATION_CONTEXT() REPRESENTATION_CONTEXT('2D SPACE',''
  ) );
#6189 = PCURVE('',#5945,#6190);
#6190 = DEFINITIONAL_REPRESENTATION('',(#6191),#6195);
#6191 = LINE('',#6192,#6193);
#6192 = CARTESIAN_POINT('',(1.E-02,1.E-02));
#6193 = VECTOR('',#6194,1.);
#6194 = DIRECTION('',(0.707106781187,-0.707106781187));
#6195 = ( GEOMETRIC_REPRESENTATION_CONTEXT(2) 
PARAMETRIC_REPRESENTATION_CONTEXT() REPRESENTATION_CONTEXT('2D SPACE',''
  ) );
#6196 = ORIENTED_EDGE('',*,*,#5901,.T.);
#6197 = ORIENTED_EDGE('',*,*,#5987,.T.);
#6198 = ORIENTED_EDGE('',*,*,#6199,.F.);
#6199 = EDGE_CURVE('',#6175,#5988,#6200,.T.);
#6200 = SURFACE_CURVE('',#6201,(#6205,#6212),.PCURVE_S1.);
#6201 = LINE('',#6202,#6203);
#6202 = CARTESIAN_POINT('',(-5.23,-4.25,0.15));
#6203 = VECTOR('',#6204,1.);
#6204 = DIRECTION('',(0.,0.,1.));
#6205 = PCURVE('',#5917,#6206);
#6206 = DEFINITIONAL_REPRESENTATION('',(#6207),#6211);
#6207 = LINE('',#6208,#6209);
#6208 = CARTESIAN_POINT('',(-0.,1.414213562373E-02));
#6209 = VECTOR('',#6210,1.);
#6210 = DIRECTION('',(-1.,0.));
#6211 = ( GEOMETRIC_REPRESENTATION_CONTEXT(2) 
PARAMETRIC_REPRESENTATION_CONTEXT() REPRESENTATION_CONTEXT('2D SPACE',''
  ) );
#6212 = PCURVE('',#6026,#6213);
#6213 = DEFINITIONAL_REPRESENTATION('',(#6214),#6218);
#6214 = LINE('',#6215,#6216);
#6215 = CARTESIAN_POINT('',(0.,2.E-02));
#6216 = VECTOR('',#6217,1.);
#6217 = DIRECTION('',(1.,0.));
#6218 = ( GEOMETRIC_REPRESENTATION_CONTEXT(2) 
PARAMETRIC_REPRESENTATION_CONTEXT() REPRESENTATION_CONTEXT('2D SPACE',''
  ) );
#6219 = ADVANCED_FACE('',(#6220),#5971,.F.);
#6220 = FACE_BOUND('',#6221,.T.);
#6221 = EDGE_LOOP('',(#6222,#6245,#6246,#6247));
#6222 = ORIENTED_EDGE('',*,*,#6223,.F.);
#6223 = EDGE_CURVE('',#5930,#6224,#6226,.T.);
#6224 = VERTEX_POINT('',#6225);
#6225 = CARTESIAN_POINT('',(-5.23,-3.75,0.15));
#6226 = SURFACE_CURVE('',#6227,(#6231,#6238),.PCURVE_S1.);
#6227 = LINE('',#6228,#6229);
#6228 = CARTESIAN_POINT('',(-5.365,-3.885,0.15));
#6229 = VECTOR('',#6230,1.);
#6230 = DIRECTION('',(0.707106781187,0.707106781187,-0.));
#6231 = PCURVE('',#5971,#6232);
#6232 = DEFINITIONAL_REPRESENTATION('',(#6233),#6237);
#6233 = LINE('',#6234,#6235);
#6234 = CARTESIAN_POINT('',(4.513898307158E-36,-0.176776695297));
#6235 = VECTOR('',#6236,1.);
#6236 = DIRECTION('',(2.460075202414E-36,1.));
#6237 = ( GEOMETRIC_REPRESENTATION_CONTEXT(2) 
PARAMETRIC_REPRESENTATION_CONTEXT() REPRESENTATION_CONTEXT('2D SPACE',''
  ) );
#6238 = PCURVE('',#5945,#6239);
#6239 = DEFINITIONAL_REPRESENTATION('',(#6240),#6244);
#6240 = LINE('',#6241,#6242);
#6241 = CARTESIAN_POINT('',(-0.115,0.365));
#6242 = VECTOR('',#6243,1.);
#6243 = DIRECTION('',(0.707106781187,0.707106781187));
#6244 = ( GEOMETRIC_REPRESENTATION_CONTEXT(2) 
PARAMETRIC_REPRESENTATION_CONTEXT() REPRESENTATION_CONTEXT('2D SPACE',''
  ) );
#6245 = ORIENTED_EDGE('',*,*,#5957,.T.);
#6246 = ORIENTED_EDGE('',*,*,#6150,.T.);
#6247 = ORIENTED_EDGE('',*,*,#6248,.F.);
#6248 = EDGE_CURVE('',#6224,#6123,#6249,.T.);
#6249 = SURFACE_CURVE('',#6250,(#6254,#6261),.PCURVE_S1.);
#6250 = LINE('',#6251,#6252);
#6251 = CARTESIAN_POINT('',(-5.23,-3.75,0.15));
#6252 = VECTOR('',#6253,1.);
#6253 = DIRECTION('',(0.,0.,1.));
#6254 = PCURVE('',#5971,#6255);
#6255 = DEFINITIONAL_REPRESENTATION('',(#6256),#6260);
#6256 = LINE('',#6257,#6258);
#6257 = CARTESIAN_POINT('',(-0.,1.414213562373E-02));
#6258 = VECTOR('',#6259,1.);
#6259 = DIRECTION('',(-1.,0.));
#6260 = ( GEOMETRIC_REPRESENTATION_CONTEXT(2) 
PARAMETRIC_REPRESENTATION_CONTEXT() REPRESENTATION_CONTEXT('2D SPACE',''
  ) );
#6261 = PCURVE('',#6138,#6262);
#6262 = DEFINITIONAL_REPRESENTATION('',(#6263),#6267);
#6263 = LINE('',#6264,#6265);
#6264 = CARTESIAN_POINT('',(0.,2.E-02));
#6265 = VECTOR('',#6266,1.);
#6266 = DIRECTION('',(1.,0.));
#6267 = ( GEOMETRIC_REPRESENTATION_CONTEXT(2) 
PARAMETRIC_REPRESENTATION_CONTEXT() REPRESENTATION_CONTEXT('2D SPACE',''
  ) );
#6268 = ADVANCED_FACE('',(#6269),#5945,.F.);
#6269 = FACE_BOUND('',#6270,.F.);
#6270 = EDGE_LOOP('',(#6271,#6272,#6273,#6296,#6319,#6342,#6365,#6386));
#6271 = ORIENTED_EDGE('',*,*,#5929,.F.);
#6272 = ORIENTED_EDGE('',*,*,#6174,.T.);
#6273 = ORIENTED_EDGE('',*,*,#6274,.T.);
#6274 = EDGE_CURVE('',#6175,#6275,#6277,.T.);
#6275 = VERTEX_POINT('',#6276);
#6276 = CARTESIAN_POINT('',(-4.77,-4.25,0.15));
#6277 = SURFACE_CURVE('',#6278,(#6282,#6289),.PCURVE_S1.);
#6278 = LINE('',#6279,#6280);
#6279 = CARTESIAN_POINT('',(-5.25,-4.25,0.15));
#6280 = VECTOR('',#6281,1.);
#6281 = DIRECTION('',(1.,0.,0.));
#6282 = PCURVE('',#5945,#6283);
#6283 = DEFINITIONAL_REPRESENTATION('',(#6284),#6288);
#6284 = LINE('',#6285,#6286);
#6285 = CARTESIAN_POINT('',(0.,0.));
#6286 = VECTOR('',#6287,1.);
#6287 = DIRECTION('',(1.,0.));
#6288 = ( GEOMETRIC_REPRESENTATION_CONTEXT(2) 
PARAMETRIC_REPRESENTATION_CONTEXT() REPRESENTATION_CONTEXT('2D SPACE',''
  ) );
#6289 = PCURVE('',#6026,#6290);
#6290 = DEFINITIONAL_REPRESENTATION('',(#6291),#6295);
#6291 = LINE('',#6292,#6293);
#6292 = CARTESIAN_POINT('',(0.,0.));
#6293 = VECTOR('',#6294,1.);
#6294 = DIRECTION('',(0.,1.));
#6295 = ( GEOMETRIC_REPRESENTATION_CONTEXT(2) 
PARAMETRIC_REPRESENTATION_CONTEXT() REPRESENTATION_CONTEXT('2D SPACE',''
  ) );
#6296 = ORIENTED_EDGE('',*,*,#6297,.F.);
#6297 = EDGE_CURVE('',#6298,#6275,#6300,.T.);
#6298 = VERTEX_POINT('',#6299);
#6299 = CARTESIAN_POINT('',(-4.75,-4.23,0.15));
#6300 = SURFACE_CURVE('',#6301,(#6305,#6312),.PCURVE_S1.);
#6301 = LINE('',#6302,#6303);
#6302 = CARTESIAN_POINT('',(-4.885,-4.365,0.15));
#6303 = VECTOR('',#6304,1.);
#6304 = DIRECTION('',(-0.707106781187,-0.707106781187,0.));
#6305 = PCURVE('',#5945,#6306);
#6306 = DEFINITIONAL_REPRESENTATION('',(#6307),#6311);
#6307 = LINE('',#6308,#6309);
#6308 = CARTESIAN_POINT('',(0.365,-0.115));
#6309 = VECTOR('',#6310,1.);
#6310 = DIRECTION('',(-0.707106781187,-0.707106781187));
#6311 = ( GEOMETRIC_REPRESENTATION_CONTEXT(2) 
PARAMETRIC_REPRESENTATION_CONTEXT() REPRESENTATION_CONTEXT('2D SPACE',''
  ) );
#6312 = PCURVE('',#6054,#6313);
#6313 = DEFINITIONAL_REPRESENTATION('',(#6314),#6318);
#6314 = LINE('',#6315,#6316);
#6315 = CARTESIAN_POINT('',(-0.,0.176776695297));
#6316 = VECTOR('',#6317,1.);
#6317 = DIRECTION('',(1.48825141019E-37,1.));
#6318 = ( GEOMETRIC_REPRESENTATION_CONTEXT(2) 
PARAMETRIC_REPRESENTATION_CONTEXT() REPRESENTATION_CONTEXT('2D SPACE',''
  ) );
#6319 = ORIENTED_EDGE('',*,*,#6320,.T.);
#6320 = EDGE_CURVE('',#6298,#6321,#6323,.T.);
#6321 = VERTEX_POINT('',#6322);
#6322 = CARTESIAN_POINT('',(-4.75,-3.77,0.15));
#6323 = SURFACE_CURVE('',#6324,(#6328,#6335),.PCURVE_S1.);
#6324 = LINE('',#6325,#6326);
#6325 = CARTESIAN_POINT('',(-4.75,-4.25,0.15));
#6326 = VECTOR('',#6327,1.);
#6327 = DIRECTION('',(0.,1.,0.));
#6328 = PCURVE('',#5945,#6329);
#6329 = DEFINITIONAL_REPRESENTATION('',(#6330),#6334);
#6330 = LINE('',#6331,#6332);
#6331 = CARTESIAN_POINT('',(0.5,0.));
#6332 = VECTOR('',#6333,1.);
#6333 = DIRECTION('',(0.,1.));
#6334 = ( GEOMETRIC_REPRESENTATION_CONTEXT(2) 
PARAMETRIC_REPRESENTATION_CONTEXT() REPRESENTATION_CONTEXT('2D SPACE',''
  ) );
#6335 = PCURVE('',#6082,#6336);
#6336 = DEFINITIONAL_REPRESENTATION('',(#6337),#6341);
#6337 = LINE('',#6338,#6339);
#6338 = CARTESIAN_POINT('',(0.,0.));
#6339 = VECTOR('',#6340,1.);
#6340 = DIRECTION('',(0.,-1.));
#6341 = ( GEOMETRIC_REPRESENTATION_CONTEXT(2) 
PARAMETRIC_REPRESENTATION_CONTEXT() REPRESENTATION_CONTEXT('2D SPACE',''
  ) );
#6342 = ORIENTED_EDGE('',*,*,#6343,.T.);
#6343 = EDGE_CURVE('',#6321,#6344,#6346,.T.);
#6344 = VERTEX_POINT('',#6345);
#6345 = CARTESIAN_POINT('',(-4.77,-3.75,0.15));
#6346 = SURFACE_CURVE('',#6347,(#6351,#6358),.PCURVE_S1.);
#6347 = LINE('',#6348,#6349);
#6348 = CARTESIAN_POINT('',(-4.76,-3.76,0.15));
#6349 = VECTOR('',#6350,1.);
#6350 = DIRECTION('',(-0.707106781187,0.707106781187,0.));
#6351 = PCURVE('',#5945,#6352);
#6352 = DEFINITIONAL_REPRESENTATION('',(#6353),#6357);
#6353 = LINE('',#6354,#6355);
#6354 = CARTESIAN_POINT('',(0.49,0.49));
#6355 = VECTOR('',#6356,1.);
#6356 = DIRECTION('',(-0.707106781187,0.707106781187));
#6357 = ( GEOMETRIC_REPRESENTATION_CONTEXT(2) 
PARAMETRIC_REPRESENTATION_CONTEXT() REPRESENTATION_CONTEXT('2D SPACE',''
  ) );
#6358 = PCURVE('',#6110,#6359);
#6359 = DEFINITIONAL_REPRESENTATION('',(#6360),#6364);
#6360 = LINE('',#6361,#6362);
#6361 = CARTESIAN_POINT('',(2.523089886327E-48,-3.768221900841E-15));
#6362 = VECTOR('',#6363,1.);
#6363 = DIRECTION('',(2.460075202414E-36,1.));
#6364 = ( GEOMETRIC_REPRESENTATION_CONTEXT(2) 
PARAMETRIC_REPRESENTATION_CONTEXT() REPRESENTATION_CONTEXT('2D SPACE',''
  ) );
#6365 = ORIENTED_EDGE('',*,*,#6366,.F.);
#6366 = EDGE_CURVE('',#6224,#6344,#6367,.T.);
#6367 = SURFACE_CURVE('',#6368,(#6372,#6379),.PCURVE_S1.);
#6368 = LINE('',#6369,#6370);
#6369 = CARTESIAN_POINT('',(-5.25,-3.75,0.15));
#6370 = VECTOR('',#6371,1.);
#6371 = DIRECTION('',(1.,0.,0.));
#6372 = PCURVE('',#5945,#6373);
#6373 = DEFINITIONAL_REPRESENTATION('',(#6374),#6378);
#6374 = LINE('',#6375,#6376);
#6375 = CARTESIAN_POINT('',(0.,0.5));
#6376 = VECTOR('',#6377,1.);
#6377 = DIRECTION('',(1.,0.));
#6378 = ( GEOMETRIC_REPRESENTATION_CONTEXT(2) 
PARAMETRIC_REPRESENTATION_CONTEXT() REPRESENTATION_CONTEXT('2D SPACE',''
  ) );
#6379 = PCURVE('',#6138,#6380);
#6380 = DEFINITIONAL_REPRESENTATION('',(#6381),#6385);
#6381 = LINE('',#6382,#6383);
#6382 = CARTESIAN_POINT('',(0.,0.));
#6383 = VECTOR('',#6384,1.);
#6384 = DIRECTION('',(0.,1.));
#6385 = ( GEOMETRIC_REPRESENTATION_CONTEXT(2) 
PARAMETRIC_REPRESENTATION_CONTEXT() REPRESENTATION_CONTEXT('2D SPACE',''
  ) );
#6386 = ORIENTED_EDGE('',*,*,#6223,.F.);
#6387 = ADVANCED_FACE('',(#6388),#6026,.F.);
#6388 = FACE_BOUND('',#6389,.F.);
#6389 = EDGE_LOOP('',(#6390,#6391,#6392,#6393));
#6390 = ORIENTED_EDGE('',*,*,#6274,.F.);
#6391 = ORIENTED_EDGE('',*,*,#6199,.T.);
#6392 = ORIENTED_EDGE('',*,*,#6010,.T.);
#6393 = ORIENTED_EDGE('',*,*,#6394,.F.);
#6394 = EDGE_CURVE('',#6275,#6011,#6395,.T.);
#6395 = SURFACE_CURVE('',#6396,(#6400,#6407),.PCURVE_S1.);
#6396 = LINE('',#6397,#6398);
#6397 = CARTESIAN_POINT('',(-4.77,-4.25,0.15));
#6398 = VECTOR('',#6399,1.);
#6399 = DIRECTION('',(0.,0.,1.));
#6400 = PCURVE('',#6026,#6401);
#6401 = DEFINITIONAL_REPRESENTATION('',(#6402),#6406);
#6402 = LINE('',#6403,#6404);
#6403 = CARTESIAN_POINT('',(0.,0.48));
#6404 = VECTOR('',#6405,1.);
#6405 = DIRECTION('',(1.,0.));
#6406 = ( GEOMETRIC_REPRESENTATION_CONTEXT(2) 
PARAMETRIC_REPRESENTATION_CONTEXT() REPRESENTATION_CONTEXT('2D SPACE',''
  ) );
#6407 = PCURVE('',#6054,#6408);
#6408 = DEFINITIONAL_REPRESENTATION('',(#6409),#6413);
#6409 = LINE('',#6410,#6411);
#6410 = CARTESIAN_POINT('',(-0.,1.414213562373E-02));
#6411 = VECTOR('',#6412,1.);
#6412 = DIRECTION('',(-1.,0.));
#6413 = ( GEOMETRIC_REPRESENTATION_CONTEXT(2) 
PARAMETRIC_REPRESENTATION_CONTEXT() REPRESENTATION_CONTEXT('2D SPACE',''
  ) );
#6414 = ADVANCED_FACE('',(#6415),#6138,.T.);
#6415 = FACE_BOUND('',#6416,.T.);
#6416 = EDGE_LOOP('',(#6417,#6418,#6419,#6420));
#6417 = ORIENTED_EDGE('',*,*,#6366,.F.);
#6418 = ORIENTED_EDGE('',*,*,#6248,.T.);
#6419 = ORIENTED_EDGE('',*,*,#6122,.T.);
#6420 = ORIENTED_EDGE('',*,*,#6421,.F.);
#6421 = EDGE_CURVE('',#6344,#6095,#6422,.T.);
#6422 = SURFACE_CURVE('',#6423,(#6427,#6434),.PCURVE_S1.);
#6423 = LINE('',#6424,#6425);
#6424 = CARTESIAN_POINT('',(-4.77,-3.75,0.15));
#6425 = VECTOR('',#6426,1.);
#6426 = DIRECTION('',(0.,0.,1.));
#6427 = PCURVE('',#6138,#6428);
#6428 = DEFINITIONAL_REPRESENTATION('',(#6429),#6433);
#6429 = LINE('',#6430,#6431);
#6430 = CARTESIAN_POINT('',(0.,0.48));
#6431 = VECTOR('',#6432,1.);
#6432 = DIRECTION('',(1.,0.));
#6433 = ( GEOMETRIC_REPRESENTATION_CONTEXT(2) 
PARAMETRIC_REPRESENTATION_CONTEXT() REPRESENTATION_CONTEXT('2D SPACE',''
  ) );
#6434 = PCURVE('',#6110,#6435);
#6435 = DEFINITIONAL_REPRESENTATION('',(#6436),#6440);
#6436 = LINE('',#6437,#6438);
#6437 = CARTESIAN_POINT('',(-0.,1.414213562373E-02));
#6438 = VECTOR('',#6439,1.);
#6439 = DIRECTION('',(-1.,0.));
#6440 = ( GEOMETRIC_REPRESENTATION_CONTEXT(2) 
PARAMETRIC_REPRESENTATION_CONTEXT() REPRESENTATION_CONTEXT('2D SPACE',''
  ) );
#6441 = ADVANCED_FACE('',(#6442),#6054,.F.);
#6442 = FACE_BOUND('',#6443,.T.);
#6443 = EDGE_LOOP('',(#6444,#6445,#6466,#6467));
#6444 = ORIENTED_EDGE('',*,*,#6297,.F.);
#6445 = ORIENTED_EDGE('',*,*,#6446,.T.);
#6446 = EDGE_CURVE('',#6298,#6039,#6447,.T.);
#6447 = SURFACE_CURVE('',#6448,(#6452,#6459),.PCURVE_S1.);
#6448 = LINE('',#6449,#6450);
#6449 = CARTESIAN_POINT('',(-4.75,-4.23,0.15));
#6450 = VECTOR('',#6451,1.);
#6451 = DIRECTION('',(0.,0.,1.));
#6452 = PCURVE('',#6054,#6453);
#6453 = DEFINITIONAL_REPRESENTATION('',(#6454),#6458);
#6454 = LINE('',#6455,#6456);
#6455 = CARTESIAN_POINT('',(-0.,-1.414213562373E-02));
#6456 = VECTOR('',#6457,1.);
#6457 = DIRECTION('',(-1.,0.));
#6458 = ( GEOMETRIC_REPRESENTATION_CONTEXT(2) 
PARAMETRIC_REPRESENTATION_CONTEXT() REPRESENTATION_CONTEXT('2D SPACE',''
  ) );
#6459 = PCURVE('',#6082,#6460);
#6460 = DEFINITIONAL_REPRESENTATION('',(#6461),#6465);
#6461 = LINE('',#6462,#6463);
#6462 = CARTESIAN_POINT('',(0.,-2.E-02));
#6463 = VECTOR('',#6464,1.);
#6464 = DIRECTION('',(1.,0.));
#6465 = ( GEOMETRIC_REPRESENTATION_CONTEXT(2) 
PARAMETRIC_REPRESENTATION_CONTEXT() REPRESENTATION_CONTEXT('2D SPACE',''
  ) );
#6466 = ORIENTED_EDGE('',*,*,#6038,.T.);
#6467 = ORIENTED_EDGE('',*,*,#6394,.F.);
#6468 = ADVANCED_FACE('',(#6469),#6110,.T.);
#6469 = FACE_BOUND('',#6470,.F.);
#6470 = EDGE_LOOP('',(#6471,#6472,#6493,#6494));
#6471 = ORIENTED_EDGE('',*,*,#6343,.F.);
#6472 = ORIENTED_EDGE('',*,*,#6473,.T.);
#6473 = EDGE_CURVE('',#6321,#6067,#6474,.T.);
#6474 = SURFACE_CURVE('',#6475,(#6479,#6486),.PCURVE_S1.);
#6475 = LINE('',#6476,#6477);
#6476 = CARTESIAN_POINT('',(-4.75,-3.77,0.15));
#6477 = VECTOR('',#6478,1.);
#6478 = DIRECTION('',(0.,0.,1.));
#6479 = PCURVE('',#6110,#6480);
#6480 = DEFINITIONAL_REPRESENTATION('',(#6481),#6485);
#6481 = LINE('',#6482,#6483);
#6482 = CARTESIAN_POINT('',(-0.,-1.414213562373E-02));
#6483 = VECTOR('',#6484,1.);
#6484 = DIRECTION('',(-1.,0.));
#6485 = ( GEOMETRIC_REPRESENTATION_CONTEXT(2) 
PARAMETRIC_REPRESENTATION_CONTEXT() REPRESENTATION_CONTEXT('2D SPACE',''
  ) );
#6486 = PCURVE('',#6082,#6487);
#6487 = DEFINITIONAL_REPRESENTATION('',(#6488),#6492);
#6488 = LINE('',#6489,#6490);
#6489 = CARTESIAN_POINT('',(0.,-0.48));
#6490 = VECTOR('',#6491,1.);
#6491 = DIRECTION('',(1.,0.));
#6492 = ( GEOMETRIC_REPRESENTATION_CONTEXT(2) 
PARAMETRIC_REPRESENTATION_CONTEXT() REPRESENTATION_CONTEXT('2D SPACE',''
  ) );
#6493 = ORIENTED_EDGE('',*,*,#6094,.T.);
#6494 = ORIENTED_EDGE('',*,*,#6421,.F.);
#6495 = ADVANCED_FACE('',(#6496),#6082,.T.);
#6496 = FACE_BOUND('',#6497,.T.);
#6497 = EDGE_LOOP('',(#6498,#6499,#6500,#6501));
#6498 = ORIENTED_EDGE('',*,*,#6066,.F.);
#6499 = ORIENTED_EDGE('',*,*,#6446,.F.);
#6500 = ORIENTED_EDGE('',*,*,#6320,.T.);
#6501 = ORIENTED_EDGE('',*,*,#6473,.T.);
#6502 = ( GEOMETRIC_REPRESENTATION_CONTEXT(3) 
GLOBAL_UNCERTAINTY_ASSIGNED_CONTEXT((#6506)) 
GLOBAL_UNIT_ASSIGNED_CONTEXT((#6503,#6504,#6505)) REPRESENTATION_CONTEXT
('Context #1','3D Context with UNIT and UNCERTAINTY') );
#6503 = ( LENGTH_UNIT() NAMED_UNIT(*) SI_UNIT(.MILLI.,.METRE.) );
#6504 = ( NAMED_UNIT(*) PLANE_ANGLE_UNIT() SI_UNIT($,.RADIAN.) );
#6505 = ( NAMED_UNIT(*) SI_UNIT($,.STERADIAN.) SOLID_ANGLE_UNIT() );
#6506 = UNCERTAINTY_MEASURE_WITH_UNIT(LENGTH_MEASURE(5.E-05),#6503,
  'distance_accuracy_value','confusion accuracy');
#6507 = CONTEXT_DEPENDENT_SHAPE_REPRESENTATION(#6508,#6510);
#6508 = ( REPRESENTATION_RELATIONSHIP('','',#5859,#10) 
REPRESENTATION_RELATIONSHIP_WITH_TRANSFORMATION(#6509) 
SHAPE_REPRESENTATION_RELATIONSHIP() );
#6509 = ITEM_DEFINED_TRANSFORMATION('','',#11,#31);
#6510 = PRODUCT_DEFINITION_SHAPE('Placement','Placement of an item',
  #6511);
#6511 = NEXT_ASSEMBLY_USAGE_OCCURRENCE('197','trim_0','',#5,#5854,$);
#6512 = PRODUCT_RELATED_PRODUCT_CATEGORY('part',$,(#5856));
#6513 = SHAPE_DEFINITION_REPRESENTATION(#6514,#6520);
#6514 = PRODUCT_DEFINITION_SHAPE('','',#6515);
#6515 = PRODUCT_DEFINITION('design','',#6516,#6519);
#6516 = PRODUCT_DEFINITION_FORMATION('','',#6517);
#6517 = PRODUCT('trim_1','trim_1','',(#6518));
#6518 = PRODUCT_CONTEXT('',#2,'mechanical');
#6519 = PRODUCT_DEFINITION_CONTEXT('part definition',#2,'design');
#6520 = ADVANCED_BREP_SHAPE_REPRESENTATION('',(#11,#6521),#7163);
#6521 = MANIFOLD_SOLID_BREP('',#6522);
#6522 = CLOSED_SHELL('',(#6523,#6643,#6831,#6880,#6929,#7048,#7075,#7102
    ,#7129,#7156));
#6523 = ADVANCED_FACE('',(#6524),#6538,.F.);
#6524 = FACE_BOUND('',#6525,.F.);
#6525 = EDGE_LOOP('',(#6526,#6561,#6589,#6617));
#6526 = ORIENTED_EDGE('',*,*,#6527,.F.);
#6527 = EDGE_CURVE('',#6528,#6530,#6532,.T.);
#6528 = VERTEX_POINT('',#6529);
#6529 = CARTESIAN_POINT('',(-5.25,3.77,3.75));
#6530 = VERTEX_POINT('',#6531);
#6531 = CARTESIAN_POINT('',(-5.25,4.23,3.75));
#6532 = SURFACE_CURVE('',#6533,(#6537,#6549),.PCURVE_S1.);
#6533 = LINE('',#6534,#6535);
#6534 = CARTESIAN_POINT('',(-5.25,3.75,3.75));
#6535 = VECTOR('',#6536,1.);
#6536 = DIRECTION('',(0.,1.,0.));
#6537 = PCURVE('',#6538,#6543);
#6538 = PLANE('',#6539);
#6539 = AXIS2_PLACEMENT_3D('',#6540,#6541,#6542);
#6540 = CARTESIAN_POINT('',(-5.25,3.75,0.15));
#6541 = DIRECTION('',(1.,0.,0.));
#6542 = DIRECTION('',(0.,0.,1.));
#6543 = DEFINITIONAL_REPRESENTATION('',(#6544),#6548);
#6544 = LINE('',#6545,#6546);
#6545 = CARTESIAN_POINT('',(3.6,0.));
#6546 = VECTOR('',#6547,1.);
#6547 = DIRECTION('',(0.,-1.));
#6548 = ( GEOMETRIC_REPRESENTATION_CONTEXT(2) 
PARAMETRIC_REPRESENTATION_CONTEXT() REPRESENTATION_CONTEXT('2D SPACE',''
  ) );
#6549 = PCURVE('',#6550,#6555);
#6550 = PLANE('',#6551);
#6551 = AXIS2_PLACEMENT_3D('',#6552,#6553,#6554);
#6552 = CARTESIAN_POINT('',(-5.25,3.75,3.75));
#6553 = DIRECTION('',(0.,0.,1.));
#6554 = DIRECTION('',(1.,0.,0.));
#6555 = DEFINITIONAL_REPRESENTATION('',(#6556),#6560);
#6556 = LINE('',#6557,#6558);
#6557 = CARTESIAN_POINT('',(0.,0.));
#6558 = VECTOR('',#6559,1.);
#6559 = DIRECTION('',(0.,1.));
#6560 = ( GEOMETRIC_REPRESENTATION_CONTEXT(2) 
PARAMETRIC_REPRESENTATION_CONTEXT() REPRESENTATION_CONTEXT('2D SPACE',''
  ) );
#6561 = ORIENTED_EDGE('',*,*,#6562,.F.);
#6562 = EDGE_CURVE('',#6563,#6528,#6565,.T.);
#6563 = VERTEX_POINT('',#6564);
#6564 = CARTESIAN_POINT('',(-5.25,3.77,0.15));
#6565 = SURFACE_CURVE('',#6566,(#6570,#6577),.PCURVE_S1.);
#6566 = LINE('',#6567,#6568);
#6567 = CARTESIAN_POINT('',(-5.25,3.77,0.15));
#6568 = VECTOR('',#6569,1.);
#6569 = DIRECTION('',(0.,0.,1.));
#6570 = PCURVE('',#6538,#6571);
#6571 = DEFINITIONAL_REPRESENTATION('',(#6572),#6576);
#6572 = LINE('',#6573,#6574);
#6573 = CARTESIAN_POINT('',(0.,-2.E-02));
#6574 = VECTOR('',#6575,1.);
#6575 = DIRECTION('',(1.,0.));
#6576 = ( GEOMETRIC_REPRESENTATION_CONTEXT(2) 
PARAMETRIC_REPRESENTATION_CONTEXT() REPRESENTATION_CONTEXT('2D SPACE',''
  ) );
#6577 = PCURVE('',#6578,#6583);
#6578 = PLANE('',#6579);
#6579 = AXIS2_PLACEMENT_3D('',#6580,#6581,#6582);
#6580 = CARTESIAN_POINT('',(-5.24,3.76,0.15));
#6581 = DIRECTION('',(-0.707106781187,-0.707106781187,6.03532729936E-20)
  );
#6582 = DIRECTION('',(-4.267620860058E-20,-4.267620860057E-20,-1.));
#6583 = DEFINITIONAL_REPRESENTATION('',(#6584),#6588);
#6584 = LINE('',#6585,#6586);
#6585 = CARTESIAN_POINT('',(-0.,-1.414213562373E-02));
#6586 = VECTOR('',#6587,1.);
#6587 = DIRECTION('',(-1.,0.));
#6588 = ( GEOMETRIC_REPRESENTATION_CONTEXT(2) 
PARAMETRIC_REPRESENTATION_CONTEXT() REPRESENTATION_CONTEXT('2D SPACE',''
  ) );
#6589 = ORIENTED_EDGE('',*,*,#6590,.T.);
#6590 = EDGE_CURVE('',#6563,#6591,#6593,.T.);
#6591 = VERTEX_POINT('',#6592);
#6592 = CARTESIAN_POINT('',(-5.25,4.23,0.15));
#6593 = SURFACE_CURVE('',#6594,(#6598,#6605),.PCURVE_S1.);
#6594 = LINE('',#6595,#6596);
#6595 = CARTESIAN_POINT('',(-5.25,3.75,0.15));
#6596 = VECTOR('',#6597,1.);
#6597 = DIRECTION('',(0.,1.,0.));
#6598 = PCURVE('',#6538,#6599);
#6599 = DEFINITIONAL_REPRESENTATION('',(#6600),#6604);
#6600 = LINE('',#6601,#6602);
#6601 = CARTESIAN_POINT('',(0.,0.));
#6602 = VECTOR('',#6603,1.);
#6603 = DIRECTION('',(0.,-1.));
#6604 = ( GEOMETRIC_REPRESENTATION_CONTEXT(2) 
PARAMETRIC_REPRESENTATION_CONTEXT() REPRESENTATION_CONTEXT('2D SPACE',''
  ) );
#6605 = PCURVE('',#6606,#6611);
#6606 = PLANE('',#6607);
#6607 = AXIS2_PLACEMENT_3D('',#6608,#6609,#6610);
#6608 = CARTESIAN_POINT('',(-5.25,3.75,0.15));
#6609 = DIRECTION('',(0.,0.,1.));
#6610 = DIRECTION('',(1.,0.,0.));
#6611 = DEFINITIONAL_REPRESENTATION('',(#6612),#6616);
#6612 = LINE('',#6613,#6614);
#6613 = CARTESIAN_POINT('',(0.,0.));
#6614 = VECTOR('',#6615,1.);
#6615 = DIRECTION('',(0.,1.));
#6616 = ( GEOMETRIC_REPRESENTATION_CONTEXT(2) 
PARAMETRIC_REPRESENTATION_CONTEXT() REPRESENTATION_CONTEXT('2D SPACE',''
  ) );
#6617 = ORIENTED_EDGE('',*,*,#6618,.T.);
#6618 = EDGE_CURVE('',#6591,#6530,#6619,.T.);
#6619 = SURFACE_CURVE('',#6620,(#6624,#6631),.PCURVE_S1.);
#6620 = LINE('',#6621,#6622);
#6621 = CARTESIAN_POINT('',(-5.25,4.23,0.15));
#6622 = VECTOR('',#6623,1.);
#6623 = DIRECTION('',(0.,0.,1.));
#6624 = PCURVE('',#6538,#6625);
#6625 = DEFINITIONAL_REPRESENTATION('',(#6626),#6630);
#6626 = LINE('',#6627,#6628);
#6627 = CARTESIAN_POINT('',(0.,-0.48));
#6628 = VECTOR('',#6629,1.);
#6629 = DIRECTION('',(1.,0.));
#6630 = ( GEOMETRIC_REPRESENTATION_CONTEXT(2) 
PARAMETRIC_REPRESENTATION_CONTEXT() REPRESENTATION_CONTEXT('2D SPACE',''
  ) );
#6631 = PCURVE('',#6632,#6637);
#6632 = PLANE('',#6633);
#6633 = AXIS2_PLACEMENT_3D('',#6634,#6635,#6636);
#6634 = CARTESIAN_POINT('',(-5.24,4.24,0.15));
#6635 = DIRECTION('',(0.707106781187,-0.707106781187,3.807659356174E-20)
  );
#6636 = DIRECTION('',(2.692421751199E-20,-2.692421751199E-20,-1.));
#6637 = DEFINITIONAL_REPRESENTATION('',(#6638),#6642);
#6638 = LINE('',#6639,#6640);
#6639 = CARTESIAN_POINT('',(-0.,-1.414213562373E-02));
#6640 = VECTOR('',#6641,1.);
#6641 = DIRECTION('',(-1.,0.));
#6642 = ( GEOMETRIC_REPRESENTATION_CONTEXT(2) 
PARAMETRIC_REPRESENTATION_CONTEXT() REPRESENTATION_CONTEXT('2D SPACE',''
  ) );
#6643 = ADVANCED_FACE('',(#6644),#6550,.T.);
#6644 = FACE_BOUND('',#6645,.T.);
#6645 = EDGE_LOOP('',(#6646,#6647,#6670,#6698,#6726,#6754,#6782,#6810));
#6646 = ORIENTED_EDGE('',*,*,#6527,.F.);
#6647 = ORIENTED_EDGE('',*,*,#6648,.T.);
#6648 = EDGE_CURVE('',#6528,#6649,#6651,.T.);
#6649 = VERTEX_POINT('',#6650);
#6650 = CARTESIAN_POINT('',(-5.23,3.75,3.75));
#6651 = SURFACE_CURVE('',#6652,(#6656,#6663),.PCURVE_S1.);
#6652 = LINE('',#6653,#6654);
#6653 = CARTESIAN_POINT('',(-5.24,3.76,3.75));
#6654 = VECTOR('',#6655,1.);
#6655 = DIRECTION('',(0.707106781187,-0.707106781187,0.));
#6656 = PCURVE('',#6550,#6657);
#6657 = DEFINITIONAL_REPRESENTATION('',(#6658),#6662);
#6658 = LINE('',#6659,#6660);
#6659 = CARTESIAN_POINT('',(1.E-02,1.E-02));
#6660 = VECTOR('',#6661,1.);
#6661 = DIRECTION('',(0.707106781187,-0.707106781187));
#6662 = ( GEOMETRIC_REPRESENTATION_CONTEXT(2) 
PARAMETRIC_REPRESENTATION_CONTEXT() REPRESENTATION_CONTEXT('2D SPACE',''
  ) );
#6663 = PCURVE('',#6578,#6664);
#6664 = DEFINITIONAL_REPRESENTATION('',(#6665),#6669);
#6665 = LINE('',#6666,#6667);
#6666 = CARTESIAN_POINT('',(-3.6,-9.188504089987E-36));
#6667 = VECTOR('',#6668,1.);
#6668 = DIRECTION('',(2.460075202414E-36,1.));
#6669 = ( GEOMETRIC_REPRESENTATION_CONTEXT(2) 
PARAMETRIC_REPRESENTATION_CONTEXT() REPRESENTATION_CONTEXT('2D SPACE',''
  ) );
#6670 = ORIENTED_EDGE('',*,*,#6671,.T.);
#6671 = EDGE_CURVE('',#6649,#6672,#6674,.T.);
#6672 = VERTEX_POINT('',#6673);
#6673 = CARTESIAN_POINT('',(-4.77,3.75,3.75));
#6674 = SURFACE_CURVE('',#6675,(#6679,#6686),.PCURVE_S1.);
#6675 = LINE('',#6676,#6677);
#6676 = CARTESIAN_POINT('',(-5.25,3.75,3.75));
#6677 = VECTOR('',#6678,1.);
#6678 = DIRECTION('',(1.,0.,0.));
#6679 = PCURVE('',#6550,#6680);
#6680 = DEFINITIONAL_REPRESENTATION('',(#6681),#6685);
#6681 = LINE('',#6682,#6683);
#6682 = CARTESIAN_POINT('',(0.,0.));
#6683 = VECTOR('',#6684,1.);
#6684 = DIRECTION('',(1.,0.));
#6685 = ( GEOMETRIC_REPRESENTATION_CONTEXT(2) 
PARAMETRIC_REPRESENTATION_CONTEXT() REPRESENTATION_CONTEXT('2D SPACE',''
  ) );
#6686 = PCURVE('',#6687,#6692);
#6687 = PLANE('',#6688);
#6688 = AXIS2_PLACEMENT_3D('',#6689,#6690,#6691);
#6689 = CARTESIAN_POINT('',(-5.25,3.75,0.15));
#6690 = DIRECTION('',(0.,1.,0.));
#6691 = DIRECTION('',(0.,0.,1.));
#6692 = DEFINITIONAL_REPRESENTATION('',(#6693),#6697);
#6693 = LINE('',#6694,#6695);
#6694 = CARTESIAN_POINT('',(3.6,0.));
#6695 = VECTOR('',#6696,1.);
#6696 = DIRECTION('',(0.,1.));
#6697 = ( GEOMETRIC_REPRESENTATION_CONTEXT(2) 
PARAMETRIC_REPRESENTATION_CONTEXT() REPRESENTATION_CONTEXT('2D SPACE',''
  ) );
#6698 = ORIENTED_EDGE('',*,*,#6699,.F.);
#6699 = EDGE_CURVE('',#6700,#6672,#6702,.T.);
#6700 = VERTEX_POINT('',#6701);
#6701 = CARTESIAN_POINT('',(-4.75,3.77,3.75));
#6702 = SURFACE_CURVE('',#6703,(#6707,#6714),.PCURVE_S1.);
#6703 = LINE('',#6704,#6705);
#6704 = CARTESIAN_POINT('',(-4.885,3.635,3.75));
#6705 = VECTOR('',#6706,1.);
#6706 = DIRECTION('',(-0.707106781187,-0.707106781187,0.));
#6707 = PCURVE('',#6550,#6708);
#6708 = DEFINITIONAL_REPRESENTATION('',(#6709),#6713);
#6709 = LINE('',#6710,#6711);
#6710 = CARTESIAN_POINT('',(0.365,-0.115));
#6711 = VECTOR('',#6712,1.);
#6712 = DIRECTION('',(-0.707106781187,-0.707106781187));
#6713 = ( GEOMETRIC_REPRESENTATION_CONTEXT(2) 
PARAMETRIC_REPRESENTATION_CONTEXT() REPRESENTATION_CONTEXT('2D SPACE',''
  ) );
#6714 = PCURVE('',#6715,#6720);
#6715 = PLANE('',#6716);
#6716 = AXIS2_PLACEMENT_3D('',#6717,#6718,#6719);
#6717 = CARTESIAN_POINT('',(-4.76,3.76,0.15));
#6718 = DIRECTION('',(-0.707106781187,0.707106781187,-6.03532729936E-20)
  );
#6719 = DIRECTION('',(4.267620860058E-20,-4.267620860057E-20,-1.));
#6720 = DEFINITIONAL_REPRESENTATION('',(#6721),#6725);
#6721 = LINE('',#6722,#6723);
#6722 = CARTESIAN_POINT('',(-3.6,0.176776695297));
#6723 = VECTOR('',#6724,1.);
#6724 = DIRECTION('',(2.460075202414E-36,1.));
#6725 = ( GEOMETRIC_REPRESENTATION_CONTEXT(2) 
PARAMETRIC_REPRESENTATION_CONTEXT() REPRESENTATION_CONTEXT('2D SPACE',''
  ) );
#6726 = ORIENTED_EDGE('',*,*,#6727,.T.);
#6727 = EDGE_CURVE('',#6700,#6728,#6730,.T.);
#6728 = VERTEX_POINT('',#6729);
#6729 = CARTESIAN_POINT('',(-4.75,4.23,3.75));
#6730 = SURFACE_CURVE('',#6731,(#6735,#6742),.PCURVE_S1.);
#6731 = LINE('',#6732,#6733);
#6732 = CARTESIAN_POINT('',(-4.75,3.75,3.75));
#6733 = VECTOR('',#6734,1.);
#6734 = DIRECTION('',(0.,1.,0.));
#6735 = PCURVE('',#6550,#6736);
#6736 = DEFINITIONAL_REPRESENTATION('',(#6737),#6741);
#6737 = LINE('',#6738,#6739);
#6738 = CARTESIAN_POINT('',(0.5,0.));
#6739 = VECTOR('',#6740,1.);
#6740 = DIRECTION('',(0.,1.));
#6741 = ( GEOMETRIC_REPRESENTATION_CONTEXT(2) 
PARAMETRIC_REPRESENTATION_CONTEXT() REPRESENTATION_CONTEXT('2D SPACE',''
  ) );
#6742 = PCURVE('',#6743,#6748);
#6743 = PLANE('',#6744);
#6744 = AXIS2_PLACEMENT_3D('',#6745,#6746,#6747);
#6745 = CARTESIAN_POINT('',(-4.75,3.75,0.15));
#6746 = DIRECTION('',(1.,0.,0.));
#6747 = DIRECTION('',(0.,0.,1.));
#6748 = DEFINITIONAL_REPRESENTATION('',(#6749),#6753);
#6749 = LINE('',#6750,#6751);
#6750 = CARTESIAN_POINT('',(3.6,0.));
#6751 = VECTOR('',#6752,1.);
#6752 = DIRECTION('',(0.,-1.));
#6753 = ( GEOMETRIC_REPRESENTATION_CONTEXT(2) 
PARAMETRIC_REPRESENTATION_CONTEXT() REPRESENTATION_CONTEXT('2D SPACE',''
  ) );
#6754 = ORIENTED_EDGE('',*,*,#6755,.T.);
#6755 = EDGE_CURVE('',#6728,#6756,#6758,.T.);
#6756 = VERTEX_POINT('',#6757);
#6757 = CARTESIAN_POINT('',(-4.77,4.25,3.75));
#6758 = SURFACE_CURVE('',#6759,(#6763,#6770),.PCURVE_S1.);
#6759 = LINE('',#6760,#6761);
#6760 = CARTESIAN_POINT('',(-4.76,4.24,3.75));
#6761 = VECTOR('',#6762,1.);
#6762 = DIRECTION('',(-0.707106781187,0.707106781187,0.));
#6763 = PCURVE('',#6550,#6764);
#6764 = DEFINITIONAL_REPRESENTATION('',(#6765),#6769);
#6765 = LINE('',#6766,#6767);
#6766 = CARTESIAN_POINT('',(0.49,0.49));
#6767 = VECTOR('',#6768,1.);
#6768 = DIRECTION('',(-0.707106781187,0.707106781187));
#6769 = ( GEOMETRIC_REPRESENTATION_CONTEXT(2) 
PARAMETRIC_REPRESENTATION_CONTEXT() REPRESENTATION_CONTEXT('2D SPACE',''
  ) );
#6770 = PCURVE('',#6771,#6776);
#6771 = PLANE('',#6772);
#6772 = AXIS2_PLACEMENT_3D('',#6773,#6774,#6775);
#6773 = CARTESIAN_POINT('',(-4.76,4.24,0.15));
#6774 = DIRECTION('',(0.707106781187,0.707106781187,-3.807659356174E-20)
  );
#6775 = DIRECTION('',(-2.692421751199E-20,-2.692421751199E-20,-1.));
#6776 = DEFINITIONAL_REPRESENTATION('',(#6777),#6781);
#6777 = LINE('',#6778,#6779);
#6778 = CARTESIAN_POINT('',(-3.6,-6.080474121895E-37));
#6779 = VECTOR('',#6780,1.);
#6780 = DIRECTION('',(1.48825141019E-37,1.));
#6781 = ( GEOMETRIC_REPRESENTATION_CONTEXT(2) 
PARAMETRIC_REPRESENTATION_CONTEXT() REPRESENTATION_CONTEXT('2D SPACE',''
  ) );
#6782 = ORIENTED_EDGE('',*,*,#6783,.F.);
#6783 = EDGE_CURVE('',#6784,#6756,#6786,.T.);
#6784 = VERTEX_POINT('',#6785);
#6785 = CARTESIAN_POINT('',(-5.23,4.25,3.75));
#6786 = SURFACE_CURVE('',#6787,(#6791,#6798),.PCURVE_S1.);
#6787 = LINE('',#6788,#6789);
#6788 = CARTESIAN_POINT('',(-5.25,4.25,3.75));
#6789 = VECTOR('',#6790,1.);
#6790 = DIRECTION('',(1.,0.,0.));
#6791 = PCURVE('',#6550,#6792);
#6792 = DEFINITIONAL_REPRESENTATION('',(#6793),#6797);
#6793 = LINE('',#6794,#6795);
#6794 = CARTESIAN_POINT('',(0.,0.5));
#6795 = VECTOR('',#6796,1.);
#6796 = DIRECTION('',(1.,0.));
#6797 = ( GEOMETRIC_REPRESENTATION_CONTEXT(2) 
PARAMETRIC_REPRESENTATION_CONTEXT() REPRESENTATION_CONTEXT('2D SPACE',''
  ) );
#6798 = PCURVE('',#6799,#6804);
#6799 = PLANE('',#6800);
#6800 = AXIS2_PLACEMENT_3D('',#6801,#6802,#6803);
#6801 = CARTESIAN_POINT('',(-5.25,4.25,0.15));
#6802 = DIRECTION('',(0.,1.,0.));
#6803 = DIRECTION('',(0.,0.,1.));
#6804 = DEFINITIONAL_REPRESENTATION('',(#6805),#6809);
#6805 = LINE('',#6806,#6807);
#6806 = CARTESIAN_POINT('',(3.6,0.));
#6807 = VECTOR('',#6808,1.);
#6808 = DIRECTION('',(0.,1.));
#6809 = ( GEOMETRIC_REPRESENTATION_CONTEXT(2) 
PARAMETRIC_REPRESENTATION_CONTEXT() REPRESENTATION_CONTEXT('2D SPACE',''
  ) );
#6810 = ORIENTED_EDGE('',*,*,#6811,.F.);
#6811 = EDGE_CURVE('',#6530,#6784,#6812,.T.);
#6812 = SURFACE_CURVE('',#6813,(#6817,#6824),.PCURVE_S1.);
#6813 = LINE('',#6814,#6815);
#6814 = CARTESIAN_POINT('',(-5.365,4.115,3.75));
#6815 = VECTOR('',#6816,1.);
#6816 = DIRECTION('',(0.707106781187,0.707106781187,-0.));
#6817 = PCURVE('',#6550,#6818);
#6818 = DEFINITIONAL_REPRESENTATION('',(#6819),#6823);
#6819 = LINE('',#6820,#6821);
#6820 = CARTESIAN_POINT('',(-0.115,0.365));
#6821 = VECTOR('',#6822,1.);
#6822 = DIRECTION('',(0.707106781187,0.707106781187));
#6823 = ( GEOMETRIC_REPRESENTATION_CONTEXT(2) 
PARAMETRIC_REPRESENTATION_CONTEXT() REPRESENTATION_CONTEXT('2D SPACE',''
  ) );
#6824 = PCURVE('',#6632,#6825);
#6825 = DEFINITIONAL_REPRESENTATION('',(#6826),#6830);
#6826 = LINE('',#6827,#6828);
#6827 = CARTESIAN_POINT('',(-3.6,-0.176776695297));
#6828 = VECTOR('',#6829,1.);
#6829 = DIRECTION('',(1.48825141019E-37,1.));
#6830 = ( GEOMETRIC_REPRESENTATION_CONTEXT(2) 
PARAMETRIC_REPRESENTATION_CONTEXT() REPRESENTATION_CONTEXT('2D SPACE',''
  ) );
#6831 = ADVANCED_FACE('',(#6832),#6578,.T.);
#6832 = FACE_BOUND('',#6833,.F.);
#6833 = EDGE_LOOP('',(#6834,#6857,#6858,#6859));
#6834 = ORIENTED_EDGE('',*,*,#6835,.F.);
#6835 = EDGE_CURVE('',#6563,#6836,#6838,.T.);
#6836 = VERTEX_POINT('',#6837);
#6837 = CARTESIAN_POINT('',(-5.23,3.75,0.15));
#6838 = SURFACE_CURVE('',#6839,(#6843,#6850),.PCURVE_S1.);
#6839 = LINE('',#6840,#6841);
#6840 = CARTESIAN_POINT('',(-5.24,3.76,0.15));
#6841 = VECTOR('',#6842,1.);
#6842 = DIRECTION('',(0.707106781187,-0.707106781187,0.));
#6843 = PCURVE('',#6578,#6844);
#6844 = DEFINITIONAL_REPRESENTATION('',(#6845),#6849);
#6845 = LINE('',#6846,#6847);
#6846 = CARTESIAN_POINT('',(-0.,0.));
#6847 = VECTOR('',#6848,1.);
#6848 = DIRECTION('',(2.460075202414E-36,1.));
#6849 = ( GEOMETRIC_REPRESENTATION_CONTEXT(2) 
PARAMETRIC_REPRESENTATION_CONTEXT() REPRESENTATION_CONTEXT('2D SPACE',''
  ) );
#6850 = PCURVE('',#6606,#6851);
#6851 = DEFINITIONAL_REPRESENTATION('',(#6852),#6856);
#6852 = LINE('',#6853,#6854);
#6853 = CARTESIAN_POINT('',(1.E-02,1.E-02));
#6854 = VECTOR('',#6855,1.);
#6855 = DIRECTION('',(0.707106781187,-0.707106781187));
#6856 = ( GEOMETRIC_REPRESENTATION_CONTEXT(2) 
PARAMETRIC_REPRESENTATION_CONTEXT() REPRESENTATION_CONTEXT('2D SPACE',''
  ) );
#6857 = ORIENTED_EDGE('',*,*,#6562,.T.);
#6858 = ORIENTED_EDGE('',*,*,#6648,.T.);
#6859 = ORIENTED_EDGE('',*,*,#6860,.F.);
#6860 = EDGE_CURVE('',#6836,#6649,#6861,.T.);
#6861 = SURFACE_CURVE('',#6862,(#6866,#6873),.PCURVE_S1.);
#6862 = LINE('',#6863,#6864);
#6863 = CARTESIAN_POINT('',(-5.23,3.75,0.15));
#6864 = VECTOR('',#6865,1.);
#6865 = DIRECTION('',(0.,0.,1.));
#6866 = PCURVE('',#6578,#6867);
#6867 = DEFINITIONAL_REPRESENTATION('',(#6868),#6872);
#6868 = LINE('',#6869,#6870);
#6869 = CARTESIAN_POINT('',(-0.,1.414213562373E-02));
#6870 = VECTOR('',#6871,1.);
#6871 = DIRECTION('',(-1.,0.));
#6872 = ( GEOMETRIC_REPRESENTATION_CONTEXT(2) 
PARAMETRIC_REPRESENTATION_CONTEXT() REPRESENTATION_CONTEXT('2D SPACE',''
  ) );
#6873 = PCURVE('',#6687,#6874);
#6874 = DEFINITIONAL_REPRESENTATION('',(#6875),#6879);
#6875 = LINE('',#6876,#6877);
#6876 = CARTESIAN_POINT('',(0.,2.E-02));
#6877 = VECTOR('',#6878,1.);
#6878 = DIRECTION('',(1.,0.));
#6879 = ( GEOMETRIC_REPRESENTATION_CONTEXT(2) 
PARAMETRIC_REPRESENTATION_CONTEXT() REPRESENTATION_CONTEXT('2D SPACE',''
  ) );
#6880 = ADVANCED_FACE('',(#6881),#6632,.F.);
#6881 = FACE_BOUND('',#6882,.T.);
#6882 = EDGE_LOOP('',(#6883,#6906,#6907,#6908));
#6883 = ORIENTED_EDGE('',*,*,#6884,.F.);
#6884 = EDGE_CURVE('',#6591,#6885,#6887,.T.);
#6885 = VERTEX_POINT('',#6886);
#6886 = CARTESIAN_POINT('',(-5.23,4.25,0.15));
#6887 = SURFACE_CURVE('',#6888,(#6892,#6899),.PCURVE_S1.);
#6888 = LINE('',#6889,#6890);
#6889 = CARTESIAN_POINT('',(-5.365,4.115,0.15));
#6890 = VECTOR('',#6891,1.);
#6891 = DIRECTION('',(0.707106781187,0.707106781187,-0.));
#6892 = PCURVE('',#6632,#6893);
#6893 = DEFINITIONAL_REPRESENTATION('',(#6894),#6898);
#6894 = LINE('',#6895,#6896);
#6895 = CARTESIAN_POINT('',(-0.,-0.176776695297));
#6896 = VECTOR('',#6897,1.);
#6897 = DIRECTION('',(1.48825141019E-37,1.));
#6898 = ( GEOMETRIC_REPRESENTATION_CONTEXT(2) 
PARAMETRIC_REPRESENTATION_CONTEXT() REPRESENTATION_CONTEXT('2D SPACE',''
  ) );
#6899 = PCURVE('',#6606,#6900);
#6900 = DEFINITIONAL_REPRESENTATION('',(#6901),#6905);
#6901 = LINE('',#6902,#6903);
#6902 = CARTESIAN_POINT('',(-0.115,0.365));
#6903 = VECTOR('',#6904,1.);
#6904 = DIRECTION('',(0.707106781187,0.707106781187));
#6905 = ( GEOMETRIC_REPRESENTATION_CONTEXT(2) 
PARAMETRIC_REPRESENTATION_CONTEXT() REPRESENTATION_CONTEXT('2D SPACE',''
  ) );
#6906 = ORIENTED_EDGE('',*,*,#6618,.T.);
#6907 = ORIENTED_EDGE('',*,*,#6811,.T.);
#6908 = ORIENTED_EDGE('',*,*,#6909,.F.);
#6909 = EDGE_CURVE('',#6885,#6784,#6910,.T.);
#6910 = SURFACE_CURVE('',#6911,(#6915,#6922),.PCURVE_S1.);
#6911 = LINE('',#6912,#6913);
#6912 = CARTESIAN_POINT('',(-5.23,4.25,0.15));
#6913 = VECTOR('',#6914,1.);
#6914 = DIRECTION('',(0.,0.,1.));
#6915 = PCURVE('',#6632,#6916);
#6916 = DEFINITIONAL_REPRESENTATION('',(#6917),#6921);
#6917 = LINE('',#6918,#6919);
#6918 = CARTESIAN_POINT('',(-0.,1.414213562373E-02));
#6919 = VECTOR('',#6920,1.);
#6920 = DIRECTION('',(-1.,0.));
#6921 = ( GEOMETRIC_REPRESENTATION_CONTEXT(2) 
PARAMETRIC_REPRESENTATION_CONTEXT() REPRESENTATION_CONTEXT('2D SPACE',''
  ) );
#6922 = PCURVE('',#6799,#6923);
#6923 = DEFINITIONAL_REPRESENTATION('',(#6924),#6928);
#6924 = LINE('',#6925,#6926);
#6925 = CARTESIAN_POINT('',(0.,2.E-02));
#6926 = VECTOR('',#6927,1.);
#6927 = DIRECTION('',(1.,0.));
#6928 = ( GEOMETRIC_REPRESENTATION_CONTEXT(2) 
PARAMETRIC_REPRESENTATION_CONTEXT() REPRESENTATION_CONTEXT('2D SPACE',''
  ) );
#6929 = ADVANCED_FACE('',(#6930),#6606,.F.);
#6930 = FACE_BOUND('',#6931,.F.);
#6931 = EDGE_LOOP('',(#6932,#6933,#6934,#6957,#6980,#7003,#7026,#7047));
#6932 = ORIENTED_EDGE('',*,*,#6590,.F.);
#6933 = ORIENTED_EDGE('',*,*,#6835,.T.);
#6934 = ORIENTED_EDGE('',*,*,#6935,.T.);
#6935 = EDGE_CURVE('',#6836,#6936,#6938,.T.);
#6936 = VERTEX_POINT('',#6937);
#6937 = CARTESIAN_POINT('',(-4.77,3.75,0.15));
#6938 = SURFACE_CURVE('',#6939,(#6943,#6950),.PCURVE_S1.);
#6939 = LINE('',#6940,#6941);
#6940 = CARTESIAN_POINT('',(-5.25,3.75,0.15));
#6941 = VECTOR('',#6942,1.);
#6942 = DIRECTION('',(1.,0.,0.));
#6943 = PCURVE('',#6606,#6944);
#6944 = DEFINITIONAL_REPRESENTATION('',(#6945),#6949);
#6945 = LINE('',#6946,#6947);
#6946 = CARTESIAN_POINT('',(0.,0.));
#6947 = VECTOR('',#6948,1.);
#6948 = DIRECTION('',(1.,0.));
#6949 = ( GEOMETRIC_REPRESENTATION_CONTEXT(2) 
PARAMETRIC_REPRESENTATION_CONTEXT() REPRESENTATION_CONTEXT('2D SPACE',''
  ) );
#6950 = PCURVE('',#6687,#6951);
#6951 = DEFINITIONAL_REPRESENTATION('',(#6952),#6956);
#6952 = LINE('',#6953,#6954);
#6953 = CARTESIAN_POINT('',(0.,0.));
#6954 = VECTOR('',#6955,1.);
#6955 = DIRECTION('',(0.,1.));
#6956 = ( GEOMETRIC_REPRESENTATION_CONTEXT(2) 
PARAMETRIC_REPRESENTATION_CONTEXT() REPRESENTATION_CONTEXT('2D SPACE',''
  ) );
#6957 = ORIENTED_EDGE('',*,*,#6958,.F.);
#6958 = EDGE_CURVE('',#6959,#6936,#6961,.T.);
#6959 = VERTEX_POINT('',#6960);
#6960 = CARTESIAN_POINT('',(-4.75,3.77,0.15));
#6961 = SURFACE_CURVE('',#6962,(#6966,#6973),.PCURVE_S1.);
#6962 = LINE('',#6963,#6964);
#6963 = CARTESIAN_POINT('',(-4.885,3.635,0.15));
#6964 = VECTOR('',#6965,1.);
#6965 = DIRECTION('',(-0.707106781187,-0.707106781187,0.));
#6966 = PCURVE('',#6606,#6967);
#6967 = DEFINITIONAL_REPRESENTATION('',(#6968),#6972);
#6968 = LINE('',#6969,#6970);
#6969 = CARTESIAN_POINT('',(0.365,-0.115));
#6970 = VECTOR('',#6971,1.);
#6971 = DIRECTION('',(-0.707106781187,-0.707106781187));
#6972 = ( GEOMETRIC_REPRESENTATION_CONTEXT(2) 
PARAMETRIC_REPRESENTATION_CONTEXT() REPRESENTATION_CONTEXT('2D SPACE',''
  ) );
#6973 = PCURVE('',#6715,#6974);
#6974 = DEFINITIONAL_REPRESENTATION('',(#6975),#6979);
#6975 = LINE('',#6976,#6977);
#6976 = CARTESIAN_POINT('',(-4.401409829668E-36,0.176776695297));
#6977 = VECTOR('',#6978,1.);
#6978 = DIRECTION('',(2.460075202414E-36,1.));
#6979 = ( GEOMETRIC_REPRESENTATION_CONTEXT(2) 
PARAMETRIC_REPRESENTATION_CONTEXT() REPRESENTATION_CONTEXT('2D SPACE',''
  ) );
#6980 = ORIENTED_EDGE('',*,*,#6981,.T.);
#6981 = EDGE_CURVE('',#6959,#6982,#6984,.T.);
#6982 = VERTEX_POINT('',#6983);
#6983 = CARTESIAN_POINT('',(-4.75,4.23,0.15));
#6984 = SURFACE_CURVE('',#6985,(#6989,#6996),.PCURVE_S1.);
#6985 = LINE('',#6986,#6987);
#6986 = CARTESIAN_POINT('',(-4.75,3.75,0.15));
#6987 = VECTOR('',#6988,1.);
#6988 = DIRECTION('',(0.,1.,0.));
#6989 = PCURVE('',#6606,#6990);
#6990 = DEFINITIONAL_REPRESENTATION('',(#6991),#6995);
#6991 = LINE('',#6992,#6993);
#6992 = CARTESIAN_POINT('',(0.5,0.));
#6993 = VECTOR('',#6994,1.);
#6994 = DIRECTION('',(0.,1.));
#6995 = ( GEOMETRIC_REPRESENTATION_CONTEXT(2) 
PARAMETRIC_REPRESENTATION_CONTEXT() REPRESENTATION_CONTEXT('2D SPACE',''
  ) );
#6996 = PCURVE('',#6743,#6997);
#6997 = DEFINITIONAL_REPRESENTATION('',(#6998),#7002);
#6998 = LINE('',#6999,#7000);
#6999 = CARTESIAN_POINT('',(0.,0.));
#7000 = VECTOR('',#7001,1.);
#7001 = DIRECTION('',(0.,-1.));
#7002 = ( GEOMETRIC_REPRESENTATION_CONTEXT(2) 
PARAMETRIC_REPRESENTATION_CONTEXT() REPRESENTATION_CONTEXT('2D SPACE',''
  ) );
#7003 = ORIENTED_EDGE('',*,*,#7004,.T.);
#7004 = EDGE_CURVE('',#6982,#7005,#7007,.T.);
#7005 = VERTEX_POINT('',#7006);
#7006 = CARTESIAN_POINT('',(-4.77,4.25,0.15));
#7007 = SURFACE_CURVE('',#7008,(#7012,#7019),.PCURVE_S1.);
#7008 = LINE('',#7009,#7010);
#7009 = CARTESIAN_POINT('',(-4.76,4.24,0.15));
#7010 = VECTOR('',#7011,1.);
#7011 = DIRECTION('',(-0.707106781187,0.707106781187,0.));
#7012 = PCURVE('',#6606,#7013);
#7013 = DEFINITIONAL_REPRESENTATION('',(#7014),#7018);
#7014 = LINE('',#7015,#7016);
#7015 = CARTESIAN_POINT('',(0.49,0.49));
#7016 = VECTOR('',#7017,1.);
#7017 = DIRECTION('',(-0.707106781187,0.707106781187));
#7018 = ( GEOMETRIC_REPRESENTATION_CONTEXT(2) 
PARAMETRIC_REPRESENTATION_CONTEXT() REPRESENTATION_CONTEXT('2D SPACE',''
  ) );
#7019 = PCURVE('',#6771,#7020);
#7020 = DEFINITIONAL_REPRESENTATION('',(#7021),#7025);
#7021 = LINE('',#7022,#7023);
#7022 = CARTESIAN_POINT('',(-0.,0.));
#7023 = VECTOR('',#7024,1.);
#7024 = DIRECTION('',(1.48825141019E-37,1.));
#7025 = ( GEOMETRIC_REPRESENTATION_CONTEXT(2) 
PARAMETRIC_REPRESENTATION_CONTEXT() REPRESENTATION_CONTEXT('2D SPACE',''
  ) );
#7026 = ORIENTED_EDGE('',*,*,#7027,.F.);
#7027 = EDGE_CURVE('',#6885,#7005,#7028,.T.);
#7028 = SURFACE_CURVE('',#7029,(#7033,#7040),.PCURVE_S1.);
#7029 = LINE('',#7030,#7031);
#7030 = CARTESIAN_POINT('',(-5.25,4.25,0.15));
#7031 = VECTOR('',#7032,1.);
#7032 = DIRECTION('',(1.,0.,0.));
#7033 = PCURVE('',#6606,#7034);
#7034 = DEFINITIONAL_REPRESENTATION('',(#7035),#7039);
#7035 = LINE('',#7036,#7037);
#7036 = CARTESIAN_POINT('',(0.,0.5));
#7037 = VECTOR('',#7038,1.);
#7038 = DIRECTION('',(1.,0.));
#7039 = ( GEOMETRIC_REPRESENTATION_CONTEXT(2) 
PARAMETRIC_REPRESENTATION_CONTEXT() REPRESENTATION_CONTEXT('2D SPACE',''
  ) );
#7040 = PCURVE('',#6799,#7041);
#7041 = DEFINITIONAL_REPRESENTATION('',(#7042),#7046);
#7042 = LINE('',#7043,#7044);
#7043 = CARTESIAN_POINT('',(0.,0.));
#7044 = VECTOR('',#7045,1.);
#7045 = DIRECTION('',(0.,1.));
#7046 = ( GEOMETRIC_REPRESENTATION_CONTEXT(2) 
PARAMETRIC_REPRESENTATION_CONTEXT() REPRESENTATION_CONTEXT('2D SPACE',''
  ) );
#7047 = ORIENTED_EDGE('',*,*,#6884,.F.);
#7048 = ADVANCED_FACE('',(#7049),#6687,.F.);
#7049 = FACE_BOUND('',#7050,.F.);
#7050 = EDGE_LOOP('',(#7051,#7052,#7053,#7054));
#7051 = ORIENTED_EDGE('',*,*,#6935,.F.);
#7052 = ORIENTED_EDGE('',*,*,#6860,.T.);
#7053 = ORIENTED_EDGE('',*,*,#6671,.T.);
#7054 = ORIENTED_EDGE('',*,*,#7055,.F.);
#7055 = EDGE_CURVE('',#6936,#6672,#7056,.T.);
#7056 = SURFACE_CURVE('',#7057,(#7061,#7068),.PCURVE_S1.);
#7057 = LINE('',#7058,#7059);
#7058 = CARTESIAN_POINT('',(-4.77,3.75,0.15));
#7059 = VECTOR('',#7060,1.);
#7060 = DIRECTION('',(0.,0.,1.));
#7061 = PCURVE('',#6687,#7062);
#7062 = DEFINITIONAL_REPRESENTATION('',(#7063),#7067);
#7063 = LINE('',#7064,#7065);
#7064 = CARTESIAN_POINT('',(0.,0.48));
#7065 = VECTOR('',#7066,1.);
#7066 = DIRECTION('',(1.,0.));
#7067 = ( GEOMETRIC_REPRESENTATION_CONTEXT(2) 
PARAMETRIC_REPRESENTATION_CONTEXT() REPRESENTATION_CONTEXT('2D SPACE',''
  ) );
#7068 = PCURVE('',#6715,#7069);
#7069 = DEFINITIONAL_REPRESENTATION('',(#7070),#7074);
#7070 = LINE('',#7071,#7072);
#7071 = CARTESIAN_POINT('',(-0.,1.414213562373E-02));
#7072 = VECTOR('',#7073,1.);
#7073 = DIRECTION('',(-1.,0.));
#7074 = ( GEOMETRIC_REPRESENTATION_CONTEXT(2) 
PARAMETRIC_REPRESENTATION_CONTEXT() REPRESENTATION_CONTEXT('2D SPACE',''
  ) );
#7075 = ADVANCED_FACE('',(#7076),#6799,.T.);
#7076 = FACE_BOUND('',#7077,.T.);
#7077 = EDGE_LOOP('',(#7078,#7079,#7080,#7081));
#7078 = ORIENTED_EDGE('',*,*,#7027,.F.);
#7079 = ORIENTED_EDGE('',*,*,#6909,.T.);
#7080 = ORIENTED_EDGE('',*,*,#6783,.T.);
#7081 = ORIENTED_EDGE('',*,*,#7082,.F.);
#7082 = EDGE_CURVE('',#7005,#6756,#7083,.T.);
#7083 = SURFACE_CURVE('',#7084,(#7088,#7095),.PCURVE_S1.);
#7084 = LINE('',#7085,#7086);
#7085 = CARTESIAN_POINT('',(-4.77,4.25,0.15));
#7086 = VECTOR('',#7087,1.);
#7087 = DIRECTION('',(0.,0.,1.));
#7088 = PCURVE('',#6799,#7089);
#7089 = DEFINITIONAL_REPRESENTATION('',(#7090),#7094);
#7090 = LINE('',#7091,#7092);
#7091 = CARTESIAN_POINT('',(0.,0.48));
#7092 = VECTOR('',#7093,1.);
#7093 = DIRECTION('',(1.,0.));
#7094 = ( GEOMETRIC_REPRESENTATION_CONTEXT(2) 
PARAMETRIC_REPRESENTATION_CONTEXT() REPRESENTATION_CONTEXT('2D SPACE',''
  ) );
#7095 = PCURVE('',#6771,#7096);
#7096 = DEFINITIONAL_REPRESENTATION('',(#7097),#7101);
#7097 = LINE('',#7098,#7099);
#7098 = CARTESIAN_POINT('',(-0.,1.414213562373E-02));
#7099 = VECTOR('',#7100,1.);
#7100 = DIRECTION('',(-1.,0.));
#7101 = ( GEOMETRIC_REPRESENTATION_CONTEXT(2) 
PARAMETRIC_REPRESENTATION_CONTEXT() REPRESENTATION_CONTEXT('2D SPACE',''
  ) );
#7102 = ADVANCED_FACE('',(#7103),#6715,.F.);
#7103 = FACE_BOUND('',#7104,.T.);
#7104 = EDGE_LOOP('',(#7105,#7106,#7127,#7128));
#7105 = ORIENTED_EDGE('',*,*,#6958,.F.);
#7106 = ORIENTED_EDGE('',*,*,#7107,.T.);
#7107 = EDGE_CURVE('',#6959,#6700,#7108,.T.);
#7108 = SURFACE_CURVE('',#7109,(#7113,#7120),.PCURVE_S1.);
#7109 = LINE('',#7110,#7111);
#7110 = CARTESIAN_POINT('',(-4.75,3.77,0.15));
#7111 = VECTOR('',#7112,1.);
#7112 = DIRECTION('',(0.,0.,1.));
#7113 = PCURVE('',#6715,#7114);
#7114 = DEFINITIONAL_REPRESENTATION('',(#7115),#7119);
#7115 = LINE('',#7116,#7117);
#7116 = CARTESIAN_POINT('',(-0.,-1.414213562373E-02));
#7117 = VECTOR('',#7118,1.);
#7118 = DIRECTION('',(-1.,0.));
#7119 = ( GEOMETRIC_REPRESENTATION_CONTEXT(2) 
PARAMETRIC_REPRESENTATION_CONTEXT() REPRESENTATION_CONTEXT('2D SPACE',''
  ) );
#7120 = PCURVE('',#6743,#7121);
#7121 = DEFINITIONAL_REPRESENTATION('',(#7122),#7126);
#7122 = LINE('',#7123,#7124);
#7123 = CARTESIAN_POINT('',(0.,-2.E-02));
#7124 = VECTOR('',#7125,1.);
#7125 = DIRECTION('',(1.,0.));
#7126 = ( GEOMETRIC_REPRESENTATION_CONTEXT(2) 
PARAMETRIC_REPRESENTATION_CONTEXT() REPRESENTATION_CONTEXT('2D SPACE',''
  ) );
#7127 = ORIENTED_EDGE('',*,*,#6699,.T.);
#7128 = ORIENTED_EDGE('',*,*,#7055,.F.);
#7129 = ADVANCED_FACE('',(#7130),#6771,.T.);
#7130 = FACE_BOUND('',#7131,.F.);
#7131 = EDGE_LOOP('',(#7132,#7133,#7154,#7155));
#7132 = ORIENTED_EDGE('',*,*,#7004,.F.);
#7133 = ORIENTED_EDGE('',*,*,#7134,.T.);
#7134 = EDGE_CURVE('',#6982,#6728,#7135,.T.);
#7135 = SURFACE_CURVE('',#7136,(#7140,#7147),.PCURVE_S1.);
#7136 = LINE('',#7137,#7138);
#7137 = CARTESIAN_POINT('',(-4.75,4.23,0.15));
#7138 = VECTOR('',#7139,1.);
#7139 = DIRECTION('',(0.,0.,1.));
#7140 = PCURVE('',#6771,#7141);
#7141 = DEFINITIONAL_REPRESENTATION('',(#7142),#7146);
#7142 = LINE('',#7143,#7144);
#7143 = CARTESIAN_POINT('',(-0.,-1.414213562373E-02));
#7144 = VECTOR('',#7145,1.);
#7145 = DIRECTION('',(-1.,0.));
#7146 = ( GEOMETRIC_REPRESENTATION_CONTEXT(2) 
PARAMETRIC_REPRESENTATION_CONTEXT() REPRESENTATION_CONTEXT('2D SPACE',''
  ) );
#7147 = PCURVE('',#6743,#7148);
#7148 = DEFINITIONAL_REPRESENTATION('',(#7149),#7153);
#7149 = LINE('',#7150,#7151);
#7150 = CARTESIAN_POINT('',(0.,-0.48));
#7151 = VECTOR('',#7152,1.);
#7152 = DIRECTION('',(1.,0.));
#7153 = ( GEOMETRIC_REPRESENTATION_CONTEXT(2) 
PARAMETRIC_REPRESENTATION_CONTEXT() REPRESENTATION_CONTEXT('2D SPACE',''
  ) );
#7154 = ORIENTED_EDGE('',*,*,#6755,.T.);
#7155 = ORIENTED_EDGE('',*,*,#7082,.F.);
#7156 = ADVANCED_FACE('',(#7157),#6743,.T.);
#7157 = FACE_BOUND('',#7158,.T.);
#7158 = EDGE_LOOP('',(#7159,#7160,#7161,#7162));
#7159 = ORIENTED_EDGE('',*,*,#6727,.F.);
#7160 = ORIENTED_EDGE('',*,*,#7107,.F.);
#7161 = ORIENTED_EDGE('',*,*,#6981,.T.);
#7162 = ORIENTED_EDGE('',*,*,#7134,.T.);
#7163 = ( GEOMETRIC_REPRESENTATION_CONTEXT(3) 
GLOBAL_UNCERTAINTY_ASSIGNED_CONTEXT((#7167)) 
GLOBAL_UNIT_ASSIGNED_CONTEXT((#7164,#7165,#7166)) REPRESENTATION_CONTEXT
('Context #1','3D Context with UNIT and UNCERTAINTY') );
#7164 = ( LENGTH_UNIT() NAMED_UNIT(*) SI_UNIT(.MILLI.,.METRE.) );
#7165 = ( NAMED_UNIT(*) PLANE_ANGLE_UNIT() SI_UNIT($,.RADIAN.) );
#7166 = ( NAMED_UNIT(*) SI_UNIT($,.STERADIAN.) SOLID_ANGLE_UNIT() );
#7167 = UNCERTAINTY_MEASURE_WITH_UNIT(LENGTH_MEASURE(5.E-05),#7164,
  'distance_accuracy_value','confusion accuracy');
#7168 = CONTEXT_DEPENDENT_SHAPE_REPRESENTATION(#7169,#7171);
#7169 = ( REPRESENTATION_RELATIONSHIP('','',#6520,#10) 
REPRESENTATION_RELATIONSHIP_WITH_TRANSFORMATION(#7170) 
SHAPE_REPRESENTATION_RELATIONSHIP() );
#7170 = ITEM_DEFINED_TRANSFORMATION('','',#11,#35);
#7171 = PRODUCT_DEFINITION_SHAPE('Placement','Placement of an item',
  #7172);
#7172 = NEXT_ASSEMBLY_USAGE_OCCURRENCE('198','trim_1','',#5,#6515,$);
#7173 = PRODUCT_RELATED_PRODUCT_CATEGORY('part',$,(#6517));
#7174 = SHAPE_DEFINITION_REPRESENTATION(#7175,#7181);
#7175 = PRODUCT_DEFINITION_SHAPE('','',#7176);
#7176 = PRODUCT_DEFINITION('design','',#7177,#7180);
#7177 = PRODUCT_DEFINITION_FORMATION('','',#7178);
#7178 = PRODUCT('trim_2','trim_2','',(#7179));
#7179 = PRODUCT_CONTEXT('',#2,'mechanical');
#7180 = PRODUCT_DEFINITION_CONTEXT('part definition',#2,'design');
#7181 = ADVANCED_BREP_SHAPE_REPRESENTATION('',(#11,#7182),#7824);
#7182 = MANIFOLD_SOLID_BREP('',#7183);
#7183 = CLOSED_SHELL('',(#7184,#7304,#7492,#7541,#7590,#7709,#7736,#7763
    ,#7790,#7817));
#7184 = ADVANCED_FACE('',(#7185),#7199,.F.);
#7185 = FACE_BOUND('',#7186,.F.);
#7186 = EDGE_LOOP('',(#7187,#7222,#7250,#7278));
#7187 = ORIENTED_EDGE('',*,*,#7188,.F.);
#7188 = EDGE_CURVE('',#7189,#7191,#7193,.T.);
#7189 = VERTEX_POINT('',#7190);
#7190 = CARTESIAN_POINT('',(4.75,-4.23,3.75));
#7191 = VERTEX_POINT('',#7192);
#7192 = CARTESIAN_POINT('',(4.75,-3.77,3.75));
#7193 = SURFACE_CURVE('',#7194,(#7198,#7210),.PCURVE_S1.);
#7194 = LINE('',#7195,#7196);
#7195 = CARTESIAN_POINT('',(4.75,-4.25,3.75));
#7196 = VECTOR('',#7197,1.);
#7197 = DIRECTION('',(0.,1.,0.));
#7198 = PCURVE('',#7199,#7204);
#7199 = PLANE('',#7200);
#7200 = AXIS2_PLACEMENT_3D('',#7201,#7202,#7203);
#7201 = CARTESIAN_POINT('',(4.75,-4.25,0.15));
#7202 = DIRECTION('',(1.,0.,0.));
#7203 = DIRECTION('',(0.,0.,1.));
#7204 = DEFINITIONAL_REPRESENTATION('',(#7205),#7209);
#7205 = LINE('',#7206,#7207);
#7206 = CARTESIAN_POINT('',(3.6,0.));
#7207 = VECTOR('',#7208,1.);
#7208 = DIRECTION('',(0.,-1.));
#7209 = ( GEOMETRIC_REPRESENTATION_CONTEXT(2) 
PARAMETRIC_REPRESENTATION_CONTEXT() REPRESENTATION_CONTEXT('2D SPACE',''
  ) );
#7210 = PCURVE('',#7211,#7216);
#7211 = PLANE('',#7212);
#7212 = AXIS2_PLACEMENT_3D('',#7213,#7214,#7215);
#7213 = CARTESIAN_POINT('',(4.75,-4.25,3.75));
#7214 = DIRECTION('',(0.,0.,1.));
#7215 = DIRECTION('',(1.,0.,0.));
#7216 = DEFINITIONAL_REPRESENTATION('',(#7217),#7221);
#7217 = LINE('',#7218,#7219);
#7218 = CARTESIAN_POINT('',(0.,0.));
#7219 = VECTOR('',#7220,1.);
#7220 = DIRECTION('',(0.,1.));
#7221 = ( GEOMETRIC_REPRESENTATION_CONTEXT(2) 
PARAMETRIC_REPRESENTATION_CONTEXT() REPRESENTATION_CONTEXT('2D SPACE',''
  ) );
#7222 = ORIENTED_EDGE('',*,*,#7223,.F.);
#7223 = EDGE_CURVE('',#7224,#7189,#7226,.T.);
#7224 = VERTEX_POINT('',#7225);
#7225 = CARTESIAN_POINT('',(4.75,-4.23,0.15));
#7226 = SURFACE_CURVE('',#7227,(#7231,#7238),.PCURVE_S1.);
#7227 = LINE('',#7228,#7229);
#7228 = CARTESIAN_POINT('',(4.75,-4.23,0.15));
#7229 = VECTOR('',#7230,1.);
#7230 = DIRECTION('',(0.,0.,1.));
#7231 = PCURVE('',#7199,#7232);
#7232 = DEFINITIONAL_REPRESENTATION('',(#7233),#7237);
#7233 = LINE('',#7234,#7235);
#7234 = CARTESIAN_POINT('',(0.,-2.E-02));
#7235 = VECTOR('',#7236,1.);
#7236 = DIRECTION('',(1.,0.));
#7237 = ( GEOMETRIC_REPRESENTATION_CONTEXT(2) 
PARAMETRIC_REPRESENTATION_CONTEXT() REPRESENTATION_CONTEXT('2D SPACE',''
  ) );
#7238 = PCURVE('',#7239,#7244);
#7239 = PLANE('',#7240);
#7240 = AXIS2_PLACEMENT_3D('',#7241,#7242,#7243);
#7241 = CARTESIAN_POINT('',(4.76,-4.24,0.15));
#7242 = DIRECTION('',(-0.707106781187,-0.707106781187,
    -3.807659356174E-20));
#7243 = DIRECTION('',(2.692421751199E-20,2.692421751199E-20,-1.));
#7244 = DEFINITIONAL_REPRESENTATION('',(#7245),#7249);
#7245 = LINE('',#7246,#7247);
#7246 = CARTESIAN_POINT('',(-0.,-1.414213562373E-02));
#7247 = VECTOR('',#7248,1.);
#7248 = DIRECTION('',(-1.,0.));
#7249 = ( GEOMETRIC_REPRESENTATION_CONTEXT(2) 
PARAMETRIC_REPRESENTATION_CONTEXT() REPRESENTATION_CONTEXT('2D SPACE',''
  ) );
#7250 = ORIENTED_EDGE('',*,*,#7251,.T.);
#7251 = EDGE_CURVE('',#7224,#7252,#7254,.T.);
#7252 = VERTEX_POINT('',#7253);
#7253 = CARTESIAN_POINT('',(4.75,-3.77,0.15));
#7254 = SURFACE_CURVE('',#7255,(#7259,#7266),.PCURVE_S1.);
#7255 = LINE('',#7256,#7257);
#7256 = CARTESIAN_POINT('',(4.75,-4.25,0.15));
#7257 = VECTOR('',#7258,1.);
#7258 = DIRECTION('',(0.,1.,0.));
#7259 = PCURVE('',#7199,#7260);
#7260 = DEFINITIONAL_REPRESENTATION('',(#7261),#7265);
#7261 = LINE('',#7262,#7263);
#7262 = CARTESIAN_POINT('',(0.,0.));
#7263 = VECTOR('',#7264,1.);
#7264 = DIRECTION('',(0.,-1.));
#7265 = ( GEOMETRIC_REPRESENTATION_CONTEXT(2) 
PARAMETRIC_REPRESENTATION_CONTEXT() REPRESENTATION_CONTEXT('2D SPACE',''
  ) );
#7266 = PCURVE('',#7267,#7272);
#7267 = PLANE('',#7268);
#7268 = AXIS2_PLACEMENT_3D('',#7269,#7270,#7271);
#7269 = CARTESIAN_POINT('',(4.75,-4.25,0.15));
#7270 = DIRECTION('',(0.,0.,1.));
#7271 = DIRECTION('',(1.,0.,0.));
#7272 = DEFINITIONAL_REPRESENTATION('',(#7273),#7277);
#7273 = LINE('',#7274,#7275);
#7274 = CARTESIAN_POINT('',(0.,0.));
#7275 = VECTOR('',#7276,1.);
#7276 = DIRECTION('',(0.,1.));
#7277 = ( GEOMETRIC_REPRESENTATION_CONTEXT(2) 
PARAMETRIC_REPRESENTATION_CONTEXT() REPRESENTATION_CONTEXT('2D SPACE',''
  ) );
#7278 = ORIENTED_EDGE('',*,*,#7279,.T.);
#7279 = EDGE_CURVE('',#7252,#7191,#7280,.T.);
#7280 = SURFACE_CURVE('',#7281,(#7285,#7292),.PCURVE_S1.);
#7281 = LINE('',#7282,#7283);
#7282 = CARTESIAN_POINT('',(4.75,-3.77,0.15));
#7283 = VECTOR('',#7284,1.);
#7284 = DIRECTION('',(0.,0.,1.));
#7285 = PCURVE('',#7199,#7286);
#7286 = DEFINITIONAL_REPRESENTATION('',(#7287),#7291);
#7287 = LINE('',#7288,#7289);
#7288 = CARTESIAN_POINT('',(0.,-0.48));
#7289 = VECTOR('',#7290,1.);
#7290 = DIRECTION('',(1.,0.));
#7291 = ( GEOMETRIC_REPRESENTATION_CONTEXT(2) 
PARAMETRIC_REPRESENTATION_CONTEXT() REPRESENTATION_CONTEXT('2D SPACE',''
  ) );
#7292 = PCURVE('',#7293,#7298);
#7293 = PLANE('',#7294);
#7294 = AXIS2_PLACEMENT_3D('',#7295,#7296,#7297);
#7295 = CARTESIAN_POINT('',(4.76,-3.76,0.15));
#7296 = DIRECTION('',(0.707106781187,-0.707106781187,-6.03532729936E-20)
  );
#7297 = DIRECTION('',(-4.267620860058E-20,4.267620860057E-20,-1.));
#7298 = DEFINITIONAL_REPRESENTATION('',(#7299),#7303);
#7299 = LINE('',#7300,#7301);
#7300 = CARTESIAN_POINT('',(-0.,-1.414213562373E-02));
#7301 = VECTOR('',#7302,1.);
#7302 = DIRECTION('',(-1.,0.));
#7303 = ( GEOMETRIC_REPRESENTATION_CONTEXT(2) 
PARAMETRIC_REPRESENTATION_CONTEXT() REPRESENTATION_CONTEXT('2D SPACE',''
  ) );
#7304 = ADVANCED_FACE('',(#7305),#7211,.T.);
#7305 = FACE_BOUND('',#7306,.T.);
#7306 = EDGE_LOOP('',(#7307,#7308,#7331,#7359,#7387,#7415,#7443,#7471));
#7307 = ORIENTED_EDGE('',*,*,#7188,.F.);
#7308 = ORIENTED_EDGE('',*,*,#7309,.T.);
#7309 = EDGE_CURVE('',#7189,#7310,#7312,.T.);
#7310 = VERTEX_POINT('',#7311);
#7311 = CARTESIAN_POINT('',(4.77,-4.25,3.75));
#7312 = SURFACE_CURVE('',#7313,(#7317,#7324),.PCURVE_S1.);
#7313 = LINE('',#7314,#7315);
#7314 = CARTESIAN_POINT('',(4.76,-4.24,3.75));
#7315 = VECTOR('',#7316,1.);
#7316 = DIRECTION('',(0.707106781187,-0.707106781187,0.));
#7317 = PCURVE('',#7211,#7318);
#7318 = DEFINITIONAL_REPRESENTATION('',(#7319),#7323);
#7319 = LINE('',#7320,#7321);
#7320 = CARTESIAN_POINT('',(1.E-02,1.E-02));
#7321 = VECTOR('',#7322,1.);
#7322 = DIRECTION('',(0.707106781187,-0.707106781187));
#7323 = ( GEOMETRIC_REPRESENTATION_CONTEXT(2) 
PARAMETRIC_REPRESENTATION_CONTEXT() REPRESENTATION_CONTEXT('2D SPACE',''
  ) );
#7324 = PCURVE('',#7239,#7325);
#7325 = DEFINITIONAL_REPRESENTATION('',(#7326),#7330);
#7326 = LINE('',#7327,#7328);
#7327 = CARTESIAN_POINT('',(-3.6,-6.080474121895E-37));
#7328 = VECTOR('',#7329,1.);
#7329 = DIRECTION('',(1.48825141019E-37,1.));
#7330 = ( GEOMETRIC_REPRESENTATION_CONTEXT(2) 
PARAMETRIC_REPRESENTATION_CONTEXT() REPRESENTATION_CONTEXT('2D SPACE',''
  ) );
#7331 = ORIENTED_EDGE('',*,*,#7332,.T.);
#7332 = EDGE_CURVE('',#7310,#7333,#7335,.T.);
#7333 = VERTEX_POINT('',#7334);
#7334 = CARTESIAN_POINT('',(5.23,-4.25,3.75));
#7335 = SURFACE_CURVE('',#7336,(#7340,#7347),.PCURVE_S1.);
#7336 = LINE('',#7337,#7338);
#7337 = CARTESIAN_POINT('',(4.75,-4.25,3.75));
#7338 = VECTOR('',#7339,1.);
#7339 = DIRECTION('',(1.,0.,0.));
#7340 = PCURVE('',#7211,#7341);
#7341 = DEFINITIONAL_REPRESENTATION('',(#7342),#7346);
#7342 = LINE('',#7343,#7344);
#7343 = CARTESIAN_POINT('',(0.,0.));
#7344 = VECTOR('',#7345,1.);
#7345 = DIRECTION('',(1.,0.));
#7346 = ( GEOMETRIC_REPRESENTATION_CONTEXT(2) 
PARAMETRIC_REPRESENTATION_CONTEXT() REPRESENTATION_CONTEXT('2D SPACE',''
  ) );
#7347 = PCURVE('',#7348,#7353);
#7348 = PLANE('',#7349);
#7349 = AXIS2_PLACEMENT_3D('',#7350,#7351,#7352);
#7350 = CARTESIAN_POINT('',(4.75,-4.25,0.15));
#7351 = DIRECTION('',(0.,1.,0.));
#7352 = DIRECTION('',(0.,0.,1.));
#7353 = DEFINITIONAL_REPRESENTATION('',(#7354),#7358);
#7354 = LINE('',#7355,#7356);
#7355 = CARTESIAN_POINT('',(3.6,0.));
#7356 = VECTOR('',#7357,1.);
#7357 = DIRECTION('',(0.,1.));
#7358 = ( GEOMETRIC_REPRESENTATION_CONTEXT(2) 
PARAMETRIC_REPRESENTATION_CONTEXT() REPRESENTATION_CONTEXT('2D SPACE',''
  ) );
#7359 = ORIENTED_EDGE('',*,*,#7360,.F.);
#7360 = EDGE_CURVE('',#7361,#7333,#7363,.T.);
#7361 = VERTEX_POINT('',#7362);
#7362 = CARTESIAN_POINT('',(5.25,-4.23,3.75));
#7363 = SURFACE_CURVE('',#7364,(#7368,#7375),.PCURVE_S1.);
#7364 = LINE('',#7365,#7366);
#7365 = CARTESIAN_POINT('',(5.115,-4.365,3.75));
#7366 = VECTOR('',#7367,1.);
#7367 = DIRECTION('',(-0.707106781187,-0.707106781187,0.));
#7368 = PCURVE('',#7211,#7369);
#7369 = DEFINITIONAL_REPRESENTATION('',(#7370),#7374);
#7370 = LINE('',#7371,#7372);
#7371 = CARTESIAN_POINT('',(0.365,-0.115));
#7372 = VECTOR('',#7373,1.);
#7373 = DIRECTION('',(-0.707106781187,-0.707106781187));
#7374 = ( GEOMETRIC_REPRESENTATION_CONTEXT(2) 
PARAMETRIC_REPRESENTATION_CONTEXT() REPRESENTATION_CONTEXT('2D SPACE',''
  ) );
#7375 = PCURVE('',#7376,#7381);
#7376 = PLANE('',#7377);
#7377 = AXIS2_PLACEMENT_3D('',#7378,#7379,#7380);
#7378 = CARTESIAN_POINT('',(5.24,-4.24,0.15));
#7379 = DIRECTION('',(-0.707106781187,0.707106781187,3.807659356174E-20)
  );
#7380 = DIRECTION('',(-2.692421751199E-20,2.692421751199E-20,-1.));
#7381 = DEFINITIONAL_REPRESENTATION('',(#7382),#7386);
#7382 = LINE('',#7383,#7384);
#7383 = CARTESIAN_POINT('',(-3.6,0.176776695297));
#7384 = VECTOR('',#7385,1.);
#7385 = DIRECTION('',(1.48825141019E-37,1.));
#7386 = ( GEOMETRIC_REPRESENTATION_CONTEXT(2) 
PARAMETRIC_REPRESENTATION_CONTEXT() REPRESENTATION_CONTEXT('2D SPACE',''
  ) );
#7387 = ORIENTED_EDGE('',*,*,#7388,.T.);
#7388 = EDGE_CURVE('',#7361,#7389,#7391,.T.);
#7389 = VERTEX_POINT('',#7390);
#7390 = CARTESIAN_POINT('',(5.25,-3.77,3.75));
#7391 = SURFACE_CURVE('',#7392,(#7396,#7403),.PCURVE_S1.);
#7392 = LINE('',#7393,#7394);
#7393 = CARTESIAN_POINT('',(5.25,-4.25,3.75));
#7394 = VECTOR('',#7395,1.);
#7395 = DIRECTION('',(0.,1.,0.));
#7396 = PCURVE('',#7211,#7397);
#7397 = DEFINITIONAL_REPRESENTATION('',(#7398),#7402);
#7398 = LINE('',#7399,#7400);
#7399 = CARTESIAN_POINT('',(0.5,0.));
#7400 = VECTOR('',#7401,1.);
#7401 = DIRECTION('',(0.,1.));
#7402 = ( GEOMETRIC_REPRESENTATION_CONTEXT(2) 
PARAMETRIC_REPRESENTATION_CONTEXT() REPRESENTATION_CONTEXT('2D SPACE',''
  ) );
#7403 = PCURVE('',#7404,#7409);
#7404 = PLANE('',#7405);
#7405 = AXIS2_PLACEMENT_3D('',#7406,#7407,#7408);
#7406 = CARTESIAN_POINT('',(5.25,-4.25,0.15));
#7407 = DIRECTION('',(1.,0.,0.));
#7408 = DIRECTION('',(0.,0.,1.));
#7409 = DEFINITIONAL_REPRESENTATION('',(#7410),#7414);
#7410 = LINE('',#7411,#7412);
#7411 = CARTESIAN_POINT('',(3.6,0.));
#7412 = VECTOR('',#7413,1.);
#7413 = DIRECTION('',(0.,-1.));
#7414 = ( GEOMETRIC_REPRESENTATION_CONTEXT(2) 
PARAMETRIC_REPRESENTATION_CONTEXT() REPRESENTATION_CONTEXT('2D SPACE',''
  ) );
#7415 = ORIENTED_EDGE('',*,*,#7416,.T.);
#7416 = EDGE_CURVE('',#7389,#7417,#7419,.T.);
#7417 = VERTEX_POINT('',#7418);
#7418 = CARTESIAN_POINT('',(5.23,-3.75,3.75));
#7419 = SURFACE_CURVE('',#7420,(#7424,#7431),.PCURVE_S1.);
#7420 = LINE('',#7421,#7422);
#7421 = CARTESIAN_POINT('',(5.24,-3.76,3.75));
#7422 = VECTOR('',#7423,1.);
#7423 = DIRECTION('',(-0.707106781187,0.707106781187,0.));
#7424 = PCURVE('',#7211,#7425);
#7425 = DEFINITIONAL_REPRESENTATION('',(#7426),#7430);
#7426 = LINE('',#7427,#7428);
#7427 = CARTESIAN_POINT('',(0.49,0.49));
#7428 = VECTOR('',#7429,1.);
#7429 = DIRECTION('',(-0.707106781187,0.707106781187));
#7430 = ( GEOMETRIC_REPRESENTATION_CONTEXT(2) 
PARAMETRIC_REPRESENTATION_CONTEXT() REPRESENTATION_CONTEXT('2D SPACE',''
  ) );
#7431 = PCURVE('',#7432,#7437);
#7432 = PLANE('',#7433);
#7433 = AXIS2_PLACEMENT_3D('',#7434,#7435,#7436);
#7434 = CARTESIAN_POINT('',(5.24,-3.76,0.15));
#7435 = DIRECTION('',(0.707106781187,0.707106781187,6.03532729936E-20));
#7436 = DIRECTION('',(4.267620860058E-20,4.267620860057E-20,-1.));
#7437 = DEFINITIONAL_REPRESENTATION('',(#7438),#7442);
#7438 = LINE('',#7439,#7440);
#7439 = CARTESIAN_POINT('',(-3.6,-3.768221900841E-15));
#7440 = VECTOR('',#7441,1.);
#7441 = DIRECTION('',(2.460075202414E-36,1.));
#7442 = ( GEOMETRIC_REPRESENTATION_CONTEXT(2) 
PARAMETRIC_REPRESENTATION_CONTEXT() REPRESENTATION_CONTEXT('2D SPACE',''
  ) );
#7443 = ORIENTED_EDGE('',*,*,#7444,.F.);
#7444 = EDGE_CURVE('',#7445,#7417,#7447,.T.);
#7445 = VERTEX_POINT('',#7446);
#7446 = CARTESIAN_POINT('',(4.77,-3.75,3.75));
#7447 = SURFACE_CURVE('',#7448,(#7452,#7459),.PCURVE_S1.);
#7448 = LINE('',#7449,#7450);
#7449 = CARTESIAN_POINT('',(4.75,-3.75,3.75));
#7450 = VECTOR('',#7451,1.);
#7451 = DIRECTION('',(1.,0.,0.));
#7452 = PCURVE('',#7211,#7453);
#7453 = DEFINITIONAL_REPRESENTATION('',(#7454),#7458);
#7454 = LINE('',#7455,#7456);
#7455 = CARTESIAN_POINT('',(0.,0.5));
#7456 = VECTOR('',#7457,1.);
#7457 = DIRECTION('',(1.,0.));
#7458 = ( GEOMETRIC_REPRESENTATION_CONTEXT(2) 
PARAMETRIC_REPRESENTATION_CONTEXT() REPRESENTATION_CONTEXT('2D SPACE',''
  ) );
#7459 = PCURVE('',#7460,#7465);
#7460 = PLANE('',#7461);
#7461 = AXIS2_PLACEMENT_3D('',#7462,#7463,#7464);
#7462 = CARTESIAN_POINT('',(4.75,-3.75,0.15));
#7463 = DIRECTION('',(0.,1.,0.));
#7464 = DIRECTION('',(0.,0.,1.));
#7465 = DEFINITIONAL_REPRESENTATION('',(#7466),#7470);
#7466 = LINE('',#7467,#7468);
#7467 = CARTESIAN_POINT('',(3.6,0.));
#7468 = VECTOR('',#7469,1.);
#7469 = DIRECTION('',(0.,1.));
#7470 = ( GEOMETRIC_REPRESENTATION_CONTEXT(2) 
PARAMETRIC_REPRESENTATION_CONTEXT() REPRESENTATION_CONTEXT('2D SPACE',''
  ) );
#7471 = ORIENTED_EDGE('',*,*,#7472,.F.);
#7472 = EDGE_CURVE('',#7191,#7445,#7473,.T.);
#7473 = SURFACE_CURVE('',#7474,(#7478,#7485),.PCURVE_S1.);
#7474 = LINE('',#7475,#7476);
#7475 = CARTESIAN_POINT('',(4.635,-3.885,3.75));
#7476 = VECTOR('',#7477,1.);
#7477 = DIRECTION('',(0.707106781187,0.707106781187,-0.));
#7478 = PCURVE('',#7211,#7479);
#7479 = DEFINITIONAL_REPRESENTATION('',(#7480),#7484);
#7480 = LINE('',#7481,#7482);
#7481 = CARTESIAN_POINT('',(-0.115,0.365));
#7482 = VECTOR('',#7483,1.);
#7483 = DIRECTION('',(0.707106781187,0.707106781187));
#7484 = ( GEOMETRIC_REPRESENTATION_CONTEXT(2) 
PARAMETRIC_REPRESENTATION_CONTEXT() REPRESENTATION_CONTEXT('2D SPACE',''
  ) );
#7485 = PCURVE('',#7293,#7486);
#7486 = DEFINITIONAL_REPRESENTATION('',(#7487),#7491);
#7487 = LINE('',#7488,#7489);
#7488 = CARTESIAN_POINT('',(-3.6,-0.176776695297));
#7489 = VECTOR('',#7490,1.);
#7490 = DIRECTION('',(2.460075202414E-36,1.));
#7491 = ( GEOMETRIC_REPRESENTATION_CONTEXT(2) 
PARAMETRIC_REPRESENTATION_CONTEXT() REPRESENTATION_CONTEXT('2D SPACE',''
  ) );
#7492 = ADVANCED_FACE('',(#7493),#7239,.T.);
#7493 = FACE_BOUND('',#7494,.F.);
#7494 = EDGE_LOOP('',(#7495,#7518,#7519,#7520));
#7495 = ORIENTED_EDGE('',*,*,#7496,.F.);
#7496 = EDGE_CURVE('',#7224,#7497,#7499,.T.);
#7497 = VERTEX_POINT('',#7498);
#7498 = CARTESIAN_POINT('',(4.77,-4.25,0.15));
#7499 = SURFACE_CURVE('',#7500,(#7504,#7511),.PCURVE_S1.);
#7500 = LINE('',#7501,#7502);
#7501 = CARTESIAN_POINT('',(4.76,-4.24,0.15));
#7502 = VECTOR('',#7503,1.);
#7503 = DIRECTION('',(0.707106781187,-0.707106781187,0.));
#7504 = PCURVE('',#7239,#7505);
#7505 = DEFINITIONAL_REPRESENTATION('',(#7506),#7510);
#7506 = LINE('',#7507,#7508);
#7507 = CARTESIAN_POINT('',(-0.,0.));
#7508 = VECTOR('',#7509,1.);
#7509 = DIRECTION('',(1.48825141019E-37,1.));
#7510 = ( GEOMETRIC_REPRESENTATION_CONTEXT(2) 
PARAMETRIC_REPRESENTATION_CONTEXT() REPRESENTATION_CONTEXT('2D SPACE',''
  ) );
#7511 = PCURVE('',#7267,#7512);
#7512 = DEFINITIONAL_REPRESENTATION('',(#7513),#7517);
#7513 = LINE('',#7514,#7515);
#7514 = CARTESIAN_POINT('',(1.E-02,1.E-02));
#7515 = VECTOR('',#7516,1.);
#7516 = DIRECTION('',(0.707106781187,-0.707106781187));
#7517 = ( GEOMETRIC_REPRESENTATION_CONTEXT(2) 
PARAMETRIC_REPRESENTATION_CONTEXT() REPRESENTATION_CONTEXT('2D SPACE',''
  ) );
#7518 = ORIENTED_EDGE('',*,*,#7223,.T.);
#7519 = ORIENTED_EDGE('',*,*,#7309,.T.);
#7520 = ORIENTED_EDGE('',*,*,#7521,.F.);
#7521 = EDGE_CURVE('',#7497,#7310,#7522,.T.);
#7522 = SURFACE_CURVE('',#7523,(#7527,#7534),.PCURVE_S1.);
#7523 = LINE('',#7524,#7525);
#7524 = CARTESIAN_POINT('',(4.77,-4.25,0.15));
#7525 = VECTOR('',#7526,1.);
#7526 = DIRECTION('',(0.,0.,1.));
#7527 = PCURVE('',#7239,#7528);
#7528 = DEFINITIONAL_REPRESENTATION('',(#7529),#7533);
#7529 = LINE('',#7530,#7531);
#7530 = CARTESIAN_POINT('',(-0.,1.414213562373E-02));
#7531 = VECTOR('',#7532,1.);
#7532 = DIRECTION('',(-1.,0.));
#7533 = ( GEOMETRIC_REPRESENTATION_CONTEXT(2) 
PARAMETRIC_REPRESENTATION_CONTEXT() REPRESENTATION_CONTEXT('2D SPACE',''
  ) );
#7534 = PCURVE('',#7348,#7535);
#7535 = DEFINITIONAL_REPRESENTATION('',(#7536),#7540);
#7536 = LINE('',#7537,#7538);
#7537 = CARTESIAN_POINT('',(0.,2.E-02));
#7538 = VECTOR('',#7539,1.);
#7539 = DIRECTION('',(1.,0.));
#7540 = ( GEOMETRIC_REPRESENTATION_CONTEXT(2) 
PARAMETRIC_REPRESENTATION_CONTEXT() REPRESENTATION_CONTEXT('2D SPACE',''
  ) );
#7541 = ADVANCED_FACE('',(#7542),#7293,.F.);
#7542 = FACE_BOUND('',#7543,.T.);
#7543 = EDGE_LOOP('',(#7544,#7567,#7568,#7569));
#7544 = ORIENTED_EDGE('',*,*,#7545,.F.);
#7545 = EDGE_CURVE('',#7252,#7546,#7548,.T.);
#7546 = VERTEX_POINT('',#7547);
#7547 = CARTESIAN_POINT('',(4.77,-3.75,0.15));
#7548 = SURFACE_CURVE('',#7549,(#7553,#7560),.PCURVE_S1.);
#7549 = LINE('',#7550,#7551);
#7550 = CARTESIAN_POINT('',(4.635,-3.885,0.15));
#7551 = VECTOR('',#7552,1.);
#7552 = DIRECTION('',(0.707106781187,0.707106781187,-0.));
#7553 = PCURVE('',#7293,#7554);
#7554 = DEFINITIONAL_REPRESENTATION('',(#7555),#7559);
#7555 = LINE('',#7556,#7557);
#7556 = CARTESIAN_POINT('',(4.513898307158E-36,-0.176776695297));
#7557 = VECTOR('',#7558,1.);
#7558 = DIRECTION('',(2.460075202414E-36,1.));
#7559 = ( GEOMETRIC_REPRESENTATION_CONTEXT(2) 
PARAMETRIC_REPRESENTATION_CONTEXT() REPRESENTATION_CONTEXT('2D SPACE',''
  ) );
#7560 = PCURVE('',#7267,#7561);
#7561 = DEFINITIONAL_REPRESENTATION('',(#7562),#7566);
#7562 = LINE('',#7563,#7564);
#7563 = CARTESIAN_POINT('',(-0.115,0.365));
#7564 = VECTOR('',#7565,1.);
#7565 = DIRECTION('',(0.707106781187,0.707106781187));
#7566 = ( GEOMETRIC_REPRESENTATION_CONTEXT(2) 
PARAMETRIC_REPRESENTATION_CONTEXT() REPRESENTATION_CONTEXT('2D SPACE',''
  ) );
#7567 = ORIENTED_EDGE('',*,*,#7279,.T.);
#7568 = ORIENTED_EDGE('',*,*,#7472,.T.);
#7569 = ORIENTED_EDGE('',*,*,#7570,.F.);
#7570 = EDGE_CURVE('',#7546,#7445,#7571,.T.);
#7571 = SURFACE_CURVE('',#7572,(#7576,#7583),.PCURVE_S1.);
#7572 = LINE('',#7573,#7574);
#7573 = CARTESIAN_POINT('',(4.77,-3.75,0.15));
#7574 = VECTOR('',#7575,1.);
#7575 = DIRECTION('',(0.,0.,1.));
#7576 = PCURVE('',#7293,#7577);
#7577 = DEFINITIONAL_REPRESENTATION('',(#7578),#7582);
#7578 = LINE('',#7579,#7580);
#7579 = CARTESIAN_POINT('',(-0.,1.414213562373E-02));
#7580 = VECTOR('',#7581,1.);
#7581 = DIRECTION('',(-1.,0.));
#7582 = ( GEOMETRIC_REPRESENTATION_CONTEXT(2) 
PARAMETRIC_REPRESENTATION_CONTEXT() REPRESENTATION_CONTEXT('2D SPACE',''
  ) );
#7583 = PCURVE('',#7460,#7584);
#7584 = DEFINITIONAL_REPRESENTATION('',(#7585),#7589);
#7585 = LINE('',#7586,#7587);
#7586 = CARTESIAN_POINT('',(0.,2.E-02));
#7587 = VECTOR('',#7588,1.);
#7588 = DIRECTION('',(1.,0.));
#7589 = ( GEOMETRIC_REPRESENTATION_CONTEXT(2) 
PARAMETRIC_REPRESENTATION_CONTEXT() REPRESENTATION_CONTEXT('2D SPACE',''
  ) );
#7590 = ADVANCED_FACE('',(#7591),#7267,.F.);
#7591 = FACE_BOUND('',#7592,.F.);
#7592 = EDGE_LOOP('',(#7593,#7594,#7595,#7618,#7641,#7664,#7687,#7708));
#7593 = ORIENTED_EDGE('',*,*,#7251,.F.);
#7594 = ORIENTED_EDGE('',*,*,#7496,.T.);
#7595 = ORIENTED_EDGE('',*,*,#7596,.T.);
#7596 = EDGE_CURVE('',#7497,#7597,#7599,.T.);
#7597 = VERTEX_POINT('',#7598);
#7598 = CARTESIAN_POINT('',(5.23,-4.25,0.15));
#7599 = SURFACE_CURVE('',#7600,(#7604,#7611),.PCURVE_S1.);
#7600 = LINE('',#7601,#7602);
#7601 = CARTESIAN_POINT('',(4.75,-4.25,0.15));
#7602 = VECTOR('',#7603,1.);
#7603 = DIRECTION('',(1.,0.,0.));
#7604 = PCURVE('',#7267,#7605);
#7605 = DEFINITIONAL_REPRESENTATION('',(#7606),#7610);
#7606 = LINE('',#7607,#7608);
#7607 = CARTESIAN_POINT('',(0.,0.));
#7608 = VECTOR('',#7609,1.);
#7609 = DIRECTION('',(1.,0.));
#7610 = ( GEOMETRIC_REPRESENTATION_CONTEXT(2) 
PARAMETRIC_REPRESENTATION_CONTEXT() REPRESENTATION_CONTEXT('2D SPACE',''
  ) );
#7611 = PCURVE('',#7348,#7612);
#7612 = DEFINITIONAL_REPRESENTATION('',(#7613),#7617);
#7613 = LINE('',#7614,#7615);
#7614 = CARTESIAN_POINT('',(0.,0.));
#7615 = VECTOR('',#7616,1.);
#7616 = DIRECTION('',(0.,1.));
#7617 = ( GEOMETRIC_REPRESENTATION_CONTEXT(2) 
PARAMETRIC_REPRESENTATION_CONTEXT() REPRESENTATION_CONTEXT('2D SPACE',''
  ) );
#7618 = ORIENTED_EDGE('',*,*,#7619,.F.);
#7619 = EDGE_CURVE('',#7620,#7597,#7622,.T.);
#7620 = VERTEX_POINT('',#7621);
#7621 = CARTESIAN_POINT('',(5.25,-4.23,0.15));
#7622 = SURFACE_CURVE('',#7623,(#7627,#7634),.PCURVE_S1.);
#7623 = LINE('',#7624,#7625);
#7624 = CARTESIAN_POINT('',(5.115,-4.365,0.15));
#7625 = VECTOR('',#7626,1.);
#7626 = DIRECTION('',(-0.707106781187,-0.707106781187,0.));
#7627 = PCURVE('',#7267,#7628);
#7628 = DEFINITIONAL_REPRESENTATION('',(#7629),#7633);
#7629 = LINE('',#7630,#7631);
#7630 = CARTESIAN_POINT('',(0.365,-0.115));
#7631 = VECTOR('',#7632,1.);
#7632 = DIRECTION('',(-0.707106781187,-0.707106781187));
#7633 = ( GEOMETRIC_REPRESENTATION_CONTEXT(2) 
PARAMETRIC_REPRESENTATION_CONTEXT() REPRESENTATION_CONTEXT('2D SPACE',''
  ) );
#7634 = PCURVE('',#7376,#7635);
#7635 = DEFINITIONAL_REPRESENTATION('',(#7636),#7640);
#7636 = LINE('',#7637,#7638);
#7637 = CARTESIAN_POINT('',(-0.,0.176776695297));
#7638 = VECTOR('',#7639,1.);
#7639 = DIRECTION('',(1.48825141019E-37,1.));
#7640 = ( GEOMETRIC_REPRESENTATION_CONTEXT(2) 
PARAMETRIC_REPRESENTATION_CONTEXT() REPRESENTATION_CONTEXT('2D SPACE',''
  ) );
#7641 = ORIENTED_EDGE('',*,*,#7642,.T.);
#7642 = EDGE_CURVE('',#7620,#7643,#7645,.T.);
#7643 = VERTEX_POINT('',#7644);
#7644 = CARTESIAN_POINT('',(5.25,-3.77,0.15));
#7645 = SURFACE_CURVE('',#7646,(#7650,#7657),.PCURVE_S1.);
#7646 = LINE('',#7647,#7648);
#7647 = CARTESIAN_POINT('',(5.25,-4.25,0.15));
#7648 = VECTOR('',#7649,1.);
#7649 = DIRECTION('',(0.,1.,0.));
#7650 = PCURVE('',#7267,#7651);
#7651 = DEFINITIONAL_REPRESENTATION('',(#7652),#7656);
#7652 = LINE('',#7653,#7654);
#7653 = CARTESIAN_POINT('',(0.5,0.));
#7654 = VECTOR('',#7655,1.);
#7655 = DIRECTION('',(0.,1.));
#7656 = ( GEOMETRIC_REPRESENTATION_CONTEXT(2) 
PARAMETRIC_REPRESENTATION_CONTEXT() REPRESENTATION_CONTEXT('2D SPACE',''
  ) );
#7657 = PCURVE('',#7404,#7658);
#7658 = DEFINITIONAL_REPRESENTATION('',(#7659),#7663);
#7659 = LINE('',#7660,#7661);
#7660 = CARTESIAN_POINT('',(0.,0.));
#7661 = VECTOR('',#7662,1.);
#7662 = DIRECTION('',(0.,-1.));
#7663 = ( GEOMETRIC_REPRESENTATION_CONTEXT(2) 
PARAMETRIC_REPRESENTATION_CONTEXT() REPRESENTATION_CONTEXT('2D SPACE',''
  ) );
#7664 = ORIENTED_EDGE('',*,*,#7665,.T.);
#7665 = EDGE_CURVE('',#7643,#7666,#7668,.T.);
#7666 = VERTEX_POINT('',#7667);
#7667 = CARTESIAN_POINT('',(5.23,-3.75,0.15));
#7668 = SURFACE_CURVE('',#7669,(#7673,#7680),.PCURVE_S1.);
#7669 = LINE('',#7670,#7671);
#7670 = CARTESIAN_POINT('',(5.24,-3.76,0.15));
#7671 = VECTOR('',#7672,1.);
#7672 = DIRECTION('',(-0.707106781187,0.707106781187,0.));
#7673 = PCURVE('',#7267,#7674);
#7674 = DEFINITIONAL_REPRESENTATION('',(#7675),#7679);
#7675 = LINE('',#7676,#7677);
#7676 = CARTESIAN_POINT('',(0.49,0.49));
#7677 = VECTOR('',#7678,1.);
#7678 = DIRECTION('',(-0.707106781187,0.707106781187));
#7679 = ( GEOMETRIC_REPRESENTATION_CONTEXT(2) 
PARAMETRIC_REPRESENTATION_CONTEXT() REPRESENTATION_CONTEXT('2D SPACE',''
  ) );
#7680 = PCURVE('',#7432,#7681);
#7681 = DEFINITIONAL_REPRESENTATION('',(#7682),#7686);
#7682 = LINE('',#7683,#7684);
#7683 = CARTESIAN_POINT('',(2.523089886327E-48,-3.768221900841E-15));
#7684 = VECTOR('',#7685,1.);
#7685 = DIRECTION('',(2.460075202414E-36,1.));
#7686 = ( GEOMETRIC_REPRESENTATION_CONTEXT(2) 
PARAMETRIC_REPRESENTATION_CONTEXT() REPRESENTATION_CONTEXT('2D SPACE',''
  ) );
#7687 = ORIENTED_EDGE('',*,*,#7688,.F.);
#7688 = EDGE_CURVE('',#7546,#7666,#7689,.T.);
#7689 = SURFACE_CURVE('',#7690,(#7694,#7701),.PCURVE_S1.);
#7690 = LINE('',#7691,#7692);
#7691 = CARTESIAN_POINT('',(4.75,-3.75,0.15));
#7692 = VECTOR('',#7693,1.);
#7693 = DIRECTION('',(1.,0.,0.));
#7694 = PCURVE('',#7267,#7695);
#7695 = DEFINITIONAL_REPRESENTATION('',(#7696),#7700);
#7696 = LINE('',#7697,#7698);
#7697 = CARTESIAN_POINT('',(0.,0.5));
#7698 = VECTOR('',#7699,1.);
#7699 = DIRECTION('',(1.,0.));
#7700 = ( GEOMETRIC_REPRESENTATION_CONTEXT(2) 
PARAMETRIC_REPRESENTATION_CONTEXT() REPRESENTATION_CONTEXT('2D SPACE',''
  ) );
#7701 = PCURVE('',#7460,#7702);
#7702 = DEFINITIONAL_REPRESENTATION('',(#7703),#7707);
#7703 = LINE('',#7704,#7705);
#7704 = CARTESIAN_POINT('',(0.,0.));
#7705 = VECTOR('',#7706,1.);
#7706 = DIRECTION('',(0.,1.));
#7707 = ( GEOMETRIC_REPRESENTATION_CONTEXT(2) 
PARAMETRIC_REPRESENTATION_CONTEXT() REPRESENTATION_CONTEXT('2D SPACE',''
  ) );
#7708 = ORIENTED_EDGE('',*,*,#7545,.F.);
#7709 = ADVANCED_FACE('',(#7710),#7348,.F.);
#7710 = FACE_BOUND('',#7711,.F.);
#7711 = EDGE_LOOP('',(#7712,#7713,#7714,#7715));
#7712 = ORIENTED_EDGE('',*,*,#7596,.F.);
#7713 = ORIENTED_EDGE('',*,*,#7521,.T.);
#7714 = ORIENTED_EDGE('',*,*,#7332,.T.);
#7715 = ORIENTED_EDGE('',*,*,#7716,.F.);
#7716 = EDGE_CURVE('',#7597,#7333,#7717,.T.);
#7717 = SURFACE_CURVE('',#7718,(#7722,#7729),.PCURVE_S1.);
#7718 = LINE('',#7719,#7720);
#7719 = CARTESIAN_POINT('',(5.23,-4.25,0.15));
#7720 = VECTOR('',#7721,1.);
#7721 = DIRECTION('',(0.,0.,1.));
#7722 = PCURVE('',#7348,#7723);
#7723 = DEFINITIONAL_REPRESENTATION('',(#7724),#7728);
#7724 = LINE('',#7725,#7726);
#7725 = CARTESIAN_POINT('',(0.,0.48));
#7726 = VECTOR('',#7727,1.);
#7727 = DIRECTION('',(1.,0.));
#7728 = ( GEOMETRIC_REPRESENTATION_CONTEXT(2) 
PARAMETRIC_REPRESENTATION_CONTEXT() REPRESENTATION_CONTEXT('2D SPACE',''
  ) );
#7729 = PCURVE('',#7376,#7730);
#7730 = DEFINITIONAL_REPRESENTATION('',(#7731),#7735);
#7731 = LINE('',#7732,#7733);
#7732 = CARTESIAN_POINT('',(-0.,1.414213562373E-02));
#7733 = VECTOR('',#7734,1.);
#7734 = DIRECTION('',(-1.,0.));
#7735 = ( GEOMETRIC_REPRESENTATION_CONTEXT(2) 
PARAMETRIC_REPRESENTATION_CONTEXT() REPRESENTATION_CONTEXT('2D SPACE',''
  ) );
#7736 = ADVANCED_FACE('',(#7737),#7460,.T.);
#7737 = FACE_BOUND('',#7738,.T.);
#7738 = EDGE_LOOP('',(#7739,#7740,#7741,#7742));
#7739 = ORIENTED_EDGE('',*,*,#7688,.F.);
#7740 = ORIENTED_EDGE('',*,*,#7570,.T.);
#7741 = ORIENTED_EDGE('',*,*,#7444,.T.);
#7742 = ORIENTED_EDGE('',*,*,#7743,.F.);
#7743 = EDGE_CURVE('',#7666,#7417,#7744,.T.);
#7744 = SURFACE_CURVE('',#7745,(#7749,#7756),.PCURVE_S1.);
#7745 = LINE('',#7746,#7747);
#7746 = CARTESIAN_POINT('',(5.23,-3.75,0.15));
#7747 = VECTOR('',#7748,1.);
#7748 = DIRECTION('',(0.,0.,1.));
#7749 = PCURVE('',#7460,#7750);
#7750 = DEFINITIONAL_REPRESENTATION('',(#7751),#7755);
#7751 = LINE('',#7752,#7753);
#7752 = CARTESIAN_POINT('',(0.,0.48));
#7753 = VECTOR('',#7754,1.);
#7754 = DIRECTION('',(1.,0.));
#7755 = ( GEOMETRIC_REPRESENTATION_CONTEXT(2) 
PARAMETRIC_REPRESENTATION_CONTEXT() REPRESENTATION_CONTEXT('2D SPACE',''
  ) );
#7756 = PCURVE('',#7432,#7757);
#7757 = DEFINITIONAL_REPRESENTATION('',(#7758),#7762);
#7758 = LINE('',#7759,#7760);
#7759 = CARTESIAN_POINT('',(-0.,1.414213562373E-02));
#7760 = VECTOR('',#7761,1.);
#7761 = DIRECTION('',(-1.,0.));
#7762 = ( GEOMETRIC_REPRESENTATION_CONTEXT(2) 
PARAMETRIC_REPRESENTATION_CONTEXT() REPRESENTATION_CONTEXT('2D SPACE',''
  ) );
#7763 = ADVANCED_FACE('',(#7764),#7376,.F.);
#7764 = FACE_BOUND('',#7765,.T.);
#7765 = EDGE_LOOP('',(#7766,#7767,#7788,#7789));
#7766 = ORIENTED_EDGE('',*,*,#7619,.F.);
#7767 = ORIENTED_EDGE('',*,*,#7768,.T.);
#7768 = EDGE_CURVE('',#7620,#7361,#7769,.T.);
#7769 = SURFACE_CURVE('',#7770,(#7774,#7781),.PCURVE_S1.);
#7770 = LINE('',#7771,#7772);
#7771 = CARTESIAN_POINT('',(5.25,-4.23,0.15));
#7772 = VECTOR('',#7773,1.);
#7773 = DIRECTION('',(0.,0.,1.));
#7774 = PCURVE('',#7376,#7775);
#7775 = DEFINITIONAL_REPRESENTATION('',(#7776),#7780);
#7776 = LINE('',#7777,#7778);
#7777 = CARTESIAN_POINT('',(-0.,-1.414213562373E-02));
#7778 = VECTOR('',#7779,1.);
#7779 = DIRECTION('',(-1.,0.));
#7780 = ( GEOMETRIC_REPRESENTATION_CONTEXT(2) 
PARAMETRIC_REPRESENTATION_CONTEXT() REPRESENTATION_CONTEXT('2D SPACE',''
  ) );
#7781 = PCURVE('',#7404,#7782);
#7782 = DEFINITIONAL_REPRESENTATION('',(#7783),#7787);
#7783 = LINE('',#7784,#7785);
#7784 = CARTESIAN_POINT('',(0.,-2.E-02));
#7785 = VECTOR('',#7786,1.);
#7786 = DIRECTION('',(1.,0.));
#7787 = ( GEOMETRIC_REPRESENTATION_CONTEXT(2) 
PARAMETRIC_REPRESENTATION_CONTEXT() REPRESENTATION_CONTEXT('2D SPACE',''
  ) );
#7788 = ORIENTED_EDGE('',*,*,#7360,.T.);
#7789 = ORIENTED_EDGE('',*,*,#7716,.F.);
#7790 = ADVANCED_FACE('',(#7791),#7432,.T.);
#7791 = FACE_BOUND('',#7792,.F.);
#7792 = EDGE_LOOP('',(#7793,#7794,#7815,#7816));
#7793 = ORIENTED_EDGE('',*,*,#7665,.F.);
#7794 = ORIENTED_EDGE('',*,*,#7795,.T.);
#7795 = EDGE_CURVE('',#7643,#7389,#7796,.T.);
#7796 = SURFACE_CURVE('',#7797,(#7801,#7808),.PCURVE_S1.);
#7797 = LINE('',#7798,#7799);
#7798 = CARTESIAN_POINT('',(5.25,-3.77,0.15));
#7799 = VECTOR('',#7800,1.);
#7800 = DIRECTION('',(0.,0.,1.));
#7801 = PCURVE('',#7432,#7802);
#7802 = DEFINITIONAL_REPRESENTATION('',(#7803),#7807);
#7803 = LINE('',#7804,#7805);
#7804 = CARTESIAN_POINT('',(-0.,-1.414213562373E-02));
#7805 = VECTOR('',#7806,1.);
#7806 = DIRECTION('',(-1.,0.));
#7807 = ( GEOMETRIC_REPRESENTATION_CONTEXT(2) 
PARAMETRIC_REPRESENTATION_CONTEXT() REPRESENTATION_CONTEXT('2D SPACE',''
  ) );
#7808 = PCURVE('',#7404,#7809);
#7809 = DEFINITIONAL_REPRESENTATION('',(#7810),#7814);
#7810 = LINE('',#7811,#7812);
#7811 = CARTESIAN_POINT('',(0.,-0.48));
#7812 = VECTOR('',#7813,1.);
#7813 = DIRECTION('',(1.,0.));
#7814 = ( GEOMETRIC_REPRESENTATION_CONTEXT(2) 
PARAMETRIC_REPRESENTATION_CONTEXT() REPRESENTATION_CONTEXT('2D SPACE',''
  ) );
#7815 = ORIENTED_EDGE('',*,*,#7416,.T.);
#7816 = ORIENTED_EDGE('',*,*,#7743,.F.);
#7817 = ADVANCED_FACE('',(#7818),#7404,.T.);
#7818 = FACE_BOUND('',#7819,.T.);
#7819 = EDGE_LOOP('',(#7820,#7821,#7822,#7823));
#7820 = ORIENTED_EDGE('',*,*,#7388,.F.);
#7821 = ORIENTED_EDGE('',*,*,#7768,.F.);
#7822 = ORIENTED_EDGE('',*,*,#7642,.T.);
#7823 = ORIENTED_EDGE('',*,*,#7795,.T.);
#7824 = ( GEOMETRIC_REPRESENTATION_CONTEXT(3) 
GLOBAL_UNCERTAINTY_ASSIGNED_CONTEXT((#7828)) 
GLOBAL_UNIT_ASSIGNED_CONTEXT((#7825,#7826,#7827)) REPRESENTATION_CONTEXT
('Context #1','3D Context with UNIT and UNCERTAINTY') );
#7825 = ( LENGTH_UNIT() NAMED_UNIT(*) SI_UNIT(.MILLI.,.METRE.) );
#7826 = ( NAMED_UNIT(*) PLANE_ANGLE_UNIT() SI_UNIT($,.RADIAN.) );
#7827 = ( NAMED_UNIT(*) SI_UNIT($,.STERADIAN.) SOLID_ANGLE_UNIT() );
#7828 = UNCERTAINTY_MEASURE_WITH_UNIT(LENGTH_MEASURE(5.E-05),#7825,
  'distance_accuracy_value','confusion accuracy');
#7829 = CONTEXT_DEPENDENT_SHAPE_REPRESENTATION(#7830,#7832);
#7830 = ( REPRESENTATION_RELATIONSHIP('','',#7181,#10) 
REPRESENTATION_RELATIONSHIP_WITH_TRANSFORMATION(#7831) 
SHAPE_REPRESENTATION_RELATIONSHIP() );
#7831 = ITEM_DEFINED_TRANSFORMATION('','',#11,#39);
#7832 = PRODUCT_DEFINITION_SHAPE('Placement','Placement of an item',
  #7833);
#7833 = NEXT_ASSEMBLY_USAGE_OCCURRENCE('199','trim_2','',#5,#7176,$);
#7834 = PRODUCT_RELATED_PRODUCT_CATEGORY('part',$,(#7178));
#7835 = SHAPE_DEFINITION_REPRESENTATION(#7836,#7842);
#7836 = PRODUCT_DEFINITION_SHAPE('','',#7837);
#7837 = PRODUCT_DEFINITION('design','',#7838,#7841);
#7838 = PRODUCT_DEFINITION_FORMATION('','',#7839);
#7839 = PRODUCT('trim_3','trim_3','',(#7840));
#7840 = PRODUCT_CONTEXT('',#2,'mechanical');
#7841 = PRODUCT_DEFINITION_CONTEXT('part definition',#2,'design');
#7842 = ADVANCED_BREP_SHAPE_REPRESENTATION('',(#11,#7843),#8485);
#7843 = MANIFOLD_SOLID_BREP('',#7844);
#7844 = CLOSED_SHELL('',(#7845,#7965,#8153,#8202,#8251,#8370,#8397,#8424
    ,#8451,#8478));
#7845 = ADVANCED_FACE('',(#7846),#7860,.F.);
#7846 = FACE_BOUND('',#7847,.F.);
#7847 = EDGE_LOOP('',(#7848,#7883,#7911,#7939));
#7848 = ORIENTED_EDGE('',*,*,#7849,.F.);
#7849 = EDGE_CURVE('',#7850,#7852,#7854,.T.);
#7850 = VERTEX_POINT('',#7851);
#7851 = CARTESIAN_POINT('',(4.75,3.77,3.75));
#7852 = VERTEX_POINT('',#7853);
#7853 = CARTESIAN_POINT('',(4.75,4.23,3.75));
#7854 = SURFACE_CURVE('',#7855,(#7859,#7871),.PCURVE_S1.);
#7855 = LINE('',#7856,#7857);
#7856 = CARTESIAN_POINT('',(4.75,3.75,3.75));
#7857 = VECTOR('',#7858,1.);
#7858 = DIRECTION('',(0.,1.,0.));
#7859 = PCURVE('',#7860,#7865);
#7860 = PLANE('',#7861);
#7861 = AXIS2_PLACEMENT_3D('',#7862,#7863,#7864);
#7862 = CARTESIAN_POINT('',(4.75,3.75,0.15));
#7863 = DIRECTION('',(1.,0.,0.));
#7864 = DIRECTION('',(0.,0.,1.));
#7865 = DEFINITIONAL_REPRESENTATION('',(#7866),#7870);
#7866 = LINE('',#7867,#7868);
#7867 = CARTESIAN_POINT('',(3.6,0.));
#7868 = VECTOR('',#7869,1.);
#7869 = DIRECTION('',(0.,-1.));
#7870 = ( GEOMETRIC_REPRESENTATION_CONTEXT(2) 
PARAMETRIC_REPRESENTATION_CONTEXT() REPRESENTATION_CONTEXT('2D SPACE',''
  ) );
#7871 = PCURVE('',#7872,#7877);
#7872 = PLANE('',#7873);
#7873 = AXIS2_PLACEMENT_3D('',#7874,#7875,#7876);
#7874 = CARTESIAN_POINT('',(4.75,3.75,3.75));
#7875 = DIRECTION('',(0.,0.,1.));
#7876 = DIRECTION('',(1.,0.,0.));
#7877 = DEFINITIONAL_REPRESENTATION('',(#7878),#7882);
#7878 = LINE('',#7879,#7880);
#7879 = CARTESIAN_POINT('',(0.,0.));
#7880 = VECTOR('',#7881,1.);
#7881 = DIRECTION('',(0.,1.));
#7882 = ( GEOMETRIC_REPRESENTATION_CONTEXT(2) 
PARAMETRIC_REPRESENTATION_CONTEXT() REPRESENTATION_CONTEXT('2D SPACE',''
  ) );
#7883 = ORIENTED_EDGE('',*,*,#7884,.F.);
#7884 = EDGE_CURVE('',#7885,#7850,#7887,.T.);
#7885 = VERTEX_POINT('',#7886);
#7886 = CARTESIAN_POINT('',(4.75,3.77,0.15));
#7887 = SURFACE_CURVE('',#7888,(#7892,#7899),.PCURVE_S1.);
#7888 = LINE('',#7889,#7890);
#7889 = CARTESIAN_POINT('',(4.75,3.77,0.15));
#7890 = VECTOR('',#7891,1.);
#7891 = DIRECTION('',(0.,0.,1.));
#7892 = PCURVE('',#7860,#7893);
#7893 = DEFINITIONAL_REPRESENTATION('',(#7894),#7898);
#7894 = LINE('',#7895,#7896);
#7895 = CARTESIAN_POINT('',(0.,-2.E-02));
#7896 = VECTOR('',#7897,1.);
#7897 = DIRECTION('',(1.,0.));
#7898 = ( GEOMETRIC_REPRESENTATION_CONTEXT(2) 
PARAMETRIC_REPRESENTATION_CONTEXT() REPRESENTATION_CONTEXT('2D SPACE',''
  ) );
#7899 = PCURVE('',#7900,#7905);
#7900 = PLANE('',#7901);
#7901 = AXIS2_PLACEMENT_3D('',#7902,#7903,#7904);
#7902 = CARTESIAN_POINT('',(4.76,3.76,0.15));
#7903 = DIRECTION('',(-0.707106781187,-0.707106781187,6.03532729936E-20)
  );
#7904 = DIRECTION('',(-4.267620860058E-20,-4.267620860057E-20,-1.));
#7905 = DEFINITIONAL_REPRESENTATION('',(#7906),#7910);
#7906 = LINE('',#7907,#7908);
#7907 = CARTESIAN_POINT('',(-0.,-1.414213562373E-02));
#7908 = VECTOR('',#7909,1.);
#7909 = DIRECTION('',(-1.,0.));
#7910 = ( GEOMETRIC_REPRESENTATION_CONTEXT(2) 
PARAMETRIC_REPRESENTATION_CONTEXT() REPRESENTATION_CONTEXT('2D SPACE',''
  ) );
#7911 = ORIENTED_EDGE('',*,*,#7912,.T.);
#7912 = EDGE_CURVE('',#7885,#7913,#7915,.T.);
#7913 = VERTEX_POINT('',#7914);
#7914 = CARTESIAN_POINT('',(4.75,4.23,0.15));
#7915 = SURFACE_CURVE('',#7916,(#7920,#7927),.PCURVE_S1.);
#7916 = LINE('',#7917,#7918);
#7917 = CARTESIAN_POINT('',(4.75,3.75,0.15));
#7918 = VECTOR('',#7919,1.);
#7919 = DIRECTION('',(0.,1.,0.));
#7920 = PCURVE('',#7860,#7921);
#7921 = DEFINITIONAL_REPRESENTATION('',(#7922),#7926);
#7922 = LINE('',#7923,#7924);
#7923 = CARTESIAN_POINT('',(0.,0.));
#7924 = VECTOR('',#7925,1.);
#7925 = DIRECTION('',(0.,-1.));
#7926 = ( GEOMETRIC_REPRESENTATION_CONTEXT(2) 
PARAMETRIC_REPRESENTATION_CONTEXT() REPRESENTATION_CONTEXT('2D SPACE',''
  ) );
#7927 = PCURVE('',#7928,#7933);
#7928 = PLANE('',#7929);
#7929 = AXIS2_PLACEMENT_3D('',#7930,#7931,#7932);
#7930 = CARTESIAN_POINT('',(4.75,3.75,0.15));
#7931 = DIRECTION('',(0.,0.,1.));
#7932 = DIRECTION('',(1.,0.,0.));
#7933 = DEFINITIONAL_REPRESENTATION('',(#7934),#7938);
#7934 = LINE('',#7935,#7936);
#7935 = CARTESIAN_POINT('',(0.,0.));
#7936 = VECTOR('',#7937,1.);
#7937 = DIRECTION('',(0.,1.));
#7938 = ( GEOMETRIC_REPRESENTATION_CONTEXT(2) 
PARAMETRIC_REPRESENTATION_CONTEXT() REPRESENTATION_CONTEXT('2D SPACE',''
  ) );
#7939 = ORIENTED_EDGE('',*,*,#7940,.T.);
#7940 = EDGE_CURVE('',#7913,#7852,#7941,.T.);
#7941 = SURFACE_CURVE('',#7942,(#7946,#7953),.PCURVE_S1.);
#7942 = LINE('',#7943,#7944);
#7943 = CARTESIAN_POINT('',(4.75,4.23,0.15));
#7944 = VECTOR('',#7945,1.);
#7945 = DIRECTION('',(0.,0.,1.));
#7946 = PCURVE('',#7860,#7947);
#7947 = DEFINITIONAL_REPRESENTATION('',(#7948),#7952);
#7948 = LINE('',#7949,#7950);
#7949 = CARTESIAN_POINT('',(0.,-0.48));
#7950 = VECTOR('',#7951,1.);
#7951 = DIRECTION('',(1.,0.));
#7952 = ( GEOMETRIC_REPRESENTATION_CONTEXT(2) 
PARAMETRIC_REPRESENTATION_CONTEXT() REPRESENTATION_CONTEXT('2D SPACE',''
  ) );
#7953 = PCURVE('',#7954,#7959);
#7954 = PLANE('',#7955);
#7955 = AXIS2_PLACEMENT_3D('',#7956,#7957,#7958);
#7956 = CARTESIAN_POINT('',(4.76,4.24,0.15));
#7957 = DIRECTION('',(0.707106781187,-0.707106781187,3.807659356174E-20)
  );
#7958 = DIRECTION('',(2.692421751199E-20,-2.692421751199E-20,-1.));
#7959 = DEFINITIONAL_REPRESENTATION('',(#7960),#7964);
#7960 = LINE('',#7961,#7962);
#7961 = CARTESIAN_POINT('',(-0.,-1.414213562373E-02));
#7962 = VECTOR('',#7963,1.);
#7963 = DIRECTION('',(-1.,0.));
#7964 = ( GEOMETRIC_REPRESENTATION_CONTEXT(2) 
PARAMETRIC_REPRESENTATION_CONTEXT() REPRESENTATION_CONTEXT('2D SPACE',''
  ) );
#7965 = ADVANCED_FACE('',(#7966),#7872,.T.);
#7966 = FACE_BOUND('',#7967,.T.);
#7967 = EDGE_LOOP('',(#7968,#7969,#7992,#8020,#8048,#8076,#8104,#8132));
#7968 = ORIENTED_EDGE('',*,*,#7849,.F.);
#7969 = ORIENTED_EDGE('',*,*,#7970,.T.);
#7970 = EDGE_CURVE('',#7850,#7971,#7973,.T.);
#7971 = VERTEX_POINT('',#7972);
#7972 = CARTESIAN_POINT('',(4.77,3.75,3.75));
#7973 = SURFACE_CURVE('',#7974,(#7978,#7985),.PCURVE_S1.);
#7974 = LINE('',#7975,#7976);
#7975 = CARTESIAN_POINT('',(4.76,3.76,3.75));
#7976 = VECTOR('',#7977,1.);
#7977 = DIRECTION('',(0.707106781187,-0.707106781187,0.));
#7978 = PCURVE('',#7872,#7979);
#7979 = DEFINITIONAL_REPRESENTATION('',(#7980),#7984);
#7980 = LINE('',#7981,#7982);
#7981 = CARTESIAN_POINT('',(1.E-02,1.E-02));
#7982 = VECTOR('',#7983,1.);
#7983 = DIRECTION('',(0.707106781187,-0.707106781187));
#7984 = ( GEOMETRIC_REPRESENTATION_CONTEXT(2) 
PARAMETRIC_REPRESENTATION_CONTEXT() REPRESENTATION_CONTEXT('2D SPACE',''
  ) );
#7985 = PCURVE('',#7900,#7986);
#7986 = DEFINITIONAL_REPRESENTATION('',(#7987),#7991);
#7987 = LINE('',#7988,#7989);
#7988 = CARTESIAN_POINT('',(-3.6,-9.188504089987E-36));
#7989 = VECTOR('',#7990,1.);
#7990 = DIRECTION('',(2.460075202414E-36,1.));
#7991 = ( GEOMETRIC_REPRESENTATION_CONTEXT(2) 
PARAMETRIC_REPRESENTATION_CONTEXT() REPRESENTATION_CONTEXT('2D SPACE',''
  ) );
#7992 = ORIENTED_EDGE('',*,*,#7993,.T.);
#7993 = EDGE_CURVE('',#7971,#7994,#7996,.T.);
#7994 = VERTEX_POINT('',#7995);
#7995 = CARTESIAN_POINT('',(5.23,3.75,3.75));
#7996 = SURFACE_CURVE('',#7997,(#8001,#8008),.PCURVE_S1.);
#7997 = LINE('',#7998,#7999);
#7998 = CARTESIAN_POINT('',(4.75,3.75,3.75));
#7999 = VECTOR('',#8000,1.);
#8000 = DIRECTION('',(1.,0.,0.));
#8001 = PCURVE('',#7872,#8002);
#8002 = DEFINITIONAL_REPRESENTATION('',(#8003),#8007);
#8003 = LINE('',#8004,#8005);
#8004 = CARTESIAN_POINT('',(0.,0.));
#8005 = VECTOR('',#8006,1.);
#8006 = DIRECTION('',(1.,0.));
#8007 = ( GEOMETRIC_REPRESENTATION_CONTEXT(2) 
PARAMETRIC_REPRESENTATION_CONTEXT() REPRESENTATION_CONTEXT('2D SPACE',''
  ) );
#8008 = PCURVE('',#8009,#8014);
#8009 = PLANE('',#8010);
#8010 = AXIS2_PLACEMENT_3D('',#8011,#8012,#8013);
#8011 = CARTESIAN_POINT('',(4.75,3.75,0.15));
#8012 = DIRECTION('',(0.,1.,0.));
#8013 = DIRECTION('',(0.,0.,1.));
#8014 = DEFINITIONAL_REPRESENTATION('',(#8015),#8019);
#8015 = LINE('',#8016,#8017);
#8016 = CARTESIAN_POINT('',(3.6,0.));
#8017 = VECTOR('',#8018,1.);
#8018 = DIRECTION('',(0.,1.));
#8019 = ( GEOMETRIC_REPRESENTATION_CONTEXT(2) 
PARAMETRIC_REPRESENTATION_CONTEXT() REPRESENTATION_CONTEXT('2D SPACE',''
  ) );
#8020 = ORIENTED_EDGE('',*,*,#8021,.F.);
#8021 = EDGE_CURVE('',#8022,#7994,#8024,.T.);
#8022 = VERTEX_POINT('',#8023);
#8023 = CARTESIAN_POINT('',(5.25,3.77,3.75));
#8024 = SURFACE_CURVE('',#8025,(#8029,#8036),.PCURVE_S1.);
#8025 = LINE('',#8026,#8027);
#8026 = CARTESIAN_POINT('',(5.115,3.635,3.75));
#8027 = VECTOR('',#8028,1.);
#8028 = DIRECTION('',(-0.707106781187,-0.707106781187,0.));
#8029 = PCURVE('',#7872,#8030);
#8030 = DEFINITIONAL_REPRESENTATION('',(#8031),#8035);
#8031 = LINE('',#8032,#8033);
#8032 = CARTESIAN_POINT('',(0.365,-0.115));
#8033 = VECTOR('',#8034,1.);
#8034 = DIRECTION('',(-0.707106781187,-0.707106781187));
#8035 = ( GEOMETRIC_REPRESENTATION_CONTEXT(2) 
PARAMETRIC_REPRESENTATION_CONTEXT() REPRESENTATION_CONTEXT('2D SPACE',''
  ) );
#8036 = PCURVE('',#8037,#8042);
#8037 = PLANE('',#8038);
#8038 = AXIS2_PLACEMENT_3D('',#8039,#8040,#8041);
#8039 = CARTESIAN_POINT('',(5.24,3.76,0.15));
#8040 = DIRECTION('',(-0.707106781187,0.707106781187,-6.03532729936E-20)
  );
#8041 = DIRECTION('',(4.267620860058E-20,-4.267620860057E-20,-1.));
#8042 = DEFINITIONAL_REPRESENTATION('',(#8043),#8047);
#8043 = LINE('',#8044,#8045);
#8044 = CARTESIAN_POINT('',(-3.6,0.176776695297));
#8045 = VECTOR('',#8046,1.);
#8046 = DIRECTION('',(2.460075202414E-36,1.));
#8047 = ( GEOMETRIC_REPRESENTATION_CONTEXT(2) 
PARAMETRIC_REPRESENTATION_CONTEXT() REPRESENTATION_CONTEXT('2D SPACE',''
  ) );
#8048 = ORIENTED_EDGE('',*,*,#8049,.T.);
#8049 = EDGE_CURVE('',#8022,#8050,#8052,.T.);
#8050 = VERTEX_POINT('',#8051);
#8051 = CARTESIAN_POINT('',(5.25,4.23,3.75));
#8052 = SURFACE_CURVE('',#8053,(#8057,#8064),.PCURVE_S1.);
#8053 = LINE('',#8054,#8055);
#8054 = CARTESIAN_POINT('',(5.25,3.75,3.75));
#8055 = VECTOR('',#8056,1.);
#8056 = DIRECTION('',(0.,1.,0.));
#8057 = PCURVE('',#7872,#8058);
#8058 = DEFINITIONAL_REPRESENTATION('',(#8059),#8063);
#8059 = LINE('',#8060,#8061);
#8060 = CARTESIAN_POINT('',(0.5,0.));
#8061 = VECTOR('',#8062,1.);
#8062 = DIRECTION('',(0.,1.));
#8063 = ( GEOMETRIC_REPRESENTATION_CONTEXT(2) 
PARAMETRIC_REPRESENTATION_CONTEXT() REPRESENTATION_CONTEXT('2D SPACE',''
  ) );
#8064 = PCURVE('',#8065,#8070);
#8065 = PLANE('',#8066);
#8066 = AXIS2_PLACEMENT_3D('',#8067,#8068,#8069);
#8067 = CARTESIAN_POINT('',(5.25,3.75,0.15));
#8068 = DIRECTION('',(1.,0.,0.));
#8069 = DIRECTION('',(0.,0.,1.));
#8070 = DEFINITIONAL_REPRESENTATION('',(#8071),#8075);
#8071 = LINE('',#8072,#8073);
#8072 = CARTESIAN_POINT('',(3.6,0.));
#8073 = VECTOR('',#8074,1.);
#8074 = DIRECTION('',(0.,-1.));
#8075 = ( GEOMETRIC_REPRESENTATION_CONTEXT(2) 
PARAMETRIC_REPRESENTATION_CONTEXT() REPRESENTATION_CONTEXT('2D SPACE',''
  ) );
#8076 = ORIENTED_EDGE('',*,*,#8077,.T.);
#8077 = EDGE_CURVE('',#8050,#8078,#8080,.T.);
#8078 = VERTEX_POINT('',#8079);
#8079 = CARTESIAN_POINT('',(5.23,4.25,3.75));
#8080 = SURFACE_CURVE('',#8081,(#8085,#8092),.PCURVE_S1.);
#8081 = LINE('',#8082,#8083);
#8082 = CARTESIAN_POINT('',(5.24,4.24,3.75));
#8083 = VECTOR('',#8084,1.);
#8084 = DIRECTION('',(-0.707106781187,0.707106781187,0.));
#8085 = PCURVE('',#7872,#8086);
#8086 = DEFINITIONAL_REPRESENTATION('',(#8087),#8091);
#8087 = LINE('',#8088,#8089);
#8088 = CARTESIAN_POINT('',(0.49,0.49));
#8089 = VECTOR('',#8090,1.);
#8090 = DIRECTION('',(-0.707106781187,0.707106781187));
#8091 = ( GEOMETRIC_REPRESENTATION_CONTEXT(2) 
PARAMETRIC_REPRESENTATION_CONTEXT() REPRESENTATION_CONTEXT('2D SPACE',''
  ) );
#8092 = PCURVE('',#8093,#8098);
#8093 = PLANE('',#8094);
#8094 = AXIS2_PLACEMENT_3D('',#8095,#8096,#8097);
#8095 = CARTESIAN_POINT('',(5.24,4.24,0.15));
#8096 = DIRECTION('',(0.707106781187,0.707106781187,-3.807659356174E-20)
  );
#8097 = DIRECTION('',(-2.692421751199E-20,-2.692421751199E-20,-1.));
#8098 = DEFINITIONAL_REPRESENTATION('',(#8099),#8103);
#8099 = LINE('',#8100,#8101);
#8100 = CARTESIAN_POINT('',(-3.6,-6.080474121895E-37));
#8101 = VECTOR('',#8102,1.);
#8102 = DIRECTION('',(1.48825141019E-37,1.));
#8103 = ( GEOMETRIC_REPRESENTATION_CONTEXT(2) 
PARAMETRIC_REPRESENTATION_CONTEXT() REPRESENTATION_CONTEXT('2D SPACE',''
  ) );
#8104 = ORIENTED_EDGE('',*,*,#8105,.F.);
#8105 = EDGE_CURVE('',#8106,#8078,#8108,.T.);
#8106 = VERTEX_POINT('',#8107);
#8107 = CARTESIAN_POINT('',(4.77,4.25,3.75));
#8108 = SURFACE_CURVE('',#8109,(#8113,#8120),.PCURVE_S1.);
#8109 = LINE('',#8110,#8111);
#8110 = CARTESIAN_POINT('',(4.75,4.25,3.75));
#8111 = VECTOR('',#8112,1.);
#8112 = DIRECTION('',(1.,0.,0.));
#8113 = PCURVE('',#7872,#8114);
#8114 = DEFINITIONAL_REPRESENTATION('',(#8115),#8119);
#8115 = LINE('',#8116,#8117);
#8116 = CARTESIAN_POINT('',(0.,0.5));
#8117 = VECTOR('',#8118,1.);
#8118 = DIRECTION('',(1.,0.));
#8119 = ( GEOMETRIC_REPRESENTATION_CONTEXT(2) 
PARAMETRIC_REPRESENTATION_CONTEXT() REPRESENTATION_CONTEXT('2D SPACE',''
  ) );
#8120 = PCURVE('',#8121,#8126);
#8121 = PLANE('',#8122);
#8122 = AXIS2_PLACEMENT_3D('',#8123,#8124,#8125);
#8123 = CARTESIAN_POINT('',(4.75,4.25,0.15));
#8124 = DIRECTION('',(0.,1.,0.));
#8125 = DIRECTION('',(0.,0.,1.));
#8126 = DEFINITIONAL_REPRESENTATION('',(#8127),#8131);
#8127 = LINE('',#8128,#8129);
#8128 = CARTESIAN_POINT('',(3.6,0.));
#8129 = VECTOR('',#8130,1.);
#8130 = DIRECTION('',(0.,1.));
#8131 = ( GEOMETRIC_REPRESENTATION_CONTEXT(2) 
PARAMETRIC_REPRESENTATION_CONTEXT() REPRESENTATION_CONTEXT('2D SPACE',''
  ) );
#8132 = ORIENTED_EDGE('',*,*,#8133,.F.);
#8133 = EDGE_CURVE('',#7852,#8106,#8134,.T.);
#8134 = SURFACE_CURVE('',#8135,(#8139,#8146),.PCURVE_S1.);
#8135 = LINE('',#8136,#8137);
#8136 = CARTESIAN_POINT('',(4.635,4.115,3.75));
#8137 = VECTOR('',#8138,1.);
#8138 = DIRECTION('',(0.707106781187,0.707106781187,-0.));
#8139 = PCURVE('',#7872,#8140);
#8140 = DEFINITIONAL_REPRESENTATION('',(#8141),#8145);
#8141 = LINE('',#8142,#8143);
#8142 = CARTESIAN_POINT('',(-0.115,0.365));
#8143 = VECTOR('',#8144,1.);
#8144 = DIRECTION('',(0.707106781187,0.707106781187));
#8145 = ( GEOMETRIC_REPRESENTATION_CONTEXT(2) 
PARAMETRIC_REPRESENTATION_CONTEXT() REPRESENTATION_CONTEXT('2D SPACE',''
  ) );
#8146 = PCURVE('',#7954,#8147);
#8147 = DEFINITIONAL_REPRESENTATION('',(#8148),#8152);
#8148 = LINE('',#8149,#8150);
#8149 = CARTESIAN_POINT('',(-3.6,-0.176776695297));
#8150 = VECTOR('',#8151,1.);
#8151 = DIRECTION('',(1.48825141019E-37,1.));
#8152 = ( GEOMETRIC_REPRESENTATION_CONTEXT(2) 
PARAMETRIC_REPRESENTATION_CONTEXT() REPRESENTATION_CONTEXT('2D SPACE',''
  ) );
#8153 = ADVANCED_FACE('',(#8154),#7900,.T.);
#8154 = FACE_BOUND('',#8155,.F.);
#8155 = EDGE_LOOP('',(#8156,#8179,#8180,#8181));
#8156 = ORIENTED_EDGE('',*,*,#8157,.F.);
#8157 = EDGE_CURVE('',#7885,#8158,#8160,.T.);
#8158 = VERTEX_POINT('',#8159);
#8159 = CARTESIAN_POINT('',(4.77,3.75,0.15));
#8160 = SURFACE_CURVE('',#8161,(#8165,#8172),.PCURVE_S1.);
#8161 = LINE('',#8162,#8163);
#8162 = CARTESIAN_POINT('',(4.76,3.76,0.15));
#8163 = VECTOR('',#8164,1.);
#8164 = DIRECTION('',(0.707106781187,-0.707106781187,0.));
#8165 = PCURVE('',#7900,#8166);
#8166 = DEFINITIONAL_REPRESENTATION('',(#8167),#8171);
#8167 = LINE('',#8168,#8169);
#8168 = CARTESIAN_POINT('',(-0.,0.));
#8169 = VECTOR('',#8170,1.);
#8170 = DIRECTION('',(2.460075202414E-36,1.));
#8171 = ( GEOMETRIC_REPRESENTATION_CONTEXT(2) 
PARAMETRIC_REPRESENTATION_CONTEXT() REPRESENTATION_CONTEXT('2D SPACE',''
  ) );
#8172 = PCURVE('',#7928,#8173);
#8173 = DEFINITIONAL_REPRESENTATION('',(#8174),#8178);
#8174 = LINE('',#8175,#8176);
#8175 = CARTESIAN_POINT('',(1.E-02,1.E-02));
#8176 = VECTOR('',#8177,1.);
#8177 = DIRECTION('',(0.707106781187,-0.707106781187));
#8178 = ( GEOMETRIC_REPRESENTATION_CONTEXT(2) 
PARAMETRIC_REPRESENTATION_CONTEXT() REPRESENTATION_CONTEXT('2D SPACE',''
  ) );
#8179 = ORIENTED_EDGE('',*,*,#7884,.T.);
#8180 = ORIENTED_EDGE('',*,*,#7970,.T.);
#8181 = ORIENTED_EDGE('',*,*,#8182,.F.);
#8182 = EDGE_CURVE('',#8158,#7971,#8183,.T.);
#8183 = SURFACE_CURVE('',#8184,(#8188,#8195),.PCURVE_S1.);
#8184 = LINE('',#8185,#8186);
#8185 = CARTESIAN_POINT('',(4.77,3.75,0.15));
#8186 = VECTOR('',#8187,1.);
#8187 = DIRECTION('',(0.,0.,1.));
#8188 = PCURVE('',#7900,#8189);
#8189 = DEFINITIONAL_REPRESENTATION('',(#8190),#8194);
#8190 = LINE('',#8191,#8192);
#8191 = CARTESIAN_POINT('',(-0.,1.414213562373E-02));
#8192 = VECTOR('',#8193,1.);
#8193 = DIRECTION('',(-1.,0.));
#8194 = ( GEOMETRIC_REPRESENTATION_CONTEXT(2) 
PARAMETRIC_REPRESENTATION_CONTEXT() REPRESENTATION_CONTEXT('2D SPACE',''
  ) );
#8195 = PCURVE('',#8009,#8196);
#8196 = DEFINITIONAL_REPRESENTATION('',(#8197),#8201);
#8197 = LINE('',#8198,#8199);
#8198 = CARTESIAN_POINT('',(0.,2.E-02));
#8199 = VECTOR('',#8200,1.);
#8200 = DIRECTION('',(1.,0.));
#8201 = ( GEOMETRIC_REPRESENTATION_CONTEXT(2) 
PARAMETRIC_REPRESENTATION_CONTEXT() REPRESENTATION_CONTEXT('2D SPACE',''
  ) );
#8202 = ADVANCED_FACE('',(#8203),#7954,.F.);
#8203 = FACE_BOUND('',#8204,.T.);
#8204 = EDGE_LOOP('',(#8205,#8228,#8229,#8230));
#8205 = ORIENTED_EDGE('',*,*,#8206,.F.);
#8206 = EDGE_CURVE('',#7913,#8207,#8209,.T.);
#8207 = VERTEX_POINT('',#8208);
#8208 = CARTESIAN_POINT('',(4.77,4.25,0.15));
#8209 = SURFACE_CURVE('',#8210,(#8214,#8221),.PCURVE_S1.);
#8210 = LINE('',#8211,#8212);
#8211 = CARTESIAN_POINT('',(4.635,4.115,0.15));
#8212 = VECTOR('',#8213,1.);
#8213 = DIRECTION('',(0.707106781187,0.707106781187,-0.));
#8214 = PCURVE('',#7954,#8215);
#8215 = DEFINITIONAL_REPRESENTATION('',(#8216),#8220);
#8216 = LINE('',#8217,#8218);
#8217 = CARTESIAN_POINT('',(-0.,-0.176776695297));
#8218 = VECTOR('',#8219,1.);
#8219 = DIRECTION('',(1.48825141019E-37,1.));
#8220 = ( GEOMETRIC_REPRESENTATION_CONTEXT(2) 
PARAMETRIC_REPRESENTATION_CONTEXT() REPRESENTATION_CONTEXT('2D SPACE',''
  ) );
#8221 = PCURVE('',#7928,#8222);
#8222 = DEFINITIONAL_REPRESENTATION('',(#8223),#8227);
#8223 = LINE('',#8224,#8225);
#8224 = CARTESIAN_POINT('',(-0.115,0.365));
#8225 = VECTOR('',#8226,1.);
#8226 = DIRECTION('',(0.707106781187,0.707106781187));
#8227 = ( GEOMETRIC_REPRESENTATION_CONTEXT(2) 
PARAMETRIC_REPRESENTATION_CONTEXT() REPRESENTATION_CONTEXT('2D SPACE',''
  ) );
#8228 = ORIENTED_EDGE('',*,*,#7940,.T.);
#8229 = ORIENTED_EDGE('',*,*,#8133,.T.);
#8230 = ORIENTED_EDGE('',*,*,#8231,.F.);
#8231 = EDGE_CURVE('',#8207,#8106,#8232,.T.);
#8232 = SURFACE_CURVE('',#8233,(#8237,#8244),.PCURVE_S1.);
#8233 = LINE('',#8234,#8235);
#8234 = CARTESIAN_POINT('',(4.77,4.25,0.15));
#8235 = VECTOR('',#8236,1.);
#8236 = DIRECTION('',(0.,0.,1.));
#8237 = PCURVE('',#7954,#8238);
#8238 = DEFINITIONAL_REPRESENTATION('',(#8239),#8243);
#8239 = LINE('',#8240,#8241);
#8240 = CARTESIAN_POINT('',(-0.,1.414213562373E-02));
#8241 = VECTOR('',#8242,1.);
#8242 = DIRECTION('',(-1.,0.));
#8243 = ( GEOMETRIC_REPRESENTATION_CONTEXT(2) 
PARAMETRIC_REPRESENTATION_CONTEXT() REPRESENTATION_CONTEXT('2D SPACE',''
  ) );
#8244 = PCURVE('',#8121,#8245);
#8245 = DEFINITIONAL_REPRESENTATION('',(#8246),#8250);
#8246 = LINE('',#8247,#8248);
#8247 = CARTESIAN_POINT('',(0.,2.E-02));
#8248 = VECTOR('',#8249,1.);
#8249 = DIRECTION('',(1.,0.));
#8250 = ( GEOMETRIC_REPRESENTATION_CONTEXT(2) 
PARAMETRIC_REPRESENTATION_CONTEXT() REPRESENTATION_CONTEXT('2D SPACE',''
  ) );
#8251 = ADVANCED_FACE('',(#8252),#7928,.F.);
#8252 = FACE_BOUND('',#8253,.F.);
#8253 = EDGE_LOOP('',(#8254,#8255,#8256,#8279,#8302,#8325,#8348,#8369));
#8254 = ORIENTED_EDGE('',*,*,#7912,.F.);
#8255 = ORIENTED_EDGE('',*,*,#8157,.T.);
#8256 = ORIENTED_EDGE('',*,*,#8257,.T.);
#8257 = EDGE_CURVE('',#8158,#8258,#8260,.T.);
#8258 = VERTEX_POINT('',#8259);
#8259 = CARTESIAN_POINT('',(5.23,3.75,0.15));
#8260 = SURFACE_CURVE('',#8261,(#8265,#8272),.PCURVE_S1.);
#8261 = LINE('',#8262,#8263);
#8262 = CARTESIAN_POINT('',(4.75,3.75,0.15));
#8263 = VECTOR('',#8264,1.);
#8264 = DIRECTION('',(1.,0.,0.));
#8265 = PCURVE('',#7928,#8266);
#8266 = DEFINITIONAL_REPRESENTATION('',(#8267),#8271);
#8267 = LINE('',#8268,#8269);
#8268 = CARTESIAN_POINT('',(0.,0.));
#8269 = VECTOR('',#8270,1.);
#8270 = DIRECTION('',(1.,0.));
#8271 = ( GEOMETRIC_REPRESENTATION_CONTEXT(2) 
PARAMETRIC_REPRESENTATION_CONTEXT() REPRESENTATION_CONTEXT('2D SPACE',''
  ) );
#8272 = PCURVE('',#8009,#8273);
#8273 = DEFINITIONAL_REPRESENTATION('',(#8274),#8278);
#8274 = LINE('',#8275,#8276);
#8275 = CARTESIAN_POINT('',(0.,0.));
#8276 = VECTOR('',#8277,1.);
#8277 = DIRECTION('',(0.,1.));
#8278 = ( GEOMETRIC_REPRESENTATION_CONTEXT(2) 
PARAMETRIC_REPRESENTATION_CONTEXT() REPRESENTATION_CONTEXT('2D SPACE',''
  ) );
#8279 = ORIENTED_EDGE('',*,*,#8280,.F.);
#8280 = EDGE_CURVE('',#8281,#8258,#8283,.T.);
#8281 = VERTEX_POINT('',#8282);
#8282 = CARTESIAN_POINT('',(5.25,3.77,0.15));
#8283 = SURFACE_CURVE('',#8284,(#8288,#8295),.PCURVE_S1.);
#8284 = LINE('',#8285,#8286);
#8285 = CARTESIAN_POINT('',(5.115,3.635,0.15));
#8286 = VECTOR('',#8287,1.);
#8287 = DIRECTION('',(-0.707106781187,-0.707106781187,0.));
#8288 = PCURVE('',#7928,#8289);
#8289 = DEFINITIONAL_REPRESENTATION('',(#8290),#8294);
#8290 = LINE('',#8291,#8292);
#8291 = CARTESIAN_POINT('',(0.365,-0.115));
#8292 = VECTOR('',#8293,1.);
#8293 = DIRECTION('',(-0.707106781187,-0.707106781187));
#8294 = ( GEOMETRIC_REPRESENTATION_CONTEXT(2) 
PARAMETRIC_REPRESENTATION_CONTEXT() REPRESENTATION_CONTEXT('2D SPACE',''
  ) );
#8295 = PCURVE('',#8037,#8296);
#8296 = DEFINITIONAL_REPRESENTATION('',(#8297),#8301);
#8297 = LINE('',#8298,#8299);
#8298 = CARTESIAN_POINT('',(-4.401409829668E-36,0.176776695297));
#8299 = VECTOR('',#8300,1.);
#8300 = DIRECTION('',(2.460075202414E-36,1.));
#8301 = ( GEOMETRIC_REPRESENTATION_CONTEXT(2) 
PARAMETRIC_REPRESENTATION_CONTEXT() REPRESENTATION_CONTEXT('2D SPACE',''
  ) );
#8302 = ORIENTED_EDGE('',*,*,#8303,.T.);
#8303 = EDGE_CURVE('',#8281,#8304,#8306,.T.);
#8304 = VERTEX_POINT('',#8305);
#8305 = CARTESIAN_POINT('',(5.25,4.23,0.15));
#8306 = SURFACE_CURVE('',#8307,(#8311,#8318),.PCURVE_S1.);
#8307 = LINE('',#8308,#8309);
#8308 = CARTESIAN_POINT('',(5.25,3.75,0.15));
#8309 = VECTOR('',#8310,1.);
#8310 = DIRECTION('',(0.,1.,0.));
#8311 = PCURVE('',#7928,#8312);
#8312 = DEFINITIONAL_REPRESENTATION('',(#8313),#8317);
#8313 = LINE('',#8314,#8315);
#8314 = CARTESIAN_POINT('',(0.5,0.));
#8315 = VECTOR('',#8316,1.);
#8316 = DIRECTION('',(0.,1.));
#8317 = ( GEOMETRIC_REPRESENTATION_CONTEXT(2) 
PARAMETRIC_REPRESENTATION_CONTEXT() REPRESENTATION_CONTEXT('2D SPACE',''
  ) );
#8318 = PCURVE('',#8065,#8319);
#8319 = DEFINITIONAL_REPRESENTATION('',(#8320),#8324);
#8320 = LINE('',#8321,#8322);
#8321 = CARTESIAN_POINT('',(0.,0.));
#8322 = VECTOR('',#8323,1.);
#8323 = DIRECTION('',(0.,-1.));
#8324 = ( GEOMETRIC_REPRESENTATION_CONTEXT(2) 
PARAMETRIC_REPRESENTATION_CONTEXT() REPRESENTATION_CONTEXT('2D SPACE',''
  ) );
#8325 = ORIENTED_EDGE('',*,*,#8326,.T.);
#8326 = EDGE_CURVE('',#8304,#8327,#8329,.T.);
#8327 = VERTEX_POINT('',#8328);
#8328 = CARTESIAN_POINT('',(5.23,4.25,0.15));
#8329 = SURFACE_CURVE('',#8330,(#8334,#8341),.PCURVE_S1.);
#8330 = LINE('',#8331,#8332);
#8331 = CARTESIAN_POINT('',(5.24,4.24,0.15));
#8332 = VECTOR('',#8333,1.);
#8333 = DIRECTION('',(-0.707106781187,0.707106781187,0.));
#8334 = PCURVE('',#7928,#8335);
#8335 = DEFINITIONAL_REPRESENTATION('',(#8336),#8340);
#8336 = LINE('',#8337,#8338);
#8337 = CARTESIAN_POINT('',(0.49,0.49));
#8338 = VECTOR('',#8339,1.);
#8339 = DIRECTION('',(-0.707106781187,0.707106781187));
#8340 = ( GEOMETRIC_REPRESENTATION_CONTEXT(2) 
PARAMETRIC_REPRESENTATION_CONTEXT() REPRESENTATION_CONTEXT('2D SPACE',''
  ) );
#8341 = PCURVE('',#8093,#8342);
#8342 = DEFINITIONAL_REPRESENTATION('',(#8343),#8347);
#8343 = LINE('',#8344,#8345);
#8344 = CARTESIAN_POINT('',(-0.,0.));
#8345 = VECTOR('',#8346,1.);
#8346 = DIRECTION('',(1.48825141019E-37,1.));
#8347 = ( GEOMETRIC_REPRESENTATION_CONTEXT(2) 
PARAMETRIC_REPRESENTATION_CONTEXT() REPRESENTATION_CONTEXT('2D SPACE',''
  ) );
#8348 = ORIENTED_EDGE('',*,*,#8349,.F.);
#8349 = EDGE_CURVE('',#8207,#8327,#8350,.T.);
#8350 = SURFACE_CURVE('',#8351,(#8355,#8362),.PCURVE_S1.);
#8351 = LINE('',#8352,#8353);
#8352 = CARTESIAN_POINT('',(4.75,4.25,0.15));
#8353 = VECTOR('',#8354,1.);
#8354 = DIRECTION('',(1.,0.,0.));
#8355 = PCURVE('',#7928,#8356);
#8356 = DEFINITIONAL_REPRESENTATION('',(#8357),#8361);
#8357 = LINE('',#8358,#8359);
#8358 = CARTESIAN_POINT('',(0.,0.5));
#8359 = VECTOR('',#8360,1.);
#8360 = DIRECTION('',(1.,0.));
#8361 = ( GEOMETRIC_REPRESENTATION_CONTEXT(2) 
PARAMETRIC_REPRESENTATION_CONTEXT() REPRESENTATION_CONTEXT('2D SPACE',''
  ) );
#8362 = PCURVE('',#8121,#8363);
#8363 = DEFINITIONAL_REPRESENTATION('',(#8364),#8368);
#8364 = LINE('',#8365,#8366);
#8365 = CARTESIAN_POINT('',(0.,0.));
#8366 = VECTOR('',#8367,1.);
#8367 = DIRECTION('',(0.,1.));
#8368 = ( GEOMETRIC_REPRESENTATION_CONTEXT(2) 
PARAMETRIC_REPRESENTATION_CONTEXT() REPRESENTATION_CONTEXT('2D SPACE',''
  ) );
#8369 = ORIENTED_EDGE('',*,*,#8206,.F.);
#8370 = ADVANCED_FACE('',(#8371),#8009,.F.);
#8371 = FACE_BOUND('',#8372,.F.);
#8372 = EDGE_LOOP('',(#8373,#8374,#8375,#8376));
#8373 = ORIENTED_EDGE('',*,*,#8257,.F.);
#8374 = ORIENTED_EDGE('',*,*,#8182,.T.);
#8375 = ORIENTED_EDGE('',*,*,#7993,.T.);
#8376 = ORIENTED_EDGE('',*,*,#8377,.F.);
#8377 = EDGE_CURVE('',#8258,#7994,#8378,.T.);
#8378 = SURFACE_CURVE('',#8379,(#8383,#8390),.PCURVE_S1.);
#8379 = LINE('',#8380,#8381);
#8380 = CARTESIAN_POINT('',(5.23,3.75,0.15));
#8381 = VECTOR('',#8382,1.);
#8382 = DIRECTION('',(0.,0.,1.));
#8383 = PCURVE('',#8009,#8384);
#8384 = DEFINITIONAL_REPRESENTATION('',(#8385),#8389);
#8385 = LINE('',#8386,#8387);
#8386 = CARTESIAN_POINT('',(0.,0.48));
#8387 = VECTOR('',#8388,1.);
#8388 = DIRECTION('',(1.,0.));
#8389 = ( GEOMETRIC_REPRESENTATION_CONTEXT(2) 
PARAMETRIC_REPRESENTATION_CONTEXT() REPRESENTATION_CONTEXT('2D SPACE',''
  ) );
#8390 = PCURVE('',#8037,#8391);
#8391 = DEFINITIONAL_REPRESENTATION('',(#8392),#8396);
#8392 = LINE('',#8393,#8394);
#8393 = CARTESIAN_POINT('',(-0.,1.414213562373E-02));
#8394 = VECTOR('',#8395,1.);
#8395 = DIRECTION('',(-1.,0.));
#8396 = ( GEOMETRIC_REPRESENTATION_CONTEXT(2) 
PARAMETRIC_REPRESENTATION_CONTEXT() REPRESENTATION_CONTEXT('2D SPACE',''
  ) );
#8397 = ADVANCED_FACE('',(#8398),#8121,.T.);
#8398 = FACE_BOUND('',#8399,.T.);
#8399 = EDGE_LOOP('',(#8400,#8401,#8402,#8403));
#8400 = ORIENTED_EDGE('',*,*,#8349,.F.);
#8401 = ORIENTED_EDGE('',*,*,#8231,.T.);
#8402 = ORIENTED_EDGE('',*,*,#8105,.T.);
#8403 = ORIENTED_EDGE('',*,*,#8404,.F.);
#8404 = EDGE_CURVE('',#8327,#8078,#8405,.T.);
#8405 = SURFACE_CURVE('',#8406,(#8410,#8417),.PCURVE_S1.);
#8406 = LINE('',#8407,#8408);
#8407 = CARTESIAN_POINT('',(5.23,4.25,0.15));
#8408 = VECTOR('',#8409,1.);
#8409 = DIRECTION('',(0.,0.,1.));
#8410 = PCURVE('',#8121,#8411);
#8411 = DEFINITIONAL_REPRESENTATION('',(#8412),#8416);
#8412 = LINE('',#8413,#8414);
#8413 = CARTESIAN_POINT('',(0.,0.48));
#8414 = VECTOR('',#8415,1.);
#8415 = DIRECTION('',(1.,0.));
#8416 = ( GEOMETRIC_REPRESENTATION_CONTEXT(2) 
PARAMETRIC_REPRESENTATION_CONTEXT() REPRESENTATION_CONTEXT('2D SPACE',''
  ) );
#8417 = PCURVE('',#8093,#8418);
#8418 = DEFINITIONAL_REPRESENTATION('',(#8419),#8423);
#8419 = LINE('',#8420,#8421);
#8420 = CARTESIAN_POINT('',(-0.,1.414213562373E-02));
#8421 = VECTOR('',#8422,1.);
#8422 = DIRECTION('',(-1.,0.));
#8423 = ( GEOMETRIC_REPRESENTATION_CONTEXT(2) 
PARAMETRIC_REPRESENTATION_CONTEXT() REPRESENTATION_CONTEXT('2D SPACE',''
  ) );
#8424 = ADVANCED_FACE('',(#8425),#8037,.F.);
#8425 = FACE_BOUND('',#8426,.T.);
#8426 = EDGE_LOOP('',(#8427,#8428,#8449,#8450));
#8427 = ORIENTED_EDGE('',*,*,#8280,.F.);
#8428 = ORIENTED_EDGE('',*,*,#8429,.T.);
#8429 = EDGE_CURVE('',#8281,#8022,#8430,.T.);
#8430 = SURFACE_CURVE('',#8431,(#8435,#8442),.PCURVE_S1.);
#8431 = LINE('',#8432,#8433);
#8432 = CARTESIAN_POINT('',(5.25,3.77,0.15));
#8433 = VECTOR('',#8434,1.);
#8434 = DIRECTION('',(0.,0.,1.));
#8435 = PCURVE('',#8037,#8436);
#8436 = DEFINITIONAL_REPRESENTATION('',(#8437),#8441);
#8437 = LINE('',#8438,#8439);
#8438 = CARTESIAN_POINT('',(-0.,-1.414213562373E-02));
#8439 = VECTOR('',#8440,1.);
#8440 = DIRECTION('',(-1.,0.));
#8441 = ( GEOMETRIC_REPRESENTATION_CONTEXT(2) 
PARAMETRIC_REPRESENTATION_CONTEXT() REPRESENTATION_CONTEXT('2D SPACE',''
  ) );
#8442 = PCURVE('',#8065,#8443);
#8443 = DEFINITIONAL_REPRESENTATION('',(#8444),#8448);
#8444 = LINE('',#8445,#8446);
#8445 = CARTESIAN_POINT('',(0.,-2.E-02));
#8446 = VECTOR('',#8447,1.);
#8447 = DIRECTION('',(1.,0.));
#8448 = ( GEOMETRIC_REPRESENTATION_CONTEXT(2) 
PARAMETRIC_REPRESENTATION_CONTEXT() REPRESENTATION_CONTEXT('2D SPACE',''
  ) );
#8449 = ORIENTED_EDGE('',*,*,#8021,.T.);
#8450 = ORIENTED_EDGE('',*,*,#8377,.F.);
#8451 = ADVANCED_FACE('',(#8452),#8093,.T.);
#8452 = FACE_BOUND('',#8453,.F.);
#8453 = EDGE_LOOP('',(#8454,#8455,#8476,#8477));
#8454 = ORIENTED_EDGE('',*,*,#8326,.F.);
#8455 = ORIENTED_EDGE('',*,*,#8456,.T.);
#8456 = EDGE_CURVE('',#8304,#8050,#8457,.T.);
#8457 = SURFACE_CURVE('',#8458,(#8462,#8469),.PCURVE_S1.);
#8458 = LINE('',#8459,#8460);
#8459 = CARTESIAN_POINT('',(5.25,4.23,0.15));
#8460 = VECTOR('',#8461,1.);
#8461 = DIRECTION('',(0.,0.,1.));
#8462 = PCURVE('',#8093,#8463);
#8463 = DEFINITIONAL_REPRESENTATION('',(#8464),#8468);
#8464 = LINE('',#8465,#8466);
#8465 = CARTESIAN_POINT('',(-0.,-1.414213562373E-02));
#8466 = VECTOR('',#8467,1.);
#8467 = DIRECTION('',(-1.,0.));
#8468 = ( GEOMETRIC_REPRESENTATION_CONTEXT(2) 
PARAMETRIC_REPRESENTATION_CONTEXT() REPRESENTATION_CONTEXT('2D SPACE',''
  ) );
#8469 = PCURVE('',#8065,#8470);
#8470 = DEFINITIONAL_REPRESENTATION('',(#8471),#8475);
#8471 = LINE('',#8472,#8473);
#8472 = CARTESIAN_POINT('',(0.,-0.48));
#8473 = VECTOR('',#8474,1.);
#8474 = DIRECTION('',(1.,0.));
#8475 = ( GEOMETRIC_REPRESENTATION_CONTEXT(2) 
PARAMETRIC_REPRESENTATION_CONTEXT() REPRESENTATION_CONTEXT('2D SPACE',''
  ) );
#8476 = ORIENTED_EDGE('',*,*,#8077,.T.);
#8477 = ORIENTED_EDGE('',*,*,#8404,.F.);
#8478 = ADVANCED_FACE('',(#8479),#8065,.T.);
#8479 = FACE_BOUND('',#8480,.T.);
#8480 = EDGE_LOOP('',(#8481,#8482,#8483,#8484));
#8481 = ORIENTED_EDGE('',*,*,#8049,.F.);
#8482 = ORIENTED_EDGE('',*,*,#8429,.F.);
#8483 = ORIENTED_EDGE('',*,*,#8303,.T.);
#8484 = ORIENTED_EDGE('',*,*,#8456,.T.);
#8485 = ( GEOMETRIC_REPRESENTATION_CONTEXT(3) 
GLOBAL_UNCERTAINTY_ASSIGNED_CONTEXT((#8489)) 
GLOBAL_UNIT_ASSIGNED_CONTEXT((#8486,#8487,#8488)) REPRESENTATION_CONTEXT
('Context #1','3D Context with UNIT and UNCERTAINTY') );
#8486 = ( LENGTH_UNIT() NAMED_UNIT(*) SI_UNIT(.MILLI.,.METRE.) );
#8487 = ( NAMED_UNIT(*) PLANE_ANGLE_UNIT() SI_UNIT($,.RADIAN.) );
#8488 = ( NAMED_UNIT(*) SI_UNIT($,.STERADIAN.) SOLID_ANGLE_UNIT() );
#8489 = UNCERTAINTY_MEASURE_WITH_UNIT(LENGTH_MEASURE(5.E-05),#8486,
  'distance_accuracy_value','confusion accuracy');
#8490 = CONTEXT_DEPENDENT_SHAPE_REPRESENTATION(#8491,#8493);
#8491 = ( REPRESENTATION_RELATIONSHIP('','',#7842,#10) 
REPRESENTATION_RELATIONSHIP_WITH_TRANSFORMATION(#8492) 
SHAPE_REPRESENTATION_RELATIONSHIP() );
#8492 = ITEM_DEFINED_TRANSFORMATION('','',#11,#43);
#8493 = PRODUCT_DEFINITION_SHAPE('Placement','Placement of an item',
  #8494);
#8494 = NEXT_ASSEMBLY_USAGE_OCCURRENCE('200','trim_3','',#5,#7837,$);
#8495 = PRODUCT_RELATED_PRODUCT_CATEGORY('part',$,(#7839));
#8496 = SHAPE_DEFINITION_REPRESENTATION(#8497,#8503);
#8497 = PRODUCT_DEFINITION_SHAPE('','',#8498);
#8498 = PRODUCT_DEFINITION('design','',#8499,#8502);
#8499 = PRODUCT_DEFINITION_FORMATION('','',#8500);
#8500 = PRODUCT('trim_4','trim_4','',(#8501));
#8501 = PRODUCT_CONTEXT('',#2,'mechanical');
#8502 = PRODUCT_DEFINITION_CONTEXT('part definition',#2,'design');
#8503 = ADVANCED_BREP_SHAPE_REPRESENTATION('',(#11,#8504),#9146);
#8504 = MANIFOLD_SOLID_BREP('',#8505);
#8505 = CLOSED_SHELL('',(#8506,#8626,#8702,#8778,#8854,#8930,#9006,#9077
    ,#9124,#9135));
#8506 = ADVANCED_FACE('',(#8507),#8521,.F.);
#8507 = FACE_BOUND('',#8508,.F.);
#8508 = EDGE_LOOP('',(#8509,#8544,#8572,#8600));
#8509 = ORIENTED_EDGE('',*,*,#8510,.T.);
#8510 = EDGE_CURVE('',#8511,#8513,#8515,.T.);
#8511 = VERTEX_POINT('',#8512);
#8512 = CARTESIAN_POINT('',(-3.36,5.35,0.15));
#8513 = VERTEX_POINT('',#8514);
#8514 = CARTESIAN_POINT('',(-3.36,5.35,3.6));
#8515 = SURFACE_CURVE('',#8516,(#8520,#8532),.PCURVE_S1.);
#8516 = LINE('',#8517,#8518);
#8517 = CARTESIAN_POINT('',(-3.36,5.35,0.15));
#8518 = VECTOR('',#8519,1.);
#8519 = DIRECTION('',(0.,0.,1.));
#8520 = PCURVE('',#8521,#8526);
#8521 = PLANE('',#8522);
#8522 = AXIS2_PLACEMENT_3D('',#8523,#8524,#8525);
#8523 = CARTESIAN_POINT('',(-3.36,5.35,0.15));
#8524 = DIRECTION('',(-0.923879532511,-0.382683432365,0.));
#8525 = DIRECTION('',(-0.382683432365,0.923879532511,0.));
#8526 = DEFINITIONAL_REPRESENTATION('',(#8527),#8531);
#8527 = LINE('',#8528,#8529);
#8528 = CARTESIAN_POINT('',(0.,0.));
#8529 = VECTOR('',#8530,1.);
#8530 = DIRECTION('',(0.,-1.));
#8531 = ( GEOMETRIC_REPRESENTATION_CONTEXT(2) 
PARAMETRIC_REPRESENTATION_CONTEXT() REPRESENTATION_CONTEXT('2D SPACE',''
  ) );
#8532 = PCURVE('',#8533,#8538);
#8533 = PLANE('',#8534);
#8534 = AXIS2_PLACEMENT_3D('',#8535,#8536,#8537);
#8535 = CARTESIAN_POINT('',(-3.401005050634,5.251005050634,0.15));
#8536 = DIRECTION('',(-0.923879532511,0.382683432365,0.));
#8537 = DIRECTION('',(0.382683432365,0.923879532511,0.));
#8538 = DEFINITIONAL_REPRESENTATION('',(#8539),#8543);
#8539 = LINE('',#8540,#8541);
#8540 = CARTESIAN_POINT('',(0.107151361062,0.));
#8541 = VECTOR('',#8542,1.);
#8542 = DIRECTION('',(0.,-1.));
#8543 = ( GEOMETRIC_REPRESENTATION_CONTEXT(2) 
PARAMETRIC_REPRESENTATION_CONTEXT() REPRESENTATION_CONTEXT('2D SPACE',''
  ) );
#8544 = ORIENTED_EDGE('',*,*,#8545,.T.);
#8545 = EDGE_CURVE('',#8513,#8546,#8548,.T.);
#8546 = VERTEX_POINT('',#8547);
#8547 = CARTESIAN_POINT('',(-3.401005050634,5.448994949366,3.6));
#8548 = SURFACE_CURVE('',#8549,(#8553,#8560),.PCURVE_S1.);
#8549 = LINE('',#8550,#8551);
#8550 = CARTESIAN_POINT('',(-3.36,5.35,3.6));
#8551 = VECTOR('',#8552,1.);
#8552 = DIRECTION('',(-0.382683432365,0.923879532511,0.));
#8553 = PCURVE('',#8521,#8554);
#8554 = DEFINITIONAL_REPRESENTATION('',(#8555),#8559);
#8555 = LINE('',#8556,#8557);
#8556 = CARTESIAN_POINT('',(0.,-3.45));
#8557 = VECTOR('',#8558,1.);
#8558 = DIRECTION('',(1.,0.));
#8559 = ( GEOMETRIC_REPRESENTATION_CONTEXT(2) 
PARAMETRIC_REPRESENTATION_CONTEXT() REPRESENTATION_CONTEXT('2D SPACE',''
  ) );
#8560 = PCURVE('',#8561,#8566);
#8561 = PLANE('',#8562);
#8562 = AXIS2_PLACEMENT_3D('',#8563,#8564,#8565);
#8563 = CARTESIAN_POINT('',(-3.5,5.35,3.6));
#8564 = DIRECTION('',(0.,0.,1.));
#8565 = DIRECTION('',(1.,0.,-0.));
#8566 = DEFINITIONAL_REPRESENTATION('',(#8567),#8571);
#8567 = LINE('',#8568,#8569);
#8568 = CARTESIAN_POINT('',(0.14,0.));
#8569 = VECTOR('',#8570,1.);
#8570 = DIRECTION('',(-0.382683432365,0.923879532511));
#8571 = ( GEOMETRIC_REPRESENTATION_CONTEXT(2) 
PARAMETRIC_REPRESENTATION_CONTEXT() REPRESENTATION_CONTEXT('2D SPACE',''
  ) );
#8572 = ORIENTED_EDGE('',*,*,#8573,.F.);
#8573 = EDGE_CURVE('',#8574,#8546,#8576,.T.);
#8574 = VERTEX_POINT('',#8575);
#8575 = CARTESIAN_POINT('',(-3.401005050634,5.448994949366,0.15));
#8576 = SURFACE_CURVE('',#8577,(#8581,#8588),.PCURVE_S1.);
#8577 = LINE('',#8578,#8579);
#8578 = CARTESIAN_POINT('',(-3.401005050634,5.448994949366,0.15));
#8579 = VECTOR('',#8580,1.);
#8580 = DIRECTION('',(0.,0.,1.));
#8581 = PCURVE('',#8521,#8582);
#8582 = DEFINITIONAL_REPRESENTATION('',(#8583),#8587);
#8583 = LINE('',#8584,#8585);
#8584 = CARTESIAN_POINT('',(0.107151361062,0.));
#8585 = VECTOR('',#8586,1.);
#8586 = DIRECTION('',(0.,-1.));
#8587 = ( GEOMETRIC_REPRESENTATION_CONTEXT(2) 
PARAMETRIC_REPRESENTATION_CONTEXT() REPRESENTATION_CONTEXT('2D SPACE',''
  ) );
#8588 = PCURVE('',#8589,#8594);
#8589 = PLANE('',#8590);
#8590 = AXIS2_PLACEMENT_3D('',#8591,#8592,#8593);
#8591 = CARTESIAN_POINT('',(-3.401005050634,5.448994949366,0.15));
#8592 = DIRECTION('',(-0.382683432365,-0.923879532511,0.));
#8593 = DIRECTION('',(-0.923879532511,0.382683432365,0.));
#8594 = DEFINITIONAL_REPRESENTATION('',(#8595),#8599);
#8595 = LINE('',#8596,#8597);
#8596 = CARTESIAN_POINT('',(0.,0.));
#8597 = VECTOR('',#8598,1.);
#8598 = DIRECTION('',(0.,-1.));
#8599 = ( GEOMETRIC_REPRESENTATION_CONTEXT(2) 
PARAMETRIC_REPRESENTATION_CONTEXT() REPRESENTATION_CONTEXT('2D SPACE',''
  ) );
#8600 = ORIENTED_EDGE('',*,*,#8601,.F.);
#8601 = EDGE_CURVE('',#8511,#8574,#8602,.T.);
#8602 = SURFACE_CURVE('',#8603,(#8607,#8614),.PCURVE_S1.);
#8603 = LINE('',#8604,#8605);
#8604 = CARTESIAN_POINT('',(-3.36,5.35,0.15));
#8605 = VECTOR('',#8606,1.);
#8606 = DIRECTION('',(-0.382683432365,0.923879532511,0.));
#8607 = PCURVE('',#8521,#8608);
#8608 = DEFINITIONAL_REPRESENTATION('',(#8609),#8613);
#8609 = LINE('',#8610,#8611);
#8610 = CARTESIAN_POINT('',(0.,0.));
#8611 = VECTOR('',#8612,1.);
#8612 = DIRECTION('',(1.,0.));
#8613 = ( GEOMETRIC_REPRESENTATION_CONTEXT(2) 
PARAMETRIC_REPRESENTATION_CONTEXT() REPRESENTATION_CONTEXT('2D SPACE',''
  ) );
#8614 = PCURVE('',#8615,#8620);
#8615 = PLANE('',#8616);
#8616 = AXIS2_PLACEMENT_3D('',#8617,#8618,#8619);
#8617 = CARTESIAN_POINT('',(-3.5,5.35,0.15));
#8618 = DIRECTION('',(0.,0.,1.));
#8619 = DIRECTION('',(1.,0.,-0.));
#8620 = DEFINITIONAL_REPRESENTATION('',(#8621),#8625);
#8621 = LINE('',#8622,#8623);
#8622 = CARTESIAN_POINT('',(0.14,0.));
#8623 = VECTOR('',#8624,1.);
#8624 = DIRECTION('',(-0.382683432365,0.923879532511));
#8625 = ( GEOMETRIC_REPRESENTATION_CONTEXT(2) 
PARAMETRIC_REPRESENTATION_CONTEXT() REPRESENTATION_CONTEXT('2D SPACE',''
  ) );
#8626 = ADVANCED_FACE('',(#8627),#8589,.F.);
#8627 = FACE_BOUND('',#8628,.F.);
#8628 = EDGE_LOOP('',(#8629,#8630,#8653,#8681));
#8629 = ORIENTED_EDGE('',*,*,#8573,.T.);
#8630 = ORIENTED_EDGE('',*,*,#8631,.T.);
#8631 = EDGE_CURVE('',#8546,#8632,#8634,.T.);
#8632 = VERTEX_POINT('',#8633);
#8633 = CARTESIAN_POINT('',(-3.5,5.49,3.6));
#8634 = SURFACE_CURVE('',#8635,(#8639,#8646),.PCURVE_S1.);
#8635 = LINE('',#8636,#8637);
#8636 = CARTESIAN_POINT('',(-3.401005050634,5.448994949366,3.6));
#8637 = VECTOR('',#8638,1.);
#8638 = DIRECTION('',(-0.923879532511,0.382683432365,0.));
#8639 = PCURVE('',#8589,#8640);
#8640 = DEFINITIONAL_REPRESENTATION('',(#8641),#8645);
#8641 = LINE('',#8642,#8643);
#8642 = CARTESIAN_POINT('',(0.,-3.45));
#8643 = VECTOR('',#8644,1.);
#8644 = DIRECTION('',(1.,0.));
#8645 = ( GEOMETRIC_REPRESENTATION_CONTEXT(2) 
PARAMETRIC_REPRESENTATION_CONTEXT() REPRESENTATION_CONTEXT('2D SPACE',''
  ) );
#8646 = PCURVE('',#8561,#8647);
#8647 = DEFINITIONAL_REPRESENTATION('',(#8648),#8652);
#8648 = LINE('',#8649,#8650);
#8649 = CARTESIAN_POINT('',(9.899494936612E-02,9.899494936612E-02));
#8650 = VECTOR('',#8651,1.);
#8651 = DIRECTION('',(-0.923879532511,0.382683432365));
#8652 = ( GEOMETRIC_REPRESENTATION_CONTEXT(2) 
PARAMETRIC_REPRESENTATION_CONTEXT() REPRESENTATION_CONTEXT('2D SPACE',''
  ) );
#8653 = ORIENTED_EDGE('',*,*,#8654,.F.);
#8654 = EDGE_CURVE('',#8655,#8632,#8657,.T.);
#8655 = VERTEX_POINT('',#8656);
#8656 = CARTESIAN_POINT('',(-3.5,5.49,0.15));
#8657 = SURFACE_CURVE('',#8658,(#8662,#8669),.PCURVE_S1.);
#8658 = LINE('',#8659,#8660);
#8659 = CARTESIAN_POINT('',(-3.5,5.49,0.15));
#8660 = VECTOR('',#8661,1.);
#8661 = DIRECTION('',(0.,0.,1.));
#8662 = PCURVE('',#8589,#8663);
#8663 = DEFINITIONAL_REPRESENTATION('',(#8664),#8668);
#8664 = LINE('',#8665,#8666);
#8665 = CARTESIAN_POINT('',(0.107151361062,0.));
#8666 = VECTOR('',#8667,1.);
#8667 = DIRECTION('',(0.,-1.));
#8668 = ( GEOMETRIC_REPRESENTATION_CONTEXT(2) 
PARAMETRIC_REPRESENTATION_CONTEXT() REPRESENTATION_CONTEXT('2D SPACE',''
  ) );
#8669 = PCURVE('',#8670,#8675);
#8670 = PLANE('',#8671);
#8671 = AXIS2_PLACEMENT_3D('',#8672,#8673,#8674);
#8672 = CARTESIAN_POINT('',(-3.5,5.49,0.15));
#8673 = DIRECTION('',(0.382683432365,-0.923879532511,0.));
#8674 = DIRECTION('',(-0.923879532511,-0.382683432365,0.));
#8675 = DEFINITIONAL_REPRESENTATION('',(#8676),#8680);
#8676 = LINE('',#8677,#8678);
#8677 = CARTESIAN_POINT('',(0.,0.));
#8678 = VECTOR('',#8679,1.);
#8679 = DIRECTION('',(0.,-1.));
#8680 = ( GEOMETRIC_REPRESENTATION_CONTEXT(2) 
PARAMETRIC_REPRESENTATION_CONTEXT() REPRESENTATION_CONTEXT('2D SPACE',''
  ) );
#8681 = ORIENTED_EDGE('',*,*,#8682,.F.);
#8682 = EDGE_CURVE('',#8574,#8655,#8683,.T.);
#8683 = SURFACE_CURVE('',#8684,(#8688,#8695),.PCURVE_S1.);
#8684 = LINE('',#8685,#8686);
#8685 = CARTESIAN_POINT('',(-3.401005050634,5.448994949366,0.15));
#8686 = VECTOR('',#8687,1.);
#8687 = DIRECTION('',(-0.923879532511,0.382683432365,0.));
#8688 = PCURVE('',#8589,#8689);
#8689 = DEFINITIONAL_REPRESENTATION('',(#8690),#8694);
#8690 = LINE('',#8691,#8692);
#8691 = CARTESIAN_POINT('',(0.,0.));
#8692 = VECTOR('',#8693,1.);
#8693 = DIRECTION('',(1.,0.));
#8694 = ( GEOMETRIC_REPRESENTATION_CONTEXT(2) 
PARAMETRIC_REPRESENTATION_CONTEXT() REPRESENTATION_CONTEXT('2D SPACE',''
  ) );
#8695 = PCURVE('',#8615,#8696);
#8696 = DEFINITIONAL_REPRESENTATION('',(#8697),#8701);
#8697 = LINE('',#8698,#8699);
#8698 = CARTESIAN_POINT('',(9.899494936612E-02,9.899494936612E-02));
#8699 = VECTOR('',#8700,1.);
#8700 = DIRECTION('',(-0.923879532511,0.382683432365));
#8701 = ( GEOMETRIC_REPRESENTATION_CONTEXT(2) 
PARAMETRIC_REPRESENTATION_CONTEXT() REPRESENTATION_CONTEXT('2D SPACE',''
  ) );
#8702 = ADVANCED_FACE('',(#8703),#8670,.F.);
#8703 = FACE_BOUND('',#8704,.F.);
#8704 = EDGE_LOOP('',(#8705,#8706,#8729,#8757));
#8705 = ORIENTED_EDGE('',*,*,#8654,.T.);
#8706 = ORIENTED_EDGE('',*,*,#8707,.T.);
#8707 = EDGE_CURVE('',#8632,#8708,#8710,.T.);
#8708 = VERTEX_POINT('',#8709);
#8709 = CARTESIAN_POINT('',(-3.598994949366,5.448994949366,3.6));
#8710 = SURFACE_CURVE('',#8711,(#8715,#8722),.PCURVE_S1.);
#8711 = LINE('',#8712,#8713);
#8712 = CARTESIAN_POINT('',(-3.5,5.49,3.6));
#8713 = VECTOR('',#8714,1.);
#8714 = DIRECTION('',(-0.923879532511,-0.382683432365,0.));
#8715 = PCURVE('',#8670,#8716);
#8716 = DEFINITIONAL_REPRESENTATION('',(#8717),#8721);
#8717 = LINE('',#8718,#8719);
#8718 = CARTESIAN_POINT('',(0.,-3.45));
#8719 = VECTOR('',#8720,1.);
#8720 = DIRECTION('',(1.,0.));
#8721 = ( GEOMETRIC_REPRESENTATION_CONTEXT(2) 
PARAMETRIC_REPRESENTATION_CONTEXT() REPRESENTATION_CONTEXT('2D SPACE',''
  ) );
#8722 = PCURVE('',#8561,#8723);
#8723 = DEFINITIONAL_REPRESENTATION('',(#8724),#8728);
#8724 = LINE('',#8725,#8726);
#8725 = CARTESIAN_POINT('',(0.,0.14));
#8726 = VECTOR('',#8727,1.);
#8727 = DIRECTION('',(-0.923879532511,-0.382683432365));
#8728 = ( GEOMETRIC_REPRESENTATION_CONTEXT(2) 
PARAMETRIC_REPRESENTATION_CONTEXT() REPRESENTATION_CONTEXT('2D SPACE',''
  ) );
#8729 = ORIENTED_EDGE('',*,*,#8730,.F.);
#8730 = EDGE_CURVE('',#8731,#8708,#8733,.T.);
#8731 = VERTEX_POINT('',#8732);
#8732 = CARTESIAN_POINT('',(-3.598994949366,5.448994949366,0.15));
#8733 = SURFACE_CURVE('',#8734,(#8738,#8745),.PCURVE_S1.);
#8734 = LINE('',#8735,#8736);
#8735 = CARTESIAN_POINT('',(-3.598994949366,5.448994949366,0.15));
#8736 = VECTOR('',#8737,1.);
#8737 = DIRECTION('',(0.,0.,1.));
#8738 = PCURVE('',#8670,#8739);
#8739 = DEFINITIONAL_REPRESENTATION('',(#8740),#8744);
#8740 = LINE('',#8741,#8742);
#8741 = CARTESIAN_POINT('',(0.107151361062,0.));
#8742 = VECTOR('',#8743,1.);
#8743 = DIRECTION('',(0.,-1.));
#8744 = ( GEOMETRIC_REPRESENTATION_CONTEXT(2) 
PARAMETRIC_REPRESENTATION_CONTEXT() REPRESENTATION_CONTEXT('2D SPACE',''
  ) );
#8745 = PCURVE('',#8746,#8751);
#8746 = PLANE('',#8747);
#8747 = AXIS2_PLACEMENT_3D('',#8748,#8749,#8750);
#8748 = CARTESIAN_POINT('',(-3.598994949366,5.448994949366,0.15));
#8749 = DIRECTION('',(0.923879532511,-0.382683432365,0.));
#8750 = DIRECTION('',(-0.382683432365,-0.923879532511,0.));
#8751 = DEFINITIONAL_REPRESENTATION('',(#8752),#8756);
#8752 = LINE('',#8753,#8754);
#8753 = CARTESIAN_POINT('',(0.,0.));
#8754 = VECTOR('',#8755,1.);
#8755 = DIRECTION('',(0.,-1.));
#8756 = ( GEOMETRIC_REPRESENTATION_CONTEXT(2) 
PARAMETRIC_REPRESENTATION_CONTEXT() REPRESENTATION_CONTEXT('2D SPACE',''
  ) );
#8757 = ORIENTED_EDGE('',*,*,#8758,.F.);
#8758 = EDGE_CURVE('',#8655,#8731,#8759,.T.);
#8759 = SURFACE_CURVE('',#8760,(#8764,#8771),.PCURVE_S1.);
#8760 = LINE('',#8761,#8762);
#8761 = CARTESIAN_POINT('',(-3.5,5.49,0.15));
#8762 = VECTOR('',#8763,1.);
#8763 = DIRECTION('',(-0.923879532511,-0.382683432365,0.));
#8764 = PCURVE('',#8670,#8765);
#8765 = DEFINITIONAL_REPRESENTATION('',(#8766),#8770);
#8766 = LINE('',#8767,#8768);
#8767 = CARTESIAN_POINT('',(0.,0.));
#8768 = VECTOR('',#8769,1.);
#8769 = DIRECTION('',(1.,0.));
#8770 = ( GEOMETRIC_REPRESENTATION_CONTEXT(2) 
PARAMETRIC_REPRESENTATION_CONTEXT() REPRESENTATION_CONTEXT('2D SPACE',''
  ) );
#8771 = PCURVE('',#8615,#8772);
#8772 = DEFINITIONAL_REPRESENTATION('',(#8773),#8777);
#8773 = LINE('',#8774,#8775);
#8774 = CARTESIAN_POINT('',(0.,0.14));
#8775 = VECTOR('',#8776,1.);
#8776 = DIRECTION('',(-0.923879532511,-0.382683432365));
#8777 = ( GEOMETRIC_REPRESENTATION_CONTEXT(2) 
PARAMETRIC_REPRESENTATION_CONTEXT() REPRESENTATION_CONTEXT('2D SPACE',''
  ) );
#8778 = ADVANCED_FACE('',(#8779),#8746,.F.);
#8779 = FACE_BOUND('',#8780,.F.);
#8780 = EDGE_LOOP('',(#8781,#8782,#8805,#8833));
#8781 = ORIENTED_EDGE('',*,*,#8730,.T.);
#8782 = ORIENTED_EDGE('',*,*,#8783,.T.);
#8783 = EDGE_CURVE('',#8708,#8784,#8786,.T.);
#8784 = VERTEX_POINT('',#8785);
#8785 = CARTESIAN_POINT('',(-3.64,5.35,3.6));
#8786 = SURFACE_CURVE('',#8787,(#8791,#8798),.PCURVE_S1.);
#8787 = LINE('',#8788,#8789);
#8788 = CARTESIAN_POINT('',(-3.598994949366,5.448994949366,3.6));
#8789 = VECTOR('',#8790,1.);
#8790 = DIRECTION('',(-0.382683432365,-0.923879532511,0.));
#8791 = PCURVE('',#8746,#8792);
#8792 = DEFINITIONAL_REPRESENTATION('',(#8793),#8797);
#8793 = LINE('',#8794,#8795);
#8794 = CARTESIAN_POINT('',(0.,-3.45));
#8795 = VECTOR('',#8796,1.);
#8796 = DIRECTION('',(1.,0.));
#8797 = ( GEOMETRIC_REPRESENTATION_CONTEXT(2) 
PARAMETRIC_REPRESENTATION_CONTEXT() REPRESENTATION_CONTEXT('2D SPACE',''
  ) );
#8798 = PCURVE('',#8561,#8799);
#8799 = DEFINITIONAL_REPRESENTATION('',(#8800),#8804);
#8800 = LINE('',#8801,#8802);
#8801 = CARTESIAN_POINT('',(-9.899494936612E-02,9.899494936612E-02));
#8802 = VECTOR('',#8803,1.);
#8803 = DIRECTION('',(-0.382683432365,-0.923879532511));
#8804 = ( GEOMETRIC_REPRESENTATION_CONTEXT(2) 
PARAMETRIC_REPRESENTATION_CONTEXT() REPRESENTATION_CONTEXT('2D SPACE',''
  ) );
#8805 = ORIENTED_EDGE('',*,*,#8806,.F.);
#8806 = EDGE_CURVE('',#8807,#8784,#8809,.T.);
#8807 = VERTEX_POINT('',#8808);
#8808 = CARTESIAN_POINT('',(-3.64,5.35,0.15));
#8809 = SURFACE_CURVE('',#8810,(#8814,#8821),.PCURVE_S1.);
#8810 = LINE('',#8811,#8812);
#8811 = CARTESIAN_POINT('',(-3.64,5.35,0.15));
#8812 = VECTOR('',#8813,1.);
#8813 = DIRECTION('',(0.,0.,1.));
#8814 = PCURVE('',#8746,#8815);
#8815 = DEFINITIONAL_REPRESENTATION('',(#8816),#8820);
#8816 = LINE('',#8817,#8818);
#8817 = CARTESIAN_POINT('',(0.107151361062,0.));
#8818 = VECTOR('',#8819,1.);
#8819 = DIRECTION('',(0.,-1.));
#8820 = ( GEOMETRIC_REPRESENTATION_CONTEXT(2) 
PARAMETRIC_REPRESENTATION_CONTEXT() REPRESENTATION_CONTEXT('2D SPACE',''
  ) );
#8821 = PCURVE('',#8822,#8827);
#8822 = PLANE('',#8823);
#8823 = AXIS2_PLACEMENT_3D('',#8824,#8825,#8826);
#8824 = CARTESIAN_POINT('',(-3.64,5.35,0.15));
#8825 = DIRECTION('',(0.923879532511,0.382683432365,-0.));
#8826 = DIRECTION('',(0.382683432365,-0.923879532511,0.));
#8827 = DEFINITIONAL_REPRESENTATION('',(#8828),#8832);
#8828 = LINE('',#8829,#8830);
#8829 = CARTESIAN_POINT('',(0.,0.));
#8830 = VECTOR('',#8831,1.);
#8831 = DIRECTION('',(0.,-1.));
#8832 = ( GEOMETRIC_REPRESENTATION_CONTEXT(2) 
PARAMETRIC_REPRESENTATION_CONTEXT() REPRESENTATION_CONTEXT('2D SPACE',''
  ) );
#8833 = ORIENTED_EDGE('',*,*,#8834,.F.);
#8834 = EDGE_CURVE('',#8731,#8807,#8835,.T.);
#8835 = SURFACE_CURVE('',#8836,(#8840,#8847),.PCURVE_S1.);
#8836 = LINE('',#8837,#8838);
#8837 = CARTESIAN_POINT('',(-3.598994949366,5.448994949366,0.15));
#8838 = VECTOR('',#8839,1.);
#8839 = DIRECTION('',(-0.382683432365,-0.923879532511,0.));
#8840 = PCURVE('',#8746,#8841);
#8841 = DEFINITIONAL_REPRESENTATION('',(#8842),#8846);
#8842 = LINE('',#8843,#8844);
#8843 = CARTESIAN_POINT('',(0.,0.));
#8844 = VECTOR('',#8845,1.);
#8845 = DIRECTION('',(1.,0.));
#8846 = ( GEOMETRIC_REPRESENTATION_CONTEXT(2) 
PARAMETRIC_REPRESENTATION_CONTEXT() REPRESENTATION_CONTEXT('2D SPACE',''
  ) );
#8847 = PCURVE('',#8615,#8848);
#8848 = DEFINITIONAL_REPRESENTATION('',(#8849),#8853);
#8849 = LINE('',#8850,#8851);
#8850 = CARTESIAN_POINT('',(-9.899494936612E-02,9.899494936612E-02));
#8851 = VECTOR('',#8852,1.);
#8852 = DIRECTION('',(-0.382683432365,-0.923879532511));
#8853 = ( GEOMETRIC_REPRESENTATION_CONTEXT(2) 
PARAMETRIC_REPRESENTATION_CONTEXT() REPRESENTATION_CONTEXT('2D SPACE',''
  ) );
#8854 = ADVANCED_FACE('',(#8855),#8822,.F.);
#8855 = FACE_BOUND('',#8856,.F.);
#8856 = EDGE_LOOP('',(#8857,#8858,#8881,#8909));
#8857 = ORIENTED_EDGE('',*,*,#8806,.T.);
#8858 = ORIENTED_EDGE('',*,*,#8859,.T.);
#8859 = EDGE_CURVE('',#8784,#8860,#8862,.T.);
#8860 = VERTEX_POINT('',#8861);
#8861 = CARTESIAN_POINT('',(-3.598994949366,5.251005050634,3.6));
#8862 = SURFACE_CURVE('',#8863,(#8867,#8874),.PCURVE_S1.);
#8863 = LINE('',#8864,#8865);
#8864 = CARTESIAN_POINT('',(-3.64,5.35,3.6));
#8865 = VECTOR('',#8866,1.);
#8866 = DIRECTION('',(0.382683432365,-0.923879532511,0.));
#8867 = PCURVE('',#8822,#8868);
#8868 = DEFINITIONAL_REPRESENTATION('',(#8869),#8873);
#8869 = LINE('',#8870,#8871);
#8870 = CARTESIAN_POINT('',(0.,-3.45));
#8871 = VECTOR('',#8872,1.);
#8872 = DIRECTION('',(1.,0.));
#8873 = ( GEOMETRIC_REPRESENTATION_CONTEXT(2) 
PARAMETRIC_REPRESENTATION_CONTEXT() REPRESENTATION_CONTEXT('2D SPACE',''
  ) );
#8874 = PCURVE('',#8561,#8875);
#8875 = DEFINITIONAL_REPRESENTATION('',(#8876),#8880);
#8876 = LINE('',#8877,#8878);
#8877 = CARTESIAN_POINT('',(-0.14,0.));
#8878 = VECTOR('',#8879,1.);
#8879 = DIRECTION('',(0.382683432365,-0.923879532511));
#8880 = ( GEOMETRIC_REPRESENTATION_CONTEXT(2) 
PARAMETRIC_REPRESENTATION_CONTEXT() REPRESENTATION_CONTEXT('2D SPACE',''
  ) );
#8881 = ORIENTED_EDGE('',*,*,#8882,.F.);
#8882 = EDGE_CURVE('',#8883,#8860,#8885,.T.);
#8883 = VERTEX_POINT('',#8884);
#8884 = CARTESIAN_POINT('',(-3.598994949366,5.251005050634,0.15));
#8885 = SURFACE_CURVE('',#8886,(#8890,#8897),.PCURVE_S1.);
#8886 = LINE('',#8887,#8888);
#8887 = CARTESIAN_POINT('',(-3.598994949366,5.251005050634,0.15));
#8888 = VECTOR('',#8889,1.);
#8889 = DIRECTION('',(0.,0.,1.));
#8890 = PCURVE('',#8822,#8891);
#8891 = DEFINITIONAL_REPRESENTATION('',(#8892),#8896);
#8892 = LINE('',#8893,#8894);
#8893 = CARTESIAN_POINT('',(0.107151361062,0.));
#8894 = VECTOR('',#8895,1.);
#8895 = DIRECTION('',(0.,-1.));
#8896 = ( GEOMETRIC_REPRESENTATION_CONTEXT(2) 
PARAMETRIC_REPRESENTATION_CONTEXT() REPRESENTATION_CONTEXT('2D SPACE',''
  ) );
#8897 = PCURVE('',#8898,#8903);
#8898 = PLANE('',#8899);
#8899 = AXIS2_PLACEMENT_3D('',#8900,#8901,#8902);
#8900 = CARTESIAN_POINT('',(-3.598994949366,5.251005050634,0.15));
#8901 = DIRECTION('',(0.382683432365,0.923879532511,-0.));
#8902 = DIRECTION('',(0.923879532511,-0.382683432365,0.));
#8903 = DEFINITIONAL_REPRESENTATION('',(#8904),#8908);
#8904 = LINE('',#8905,#8906);
#8905 = CARTESIAN_POINT('',(0.,0.));
#8906 = VECTOR('',#8907,1.);
#8907 = DIRECTION('',(0.,-1.));
#8908 = ( GEOMETRIC_REPRESENTATION_CONTEXT(2) 
PARAMETRIC_REPRESENTATION_CONTEXT() REPRESENTATION_CONTEXT('2D SPACE',''
  ) );
#8909 = ORIENTED_EDGE('',*,*,#8910,.F.);
#8910 = EDGE_CURVE('',#8807,#8883,#8911,.T.);
#8911 = SURFACE_CURVE('',#8912,(#8916,#8923),.PCURVE_S1.);
#8912 = LINE('',#8913,#8914);
#8913 = CARTESIAN_POINT('',(-3.64,5.35,0.15));
#8914 = VECTOR('',#8915,1.);
#8915 = DIRECTION('',(0.382683432365,-0.923879532511,0.));
#8916 = PCURVE('',#8822,#8917);
#8917 = DEFINITIONAL_REPRESENTATION('',(#8918),#8922);
#8918 = LINE('',#8919,#8920);
#8919 = CARTESIAN_POINT('',(0.,0.));
#8920 = VECTOR('',#8921,1.);
#8921 = DIRECTION('',(1.,0.));
#8922 = ( GEOMETRIC_REPRESENTATION_CONTEXT(2) 
PARAMETRIC_REPRESENTATION_CONTEXT() REPRESENTATION_CONTEXT('2D SPACE',''
  ) );
#8923 = PCURVE('',#8615,#8924);
#8924 = DEFINITIONAL_REPRESENTATION('',(#8925),#8929);
#8925 = LINE('',#8926,#8927);
#8926 = CARTESIAN_POINT('',(-0.14,0.));
#8927 = VECTOR('',#8928,1.);
#8928 = DIRECTION('',(0.382683432365,-0.923879532511));
#8929 = ( GEOMETRIC_REPRESENTATION_CONTEXT(2) 
PARAMETRIC_REPRESENTATION_CONTEXT() REPRESENTATION_CONTEXT('2D SPACE',''
  ) );
#8930 = ADVANCED_FACE('',(#8931),#8898,.F.);
#8931 = FACE_BOUND('',#8932,.F.);
#8932 = EDGE_LOOP('',(#8933,#8934,#8957,#8985));
#8933 = ORIENTED_EDGE('',*,*,#8882,.T.);
#8934 = ORIENTED_EDGE('',*,*,#8935,.T.);
#8935 = EDGE_CURVE('',#8860,#8936,#8938,.T.);
#8936 = VERTEX_POINT('',#8937);
#8937 = CARTESIAN_POINT('',(-3.5,5.21,3.6));
#8938 = SURFACE_CURVE('',#8939,(#8943,#8950),.PCURVE_S1.);
#8939 = LINE('',#8940,#8941);
#8940 = CARTESIAN_POINT('',(-3.598994949366,5.251005050634,3.6));
#8941 = VECTOR('',#8942,1.);
#8942 = DIRECTION('',(0.923879532511,-0.382683432365,0.));
#8943 = PCURVE('',#8898,#8944);
#8944 = DEFINITIONAL_REPRESENTATION('',(#8945),#8949);
#8945 = LINE('',#8946,#8947);
#8946 = CARTESIAN_POINT('',(0.,-3.45));
#8947 = VECTOR('',#8948,1.);
#8948 = DIRECTION('',(1.,0.));
#8949 = ( GEOMETRIC_REPRESENTATION_CONTEXT(2) 
PARAMETRIC_REPRESENTATION_CONTEXT() REPRESENTATION_CONTEXT('2D SPACE',''
  ) );
#8950 = PCURVE('',#8561,#8951);
#8951 = DEFINITIONAL_REPRESENTATION('',(#8952),#8956);
#8952 = LINE('',#8953,#8954);
#8953 = CARTESIAN_POINT('',(-9.899494936612E-02,-9.899494936612E-02));
#8954 = VECTOR('',#8955,1.);
#8955 = DIRECTION('',(0.923879532511,-0.382683432365));
#8956 = ( GEOMETRIC_REPRESENTATION_CONTEXT(2) 
PARAMETRIC_REPRESENTATION_CONTEXT() REPRESENTATION_CONTEXT('2D SPACE',''
  ) );
#8957 = ORIENTED_EDGE('',*,*,#8958,.F.);
#8958 = EDGE_CURVE('',#8959,#8936,#8961,.T.);
#8959 = VERTEX_POINT('',#8960);
#8960 = CARTESIAN_POINT('',(-3.5,5.21,0.15));
#8961 = SURFACE_CURVE('',#8962,(#8966,#8973),.PCURVE_S1.);
#8962 = LINE('',#8963,#8964);
#8963 = CARTESIAN_POINT('',(-3.5,5.21,0.15));
#8964 = VECTOR('',#8965,1.);
#8965 = DIRECTION('',(0.,0.,1.));
#8966 = PCURVE('',#8898,#8967);
#8967 = DEFINITIONAL_REPRESENTATION('',(#8968),#8972);
#8968 = LINE('',#8969,#8970);
#8969 = CARTESIAN_POINT('',(0.107151361062,0.));
#8970 = VECTOR('',#8971,1.);
#8971 = DIRECTION('',(0.,-1.));
#8972 = ( GEOMETRIC_REPRESENTATION_CONTEXT(2) 
PARAMETRIC_REPRESENTATION_CONTEXT() REPRESENTATION_CONTEXT('2D SPACE',''
  ) );
#8973 = PCURVE('',#8974,#8979);
#8974 = PLANE('',#8975);
#8975 = AXIS2_PLACEMENT_3D('',#8976,#8977,#8978);
#8976 = CARTESIAN_POINT('',(-3.5,5.21,0.15));
#8977 = DIRECTION('',(-0.382683432365,0.923879532511,0.));
#8978 = DIRECTION('',(0.923879532511,0.382683432365,0.));
#8979 = DEFINITIONAL_REPRESENTATION('',(#8980),#8984);
#8980 = LINE('',#8981,#8982);
#8981 = CARTESIAN_POINT('',(0.,0.));
#8982 = VECTOR('',#8983,1.);
#8983 = DIRECTION('',(0.,-1.));
#8984 = ( GEOMETRIC_REPRESENTATION_CONTEXT(2) 
PARAMETRIC_REPRESENTATION_CONTEXT() REPRESENTATION_CONTEXT('2D SPACE',''
  ) );
#8985 = ORIENTED_EDGE('',*,*,#8986,.F.);
#8986 = EDGE_CURVE('',#8883,#8959,#8987,.T.);
#8987 = SURFACE_CURVE('',#8988,(#8992,#8999),.PCURVE_S1.);
#8988 = LINE('',#8989,#8990);
#8989 = CARTESIAN_POINT('',(-3.598994949366,5.251005050634,0.15));
#8990 = VECTOR('',#8991,1.);
#8991 = DIRECTION('',(0.923879532511,-0.382683432365,0.));
#8992 = PCURVE('',#8898,#8993);
#8993 = DEFINITIONAL_REPRESENTATION('',(#8994),#8998);
#8994 = LINE('',#8995,#8996);
#8995 = CARTESIAN_POINT('',(0.,0.));
#8996 = VECTOR('',#8997,1.);
#8997 = DIRECTION('',(1.,0.));
#8998 = ( GEOMETRIC_REPRESENTATION_CONTEXT(2) 
PARAMETRIC_REPRESENTATION_CONTEXT() REPRESENTATION_CONTEXT('2D SPACE',''
  ) );
#8999 = PCURVE('',#8615,#9000);
#9000 = DEFINITIONAL_REPRESENTATION('',(#9001),#9005);
#9001 = LINE('',#9002,#9003);
#9002 = CARTESIAN_POINT('',(-9.899494936612E-02,-9.899494936612E-02));
#9003 = VECTOR('',#9004,1.);
#9004 = DIRECTION('',(0.923879532511,-0.382683432365));
#9005 = ( GEOMETRIC_REPRESENTATION_CONTEXT(2) 
PARAMETRIC_REPRESENTATION_CONTEXT() REPRESENTATION_CONTEXT('2D SPACE',''
  ) );
#9006 = ADVANCED_FACE('',(#9007),#8974,.F.);
#9007 = FACE_BOUND('',#9008,.F.);
#9008 = EDGE_LOOP('',(#9009,#9010,#9033,#9056));
#9009 = ORIENTED_EDGE('',*,*,#8958,.T.);
#9010 = ORIENTED_EDGE('',*,*,#9011,.T.);
#9011 = EDGE_CURVE('',#8936,#9012,#9014,.T.);
#9012 = VERTEX_POINT('',#9013);
#9013 = CARTESIAN_POINT('',(-3.401005050634,5.251005050634,3.6));
#9014 = SURFACE_CURVE('',#9015,(#9019,#9026),.PCURVE_S1.);
#9015 = LINE('',#9016,#9017);
#9016 = CARTESIAN_POINT('',(-3.5,5.21,3.6));
#9017 = VECTOR('',#9018,1.);
#9018 = DIRECTION('',(0.923879532511,0.382683432365,0.));
#9019 = PCURVE('',#8974,#9020);
#9020 = DEFINITIONAL_REPRESENTATION('',(#9021),#9025);
#9021 = LINE('',#9022,#9023);
#9022 = CARTESIAN_POINT('',(0.,-3.45));
#9023 = VECTOR('',#9024,1.);
#9024 = DIRECTION('',(1.,0.));
#9025 = ( GEOMETRIC_REPRESENTATION_CONTEXT(2) 
PARAMETRIC_REPRESENTATION_CONTEXT() REPRESENTATION_CONTEXT('2D SPACE',''
  ) );
#9026 = PCURVE('',#8561,#9027);
#9027 = DEFINITIONAL_REPRESENTATION('',(#9028),#9032);
#9028 = LINE('',#9029,#9030);
#9029 = CARTESIAN_POINT('',(0.,-0.14));
#9030 = VECTOR('',#9031,1.);
#9031 = DIRECTION('',(0.923879532511,0.382683432365));
#9032 = ( GEOMETRIC_REPRESENTATION_CONTEXT(2) 
PARAMETRIC_REPRESENTATION_CONTEXT() REPRESENTATION_CONTEXT('2D SPACE',''
  ) );
#9033 = ORIENTED_EDGE('',*,*,#9034,.F.);
#9034 = EDGE_CURVE('',#9035,#9012,#9037,.T.);
#9035 = VERTEX_POINT('',#9036);
#9036 = CARTESIAN_POINT('',(-3.401005050634,5.251005050634,0.15));
#9037 = SURFACE_CURVE('',#9038,(#9042,#9049),.PCURVE_S1.);
#9038 = LINE('',#9039,#9040);
#9039 = CARTESIAN_POINT('',(-3.401005050634,5.251005050634,0.15));
#9040 = VECTOR('',#9041,1.);
#9041 = DIRECTION('',(0.,0.,1.));
#9042 = PCURVE('',#8974,#9043);
#9043 = DEFINITIONAL_REPRESENTATION('',(#9044),#9048);
#9044 = LINE('',#9045,#9046);
#9045 = CARTESIAN_POINT('',(0.107151361062,0.));
#9046 = VECTOR('',#9047,1.);
#9047 = DIRECTION('',(0.,-1.));
#9048 = ( GEOMETRIC_REPRESENTATION_CONTEXT(2) 
PARAMETRIC_REPRESENTATION_CONTEXT() REPRESENTATION_CONTEXT('2D SPACE',''
  ) );
#9049 = PCURVE('',#8533,#9050);
#9050 = DEFINITIONAL_REPRESENTATION('',(#9051),#9055);
#9051 = LINE('',#9052,#9053);
#9052 = CARTESIAN_POINT('',(0.,0.));
#9053 = VECTOR('',#9054,1.);
#9054 = DIRECTION('',(0.,-1.));
#9055 = ( GEOMETRIC_REPRESENTATION_CONTEXT(2) 
PARAMETRIC_REPRESENTATION_CONTEXT() REPRESENTATION_CONTEXT('2D SPACE',''
  ) );
#9056 = ORIENTED_EDGE('',*,*,#9057,.F.);
#9057 = EDGE_CURVE('',#8959,#9035,#9058,.T.);
#9058 = SURFACE_CURVE('',#9059,(#9063,#9070),.PCURVE_S1.);
#9059 = LINE('',#9060,#9061);
#9060 = CARTESIAN_POINT('',(-3.5,5.21,0.15));
#9061 = VECTOR('',#9062,1.);
#9062 = DIRECTION('',(0.923879532511,0.382683432365,0.));
#9063 = PCURVE('',#8974,#9064);
#9064 = DEFINITIONAL_REPRESENTATION('',(#9065),#9069);
#9065 = LINE('',#9066,#9067);
#9066 = CARTESIAN_POINT('',(0.,0.));
#9067 = VECTOR('',#9068,1.);
#9068 = DIRECTION('',(1.,0.));
#9069 = ( GEOMETRIC_REPRESENTATION_CONTEXT(2) 
PARAMETRIC_REPRESENTATION_CONTEXT() REPRESENTATION_CONTEXT('2D SPACE',''
  ) );
#9070 = PCURVE('',#8615,#9071);
#9071 = DEFINITIONAL_REPRESENTATION('',(#9072),#9076);
#9072 = LINE('',#9073,#9074);
#9073 = CARTESIAN_POINT('',(0.,-0.14));
#9074 = VECTOR('',#9075,1.);
#9075 = DIRECTION('',(0.923879532511,0.382683432365));
#9076 = ( GEOMETRIC_REPRESENTATION_CONTEXT(2) 
PARAMETRIC_REPRESENTATION_CONTEXT() REPRESENTATION_CONTEXT('2D SPACE',''
  ) );
#9077 = ADVANCED_FACE('',(#9078),#8533,.F.);
#9078 = FACE_BOUND('',#9079,.F.);
#9079 = EDGE_LOOP('',(#9080,#9081,#9102,#9103));
#9080 = ORIENTED_EDGE('',*,*,#9034,.T.);
#9081 = ORIENTED_EDGE('',*,*,#9082,.T.);
#9082 = EDGE_CURVE('',#9012,#8513,#9083,.T.);
#9083 = SURFACE_CURVE('',#9084,(#9088,#9095),.PCURVE_S1.);
#9084 = LINE('',#9085,#9086);
#9085 = CARTESIAN_POINT('',(-3.401005050634,5.251005050634,3.6));
#9086 = VECTOR('',#9087,1.);
#9087 = DIRECTION('',(0.382683432365,0.923879532511,0.));
#9088 = PCURVE('',#8533,#9089);
#9089 = DEFINITIONAL_REPRESENTATION('',(#9090),#9094);
#9090 = LINE('',#9091,#9092);
#9091 = CARTESIAN_POINT('',(0.,-3.45));
#9092 = VECTOR('',#9093,1.);
#9093 = DIRECTION('',(1.,0.));
#9094 = ( GEOMETRIC_REPRESENTATION_CONTEXT(2) 
PARAMETRIC_REPRESENTATION_CONTEXT() REPRESENTATION_CONTEXT('2D SPACE',''
  ) );
#9095 = PCURVE('',#8561,#9096);
#9096 = DEFINITIONAL_REPRESENTATION('',(#9097),#9101);
#9097 = LINE('',#9098,#9099);
#9098 = CARTESIAN_POINT('',(9.899494936612E-02,-9.899494936612E-02));
#9099 = VECTOR('',#9100,1.);
#9100 = DIRECTION('',(0.382683432365,0.923879532511));
#9101 = ( GEOMETRIC_REPRESENTATION_CONTEXT(2) 
PARAMETRIC_REPRESENTATION_CONTEXT() REPRESENTATION_CONTEXT('2D SPACE',''
  ) );
#9102 = ORIENTED_EDGE('',*,*,#8510,.F.);
#9103 = ORIENTED_EDGE('',*,*,#9104,.F.);
#9104 = EDGE_CURVE('',#9035,#8511,#9105,.T.);
#9105 = SURFACE_CURVE('',#9106,(#9110,#9117),.PCURVE_S1.);
#9106 = LINE('',#9107,#9108);
#9107 = CARTESIAN_POINT('',(-3.401005050634,5.251005050634,0.15));
#9108 = VECTOR('',#9109,1.);
#9109 = DIRECTION('',(0.382683432365,0.923879532511,0.));
#9110 = PCURVE('',#8533,#9111);
#9111 = DEFINITIONAL_REPRESENTATION('',(#9112),#9116);
#9112 = LINE('',#9113,#9114);
#9113 = CARTESIAN_POINT('',(0.,0.));
#9114 = VECTOR('',#9115,1.);
#9115 = DIRECTION('',(1.,0.));
#9116 = ( GEOMETRIC_REPRESENTATION_CONTEXT(2) 
PARAMETRIC_REPRESENTATION_CONTEXT() REPRESENTATION_CONTEXT('2D SPACE',''
  ) );
#9117 = PCURVE('',#8615,#9118);
#9118 = DEFINITIONAL_REPRESENTATION('',(#9119),#9123);
#9119 = LINE('',#9120,#9121);
#9120 = CARTESIAN_POINT('',(9.899494936612E-02,-9.899494936612E-02));
#9121 = VECTOR('',#9122,1.);
#9122 = DIRECTION('',(0.382683432365,0.923879532511));
#9123 = ( GEOMETRIC_REPRESENTATION_CONTEXT(2) 
PARAMETRIC_REPRESENTATION_CONTEXT() REPRESENTATION_CONTEXT('2D SPACE',''
  ) );
#9124 = ADVANCED_FACE('',(#9125),#8615,.F.);
#9125 = FACE_BOUND('',#9126,.F.);
#9126 = EDGE_LOOP('',(#9127,#9128,#9129,#9130,#9131,#9132,#9133,#9134));
#9127 = ORIENTED_EDGE('',*,*,#8601,.T.);
#9128 = ORIENTED_EDGE('',*,*,#8682,.T.);
#9129 = ORIENTED_EDGE('',*,*,#8758,.T.);
#9130 = ORIENTED_EDGE('',*,*,#8834,.T.);
#9131 = ORIENTED_EDGE('',*,*,#8910,.T.);
#9132 = ORIENTED_EDGE('',*,*,#8986,.T.);
#9133 = ORIENTED_EDGE('',*,*,#9057,.T.);
#9134 = ORIENTED_EDGE('',*,*,#9104,.T.);
#9135 = ADVANCED_FACE('',(#9136),#8561,.T.);
#9136 = FACE_BOUND('',#9137,.T.);
#9137 = EDGE_LOOP('',(#9138,#9139,#9140,#9141,#9142,#9143,#9144,#9145));
#9138 = ORIENTED_EDGE('',*,*,#8545,.T.);
#9139 = ORIENTED_EDGE('',*,*,#8631,.T.);
#9140 = ORIENTED_EDGE('',*,*,#8707,.T.);
#9141 = ORIENTED_EDGE('',*,*,#8783,.T.);
#9142 = ORIENTED_EDGE('',*,*,#8859,.T.);
#9143 = ORIENTED_EDGE('',*,*,#8935,.T.);
#9144 = ORIENTED_EDGE('',*,*,#9011,.T.);
#9145 = ORIENTED_EDGE('',*,*,#9082,.T.);
#9146 = ( GEOMETRIC_REPRESENTATION_CONTEXT(3) 
GLOBAL_UNCERTAINTY_ASSIGNED_CONTEXT((#9150)) 
GLOBAL_UNIT_ASSIGNED_CONTEXT((#9147,#9148,#9149)) REPRESENTATION_CONTEXT
('Context #1','3D Context with UNIT and UNCERTAINTY') );
#9147 = ( LENGTH_UNIT() NAMED_UNIT(*) SI_UNIT(.MILLI.,.METRE.) );
#9148 = ( NAMED_UNIT(*) PLANE_ANGLE_UNIT() SI_UNIT($,.RADIAN.) );
#9149 = ( NAMED_UNIT(*) SI_UNIT($,.STERADIAN.) SOLID_ANGLE_UNIT() );
#9150 = UNCERTAINTY_MEASURE_WITH_UNIT(LENGTH_MEASURE(1.E-07),#9147,
  'distance_accuracy_value','confusion accuracy');
#9151 = CONTEXT_DEPENDENT_SHAPE_REPRESENTATION(#9152,#9154);
#9152 = ( REPRESENTATION_RELATIONSHIP('','',#8503,#10) 
REPRESENTATION_RELATIONSHIP_WITH_TRANSFORMATION(#9153) 
SHAPE_REPRESENTATION_RELATIONSHIP() );
#9153 = ITEM_DEFINED_TRANSFORMATION('','',#11,#47);
#9154 = PRODUCT_DEFINITION_SHAPE('Placement','Placement of an item',
  #9155);
#9155 = NEXT_ASSEMBLY_USAGE_OCCURRENCE('201','trim_4','',#5,#8498,$);
#9156 = PRODUCT_RELATED_PRODUCT_CATEGORY('part',$,(#8500));
#9157 = SHAPE_DEFINITION_REPRESENTATION(#9158,#9164);
#9158 = PRODUCT_DEFINITION_SHAPE('','',#9159);
#9159 = PRODUCT_DEFINITION('design','',#9160,#9163);
#9160 = PRODUCT_DEFINITION_FORMATION('','',#9161);
#9161 = PRODUCT('trim_5','trim_5','',(#9162));
#9162 = PRODUCT_CONTEXT('',#2,'mechanical');
#9163 = PRODUCT_DEFINITION_CONTEXT('part definition',#2,'design');
#9164 = ADVANCED_BREP_SHAPE_REPRESENTATION('',(#11,#9165),#9807);
#9165 = MANIFOLD_SOLID_BREP('',#9166);
#9166 = CLOSED_SHELL('',(#9167,#9287,#9363,#9439,#9515,#9591,#9667,#9738
    ,#9785,#9796));
#9167 = ADVANCED_FACE('',(#9168),#9182,.F.);
#9168 = FACE_BOUND('',#9169,.F.);
#9169 = EDGE_LOOP('',(#9170,#9205,#9233,#9261));
#9170 = ORIENTED_EDGE('',*,*,#9171,.T.);
#9171 = EDGE_CURVE('',#9172,#9174,#9176,.T.);
#9172 = VERTEX_POINT('',#9173);
#9173 = CARTESIAN_POINT('',(-1.06,5.35,0.15));
#9174 = VERTEX_POINT('',#9175);
#9175 = CARTESIAN_POINT('',(-1.06,5.35,3.6));
#9176 = SURFACE_CURVE('',#9177,(#9181,#9193),.PCURVE_S1.);
#9177 = LINE('',#9178,#9179);
#9178 = CARTESIAN_POINT('',(-1.06,5.35,0.15));
#9179 = VECTOR('',#9180,1.);
#9180 = DIRECTION('',(0.,0.,1.));
#9181 = PCURVE('',#9182,#9187);
#9182 = PLANE('',#9183);
#9183 = AXIS2_PLACEMENT_3D('',#9184,#9185,#9186);
#9184 = CARTESIAN_POINT('',(-1.06,5.35,0.15));
#9185 = DIRECTION('',(-0.923879532511,-0.382683432365,0.));
#9186 = DIRECTION('',(-0.382683432365,0.923879532511,0.));
#9187 = DEFINITIONAL_REPRESENTATION('',(#9188),#9192);
#9188 = LINE('',#9189,#9190);
#9189 = CARTESIAN_POINT('',(0.,0.));
#9190 = VECTOR('',#9191,1.);
#9191 = DIRECTION('',(0.,-1.));
#9192 = ( GEOMETRIC_REPRESENTATION_CONTEXT(2) 
PARAMETRIC_REPRESENTATION_CONTEXT() REPRESENTATION_CONTEXT('2D SPACE',''
  ) );
#9193 = PCURVE('',#9194,#9199);
#9194 = PLANE('',#9195);
#9195 = AXIS2_PLACEMENT_3D('',#9196,#9197,#9198);
#9196 = CARTESIAN_POINT('',(-1.101005050634,5.251005050634,0.15));
#9197 = DIRECTION('',(-0.923879532511,0.382683432365,0.));
#9198 = DIRECTION('',(0.382683432365,0.923879532511,0.));
#9199 = DEFINITIONAL_REPRESENTATION('',(#9200),#9204);
#9200 = LINE('',#9201,#9202);
#9201 = CARTESIAN_POINT('',(0.107151361062,0.));
#9202 = VECTOR('',#9203,1.);
#9203 = DIRECTION('',(0.,-1.));
#9204 = ( GEOMETRIC_REPRESENTATION_CONTEXT(2) 
PARAMETRIC_REPRESENTATION_CONTEXT() REPRESENTATION_CONTEXT('2D SPACE',''
  ) );
#9205 = ORIENTED_EDGE('',*,*,#9206,.T.);
#9206 = EDGE_CURVE('',#9174,#9207,#9209,.T.);
#9207 = VERTEX_POINT('',#9208);
#9208 = CARTESIAN_POINT('',(-1.101005050634,5.448994949366,3.6));
#9209 = SURFACE_CURVE('',#9210,(#9214,#9221),.PCURVE_S1.);
#9210 = LINE('',#9211,#9212);
#9211 = CARTESIAN_POINT('',(-1.06,5.35,3.6));
#9212 = VECTOR('',#9213,1.);
#9213 = DIRECTION('',(-0.382683432365,0.923879532511,0.));
#9214 = PCURVE('',#9182,#9215);
#9215 = DEFINITIONAL_REPRESENTATION('',(#9216),#9220);
#9216 = LINE('',#9217,#9218);
#9217 = CARTESIAN_POINT('',(0.,-3.45));
#9218 = VECTOR('',#9219,1.);
#9219 = DIRECTION('',(1.,0.));
#9220 = ( GEOMETRIC_REPRESENTATION_CONTEXT(2) 
PARAMETRIC_REPRESENTATION_CONTEXT() REPRESENTATION_CONTEXT('2D SPACE',''
  ) );
#9221 = PCURVE('',#9222,#9227);
#9222 = PLANE('',#9223);
#9223 = AXIS2_PLACEMENT_3D('',#9224,#9225,#9226);
#9224 = CARTESIAN_POINT('',(-1.2,5.35,3.6));
#9225 = DIRECTION('',(0.,0.,1.));
#9226 = DIRECTION('',(1.,0.,-0.));
#9227 = DEFINITIONAL_REPRESENTATION('',(#9228),#9232);
#9228 = LINE('',#9229,#9230);
#9229 = CARTESIAN_POINT('',(0.14,0.));
#9230 = VECTOR('',#9231,1.);
#9231 = DIRECTION('',(-0.382683432365,0.923879532511));
#9232 = ( GEOMETRIC_REPRESENTATION_CONTEXT(2) 
PARAMETRIC_REPRESENTATION_CONTEXT() REPRESENTATION_CONTEXT('2D SPACE',''
  ) );
#9233 = ORIENTED_EDGE('',*,*,#9234,.F.);
#9234 = EDGE_CURVE('',#9235,#9207,#9237,.T.);
#9235 = VERTEX_POINT('',#9236);
#9236 = CARTESIAN_POINT('',(-1.101005050634,5.448994949366,0.15));
#9237 = SURFACE_CURVE('',#9238,(#9242,#9249),.PCURVE_S1.);
#9238 = LINE('',#9239,#9240);
#9239 = CARTESIAN_POINT('',(-1.101005050634,5.448994949366,0.15));
#9240 = VECTOR('',#9241,1.);
#9241 = DIRECTION('',(0.,0.,1.));
#9242 = PCURVE('',#9182,#9243);
#9243 = DEFINITIONAL_REPRESENTATION('',(#9244),#9248);
#9244 = LINE('',#9245,#9246);
#9245 = CARTESIAN_POINT('',(0.107151361062,0.));
#9246 = VECTOR('',#9247,1.);
#9247 = DIRECTION('',(0.,-1.));
#9248 = ( GEOMETRIC_REPRESENTATION_CONTEXT(2) 
PARAMETRIC_REPRESENTATION_CONTEXT() REPRESENTATION_CONTEXT('2D SPACE',''
  ) );
#9249 = PCURVE('',#9250,#9255);
#9250 = PLANE('',#9251);
#9251 = AXIS2_PLACEMENT_3D('',#9252,#9253,#9254);
#9252 = CARTESIAN_POINT('',(-1.101005050634,5.448994949366,0.15));
#9253 = DIRECTION('',(-0.382683432365,-0.923879532511,0.));
#9254 = DIRECTION('',(-0.923879532511,0.382683432365,0.));
#9255 = DEFINITIONAL_REPRESENTATION('',(#9256),#9260);
#9256 = LINE('',#9257,#9258);
#9257 = CARTESIAN_POINT('',(0.,0.));
#9258 = VECTOR('',#9259,1.);
#9259 = DIRECTION('',(0.,-1.));
#9260 = ( GEOMETRIC_REPRESENTATION_CONTEXT(2) 
PARAMETRIC_REPRESENTATION_CONTEXT() REPRESENTATION_CONTEXT('2D SPACE',''
  ) );
#9261 = ORIENTED_EDGE('',*,*,#9262,.F.);
#9262 = EDGE_CURVE('',#9172,#9235,#9263,.T.);
#9263 = SURFACE_CURVE('',#9264,(#9268,#9275),.PCURVE_S1.);
#9264 = LINE('',#9265,#9266);
#9265 = CARTESIAN_POINT('',(-1.06,5.35,0.15));
#9266 = VECTOR('',#9267,1.);
#9267 = DIRECTION('',(-0.382683432365,0.923879532511,0.));
#9268 = PCURVE('',#9182,#9269);
#9269 = DEFINITIONAL_REPRESENTATION('',(#9270),#9274);
#9270 = LINE('',#9271,#9272);
#9271 = CARTESIAN_POINT('',(0.,0.));
#9272 = VECTOR('',#9273,1.);
#9273 = DIRECTION('',(1.,0.));
#9274 = ( GEOMETRIC_REPRESENTATION_CONTEXT(2) 
PARAMETRIC_REPRESENTATION_CONTEXT() REPRESENTATION_CONTEXT('2D SPACE',''
  ) );
#9275 = PCURVE('',#9276,#9281);
#9276 = PLANE('',#9277);
#9277 = AXIS2_PLACEMENT_3D('',#9278,#9279,#9280);
#9278 = CARTESIAN_POINT('',(-1.2,5.35,0.15));
#9279 = DIRECTION('',(0.,0.,1.));
#9280 = DIRECTION('',(1.,0.,-0.));
#9281 = DEFINITIONAL_REPRESENTATION('',(#9282),#9286);
#9282 = LINE('',#9283,#9284);
#9283 = CARTESIAN_POINT('',(0.14,0.));
#9284 = VECTOR('',#9285,1.);
#9285 = DIRECTION('',(-0.382683432365,0.923879532511));
#9286 = ( GEOMETRIC_REPRESENTATION_CONTEXT(2) 
PARAMETRIC_REPRESENTATION_CONTEXT() REPRESENTATION_CONTEXT('2D SPACE',''
  ) );
#9287 = ADVANCED_FACE('',(#9288),#9250,.F.);
#9288 = FACE_BOUND('',#9289,.F.);
#9289 = EDGE_LOOP('',(#9290,#9291,#9314,#9342));
#9290 = ORIENTED_EDGE('',*,*,#9234,.T.);
#9291 = ORIENTED_EDGE('',*,*,#9292,.T.);
#9292 = EDGE_CURVE('',#9207,#9293,#9295,.T.);
#9293 = VERTEX_POINT('',#9294);
#9294 = CARTESIAN_POINT('',(-1.2,5.49,3.6));
#9295 = SURFACE_CURVE('',#9296,(#9300,#9307),.PCURVE_S1.);
#9296 = LINE('',#9297,#9298);
#9297 = CARTESIAN_POINT('',(-1.101005050634,5.448994949366,3.6));
#9298 = VECTOR('',#9299,1.);
#9299 = DIRECTION('',(-0.923879532511,0.382683432365,0.));
#9300 = PCURVE('',#9250,#9301);
#9301 = DEFINITIONAL_REPRESENTATION('',(#9302),#9306);
#9302 = LINE('',#9303,#9304);
#9303 = CARTESIAN_POINT('',(0.,-3.45));
#9304 = VECTOR('',#9305,1.);
#9305 = DIRECTION('',(1.,0.));
#9306 = ( GEOMETRIC_REPRESENTATION_CONTEXT(2) 
PARAMETRIC_REPRESENTATION_CONTEXT() REPRESENTATION_CONTEXT('2D SPACE',''
  ) );
#9307 = PCURVE('',#9222,#9308);
#9308 = DEFINITIONAL_REPRESENTATION('',(#9309),#9313);
#9309 = LINE('',#9310,#9311);
#9310 = CARTESIAN_POINT('',(9.899494936612E-02,9.899494936612E-02));
#9311 = VECTOR('',#9312,1.);
#9312 = DIRECTION('',(-0.923879532511,0.382683432365));
#9313 = ( GEOMETRIC_REPRESENTATION_CONTEXT(2) 
PARAMETRIC_REPRESENTATION_CONTEXT() REPRESENTATION_CONTEXT('2D SPACE',''
  ) );
#9314 = ORIENTED_EDGE('',*,*,#9315,.F.);
#9315 = EDGE_CURVE('',#9316,#9293,#9318,.T.);
#9316 = VERTEX_POINT('',#9317);
#9317 = CARTESIAN_POINT('',(-1.2,5.49,0.15));
#9318 = SURFACE_CURVE('',#9319,(#9323,#9330),.PCURVE_S1.);
#9319 = LINE('',#9320,#9321);
#9320 = CARTESIAN_POINT('',(-1.2,5.49,0.15));
#9321 = VECTOR('',#9322,1.);
#9322 = DIRECTION('',(0.,0.,1.));
#9323 = PCURVE('',#9250,#9324);
#9324 = DEFINITIONAL_REPRESENTATION('',(#9325),#9329);
#9325 = LINE('',#9326,#9327);
#9326 = CARTESIAN_POINT('',(0.107151361062,0.));
#9327 = VECTOR('',#9328,1.);
#9328 = DIRECTION('',(0.,-1.));
#9329 = ( GEOMETRIC_REPRESENTATION_CONTEXT(2) 
PARAMETRIC_REPRESENTATION_CONTEXT() REPRESENTATION_CONTEXT('2D SPACE',''
  ) );
#9330 = PCURVE('',#9331,#9336);
#9331 = PLANE('',#9332);
#9332 = AXIS2_PLACEMENT_3D('',#9333,#9334,#9335);
#9333 = CARTESIAN_POINT('',(-1.2,5.49,0.15));
#9334 = DIRECTION('',(0.382683432365,-0.923879532511,0.));
#9335 = DIRECTION('',(-0.923879532511,-0.382683432365,0.));
#9336 = DEFINITIONAL_REPRESENTATION('',(#9337),#9341);
#9337 = LINE('',#9338,#9339);
#9338 = CARTESIAN_POINT('',(0.,0.));
#9339 = VECTOR('',#9340,1.);
#9340 = DIRECTION('',(0.,-1.));
#9341 = ( GEOMETRIC_REPRESENTATION_CONTEXT(2) 
PARAMETRIC_REPRESENTATION_CONTEXT() REPRESENTATION_CONTEXT('2D SPACE',''
  ) );
#9342 = ORIENTED_EDGE('',*,*,#9343,.F.);
#9343 = EDGE_CURVE('',#9235,#9316,#9344,.T.);
#9344 = SURFACE_CURVE('',#9345,(#9349,#9356),.PCURVE_S1.);
#9345 = LINE('',#9346,#9347);
#9346 = CARTESIAN_POINT('',(-1.101005050634,5.448994949366,0.15));
#9347 = VECTOR('',#9348,1.);
#9348 = DIRECTION('',(-0.923879532511,0.382683432365,0.));
#9349 = PCURVE('',#9250,#9350);
#9350 = DEFINITIONAL_REPRESENTATION('',(#9351),#9355);
#9351 = LINE('',#9352,#9353);
#9352 = CARTESIAN_POINT('',(0.,0.));
#9353 = VECTOR('',#9354,1.);
#9354 = DIRECTION('',(1.,0.));
#9355 = ( GEOMETRIC_REPRESENTATION_CONTEXT(2) 
PARAMETRIC_REPRESENTATION_CONTEXT() REPRESENTATION_CONTEXT('2D SPACE',''
  ) );
#9356 = PCURVE('',#9276,#9357);
#9357 = DEFINITIONAL_REPRESENTATION('',(#9358),#9362);
#9358 = LINE('',#9359,#9360);
#9359 = CARTESIAN_POINT('',(9.899494936612E-02,9.899494936612E-02));
#9360 = VECTOR('',#9361,1.);
#9361 = DIRECTION('',(-0.923879532511,0.382683432365));
#9362 = ( GEOMETRIC_REPRESENTATION_CONTEXT(2) 
PARAMETRIC_REPRESENTATION_CONTEXT() REPRESENTATION_CONTEXT('2D SPACE',''
  ) );
#9363 = ADVANCED_FACE('',(#9364),#9331,.F.);
#9364 = FACE_BOUND('',#9365,.F.);
#9365 = EDGE_LOOP('',(#9366,#9367,#9390,#9418));
#9366 = ORIENTED_EDGE('',*,*,#9315,.T.);
#9367 = ORIENTED_EDGE('',*,*,#9368,.T.);
#9368 = EDGE_CURVE('',#9293,#9369,#9371,.T.);
#9369 = VERTEX_POINT('',#9370);
#9370 = CARTESIAN_POINT('',(-1.298994949366,5.448994949366,3.6));
#9371 = SURFACE_CURVE('',#9372,(#9376,#9383),.PCURVE_S1.);
#9372 = LINE('',#9373,#9374);
#9373 = CARTESIAN_POINT('',(-1.2,5.49,3.6));
#9374 = VECTOR('',#9375,1.);
#9375 = DIRECTION('',(-0.923879532511,-0.382683432365,0.));
#9376 = PCURVE('',#9331,#9377);
#9377 = DEFINITIONAL_REPRESENTATION('',(#9378),#9382);
#9378 = LINE('',#9379,#9380);
#9379 = CARTESIAN_POINT('',(0.,-3.45));
#9380 = VECTOR('',#9381,1.);
#9381 = DIRECTION('',(1.,0.));
#9382 = ( GEOMETRIC_REPRESENTATION_CONTEXT(2) 
PARAMETRIC_REPRESENTATION_CONTEXT() REPRESENTATION_CONTEXT('2D SPACE',''
  ) );
#9383 = PCURVE('',#9222,#9384);
#9384 = DEFINITIONAL_REPRESENTATION('',(#9385),#9389);
#9385 = LINE('',#9386,#9387);
#9386 = CARTESIAN_POINT('',(0.,0.14));
#9387 = VECTOR('',#9388,1.);
#9388 = DIRECTION('',(-0.923879532511,-0.382683432365));
#9389 = ( GEOMETRIC_REPRESENTATION_CONTEXT(2) 
PARAMETRIC_REPRESENTATION_CONTEXT() REPRESENTATION_CONTEXT('2D SPACE',''
  ) );
#9390 = ORIENTED_EDGE('',*,*,#9391,.F.);
#9391 = EDGE_CURVE('',#9392,#9369,#9394,.T.);
#9392 = VERTEX_POINT('',#9393);
#9393 = CARTESIAN_POINT('',(-1.298994949366,5.448994949366,0.15));
#9394 = SURFACE_CURVE('',#9395,(#9399,#9406),.PCURVE_S1.);
#9395 = LINE('',#9396,#9397);
#9396 = CARTESIAN_POINT('',(-1.298994949366,5.448994949366,0.15));
#9397 = VECTOR('',#9398,1.);
#9398 = DIRECTION('',(0.,0.,1.));
#9399 = PCURVE('',#9331,#9400);
#9400 = DEFINITIONAL_REPRESENTATION('',(#9401),#9405);
#9401 = LINE('',#9402,#9403);
#9402 = CARTESIAN_POINT('',(0.107151361062,0.));
#9403 = VECTOR('',#9404,1.);
#9404 = DIRECTION('',(0.,-1.));
#9405 = ( GEOMETRIC_REPRESENTATION_CONTEXT(2) 
PARAMETRIC_REPRESENTATION_CONTEXT() REPRESENTATION_CONTEXT('2D SPACE',''
  ) );
#9406 = PCURVE('',#9407,#9412);
#9407 = PLANE('',#9408);
#9408 = AXIS2_PLACEMENT_3D('',#9409,#9410,#9411);
#9409 = CARTESIAN_POINT('',(-1.298994949366,5.448994949366,0.15));
#9410 = DIRECTION('',(0.923879532511,-0.382683432365,0.));
#9411 = DIRECTION('',(-0.382683432365,-0.923879532511,0.));
#9412 = DEFINITIONAL_REPRESENTATION('',(#9413),#9417);
#9413 = LINE('',#9414,#9415);
#9414 = CARTESIAN_POINT('',(0.,0.));
#9415 = VECTOR('',#9416,1.);
#9416 = DIRECTION('',(0.,-1.));
#9417 = ( GEOMETRIC_REPRESENTATION_CONTEXT(2) 
PARAMETRIC_REPRESENTATION_CONTEXT() REPRESENTATION_CONTEXT('2D SPACE',''
  ) );
#9418 = ORIENTED_EDGE('',*,*,#9419,.F.);
#9419 = EDGE_CURVE('',#9316,#9392,#9420,.T.);
#9420 = SURFACE_CURVE('',#9421,(#9425,#9432),.PCURVE_S1.);
#9421 = LINE('',#9422,#9423);
#9422 = CARTESIAN_POINT('',(-1.2,5.49,0.15));
#9423 = VECTOR('',#9424,1.);
#9424 = DIRECTION('',(-0.923879532511,-0.382683432365,0.));
#9425 = PCURVE('',#9331,#9426);
#9426 = DEFINITIONAL_REPRESENTATION('',(#9427),#9431);
#9427 = LINE('',#9428,#9429);
#9428 = CARTESIAN_POINT('',(0.,0.));
#9429 = VECTOR('',#9430,1.);
#9430 = DIRECTION('',(1.,0.));
#9431 = ( GEOMETRIC_REPRESENTATION_CONTEXT(2) 
PARAMETRIC_REPRESENTATION_CONTEXT() REPRESENTATION_CONTEXT('2D SPACE',''
  ) );
#9432 = PCURVE('',#9276,#9433);
#9433 = DEFINITIONAL_REPRESENTATION('',(#9434),#9438);
#9434 = LINE('',#9435,#9436);
#9435 = CARTESIAN_POINT('',(0.,0.14));
#9436 = VECTOR('',#9437,1.);
#9437 = DIRECTION('',(-0.923879532511,-0.382683432365));
#9438 = ( GEOMETRIC_REPRESENTATION_CONTEXT(2) 
PARAMETRIC_REPRESENTATION_CONTEXT() REPRESENTATION_CONTEXT('2D SPACE',''
  ) );
#9439 = ADVANCED_FACE('',(#9440),#9407,.F.);
#9440 = FACE_BOUND('',#9441,.F.);
#9441 = EDGE_LOOP('',(#9442,#9443,#9466,#9494));
#9442 = ORIENTED_EDGE('',*,*,#9391,.T.);
#9443 = ORIENTED_EDGE('',*,*,#9444,.T.);
#9444 = EDGE_CURVE('',#9369,#9445,#9447,.T.);
#9445 = VERTEX_POINT('',#9446);
#9446 = CARTESIAN_POINT('',(-1.34,5.35,3.6));
#9447 = SURFACE_CURVE('',#9448,(#9452,#9459),.PCURVE_S1.);
#9448 = LINE('',#9449,#9450);
#9449 = CARTESIAN_POINT('',(-1.298994949366,5.448994949366,3.6));
#9450 = VECTOR('',#9451,1.);
#9451 = DIRECTION('',(-0.382683432365,-0.923879532511,0.));
#9452 = PCURVE('',#9407,#9453);
#9453 = DEFINITIONAL_REPRESENTATION('',(#9454),#9458);
#9454 = LINE('',#9455,#9456);
#9455 = CARTESIAN_POINT('',(0.,-3.45));
#9456 = VECTOR('',#9457,1.);
#9457 = DIRECTION('',(1.,0.));
#9458 = ( GEOMETRIC_REPRESENTATION_CONTEXT(2) 
PARAMETRIC_REPRESENTATION_CONTEXT() REPRESENTATION_CONTEXT('2D SPACE',''
  ) );
#9459 = PCURVE('',#9222,#9460);
#9460 = DEFINITIONAL_REPRESENTATION('',(#9461),#9465);
#9461 = LINE('',#9462,#9463);
#9462 = CARTESIAN_POINT('',(-9.899494936612E-02,9.899494936612E-02));
#9463 = VECTOR('',#9464,1.);
#9464 = DIRECTION('',(-0.382683432365,-0.923879532511));
#9465 = ( GEOMETRIC_REPRESENTATION_CONTEXT(2) 
PARAMETRIC_REPRESENTATION_CONTEXT() REPRESENTATION_CONTEXT('2D SPACE',''
  ) );
#9466 = ORIENTED_EDGE('',*,*,#9467,.F.);
#9467 = EDGE_CURVE('',#9468,#9445,#9470,.T.);
#9468 = VERTEX_POINT('',#9469);
#9469 = CARTESIAN_POINT('',(-1.34,5.35,0.15));
#9470 = SURFACE_CURVE('',#9471,(#9475,#9482),.PCURVE_S1.);
#9471 = LINE('',#9472,#9473);
#9472 = CARTESIAN_POINT('',(-1.34,5.35,0.15));
#9473 = VECTOR('',#9474,1.);
#9474 = DIRECTION('',(0.,0.,1.));
#9475 = PCURVE('',#9407,#9476);
#9476 = DEFINITIONAL_REPRESENTATION('',(#9477),#9481);
#9477 = LINE('',#9478,#9479);
#9478 = CARTESIAN_POINT('',(0.107151361062,0.));
#9479 = VECTOR('',#9480,1.);
#9480 = DIRECTION('',(0.,-1.));
#9481 = ( GEOMETRIC_REPRESENTATION_CONTEXT(2) 
PARAMETRIC_REPRESENTATION_CONTEXT() REPRESENTATION_CONTEXT('2D SPACE',''
  ) );
#9482 = PCURVE('',#9483,#9488);
#9483 = PLANE('',#9484);
#9484 = AXIS2_PLACEMENT_3D('',#9485,#9486,#9487);
#9485 = CARTESIAN_POINT('',(-1.34,5.35,0.15));
#9486 = DIRECTION('',(0.923879532511,0.382683432365,-0.));
#9487 = DIRECTION('',(0.382683432365,-0.923879532511,0.));
#9488 = DEFINITIONAL_REPRESENTATION('',(#9489),#9493);
#9489 = LINE('',#9490,#9491);
#9490 = CARTESIAN_POINT('',(0.,0.));
#9491 = VECTOR('',#9492,1.);
#9492 = DIRECTION('',(0.,-1.));
#9493 = ( GEOMETRIC_REPRESENTATION_CONTEXT(2) 
PARAMETRIC_REPRESENTATION_CONTEXT() REPRESENTATION_CONTEXT('2D SPACE',''
  ) );
#9494 = ORIENTED_EDGE('',*,*,#9495,.F.);
#9495 = EDGE_CURVE('',#9392,#9468,#9496,.T.);
#9496 = SURFACE_CURVE('',#9497,(#9501,#9508),.PCURVE_S1.);
#9497 = LINE('',#9498,#9499);
#9498 = CARTESIAN_POINT('',(-1.298994949366,5.448994949366,0.15));
#9499 = VECTOR('',#9500,1.);
#9500 = DIRECTION('',(-0.382683432365,-0.923879532511,0.));
#9501 = PCURVE('',#9407,#9502);
#9502 = DEFINITIONAL_REPRESENTATION('',(#9503),#9507);
#9503 = LINE('',#9504,#9505);
#9504 = CARTESIAN_POINT('',(0.,0.));
#9505 = VECTOR('',#9506,1.);
#9506 = DIRECTION('',(1.,0.));
#9507 = ( GEOMETRIC_REPRESENTATION_CONTEXT(2) 
PARAMETRIC_REPRESENTATION_CONTEXT() REPRESENTATION_CONTEXT('2D SPACE',''
  ) );
#9508 = PCURVE('',#9276,#9509);
#9509 = DEFINITIONAL_REPRESENTATION('',(#9510),#9514);
#9510 = LINE('',#9511,#9512);
#9511 = CARTESIAN_POINT('',(-9.899494936612E-02,9.899494936612E-02));
#9512 = VECTOR('',#9513,1.);
#9513 = DIRECTION('',(-0.382683432365,-0.923879532511));
#9514 = ( GEOMETRIC_REPRESENTATION_CONTEXT(2) 
PARAMETRIC_REPRESENTATION_CONTEXT() REPRESENTATION_CONTEXT('2D SPACE',''
  ) );
#9515 = ADVANCED_FACE('',(#9516),#9483,.F.);
#9516 = FACE_BOUND('',#9517,.F.);
#9517 = EDGE_LOOP('',(#9518,#9519,#9542,#9570));
#9518 = ORIENTED_EDGE('',*,*,#9467,.T.);
#9519 = ORIENTED_EDGE('',*,*,#9520,.T.);
#9520 = EDGE_CURVE('',#9445,#9521,#9523,.T.);
#9521 = VERTEX_POINT('',#9522);
#9522 = CARTESIAN_POINT('',(-1.298994949366,5.251005050634,3.6));
#9523 = SURFACE_CURVE('',#9524,(#9528,#9535),.PCURVE_S1.);
#9524 = LINE('',#9525,#9526);
#9525 = CARTESIAN_POINT('',(-1.34,5.35,3.6));
#9526 = VECTOR('',#9527,1.);
#9527 = DIRECTION('',(0.382683432365,-0.923879532511,0.));
#9528 = PCURVE('',#9483,#9529);
#9529 = DEFINITIONAL_REPRESENTATION('',(#9530),#9534);
#9530 = LINE('',#9531,#9532);
#9531 = CARTESIAN_POINT('',(0.,-3.45));
#9532 = VECTOR('',#9533,1.);
#9533 = DIRECTION('',(1.,0.));
#9534 = ( GEOMETRIC_REPRESENTATION_CONTEXT(2) 
PARAMETRIC_REPRESENTATION_CONTEXT() REPRESENTATION_CONTEXT('2D SPACE',''
  ) );
#9535 = PCURVE('',#9222,#9536);
#9536 = DEFINITIONAL_REPRESENTATION('',(#9537),#9541);
#9537 = LINE('',#9538,#9539);
#9538 = CARTESIAN_POINT('',(-0.14,0.));
#9539 = VECTOR('',#9540,1.);
#9540 = DIRECTION('',(0.382683432365,-0.923879532511));
#9541 = ( GEOMETRIC_REPRESENTATION_CONTEXT(2) 
PARAMETRIC_REPRESENTATION_CONTEXT() REPRESENTATION_CONTEXT('2D SPACE',''
  ) );
#9542 = ORIENTED_EDGE('',*,*,#9543,.F.);
#9543 = EDGE_CURVE('',#9544,#9521,#9546,.T.);
#9544 = VERTEX_POINT('',#9545);
#9545 = CARTESIAN_POINT('',(-1.298994949366,5.251005050634,0.15));
#9546 = SURFACE_CURVE('',#9547,(#9551,#9558),.PCURVE_S1.);
#9547 = LINE('',#9548,#9549);
#9548 = CARTESIAN_POINT('',(-1.298994949366,5.251005050634,0.15));
#9549 = VECTOR('',#9550,1.);
#9550 = DIRECTION('',(0.,0.,1.));
#9551 = PCURVE('',#9483,#9552);
#9552 = DEFINITIONAL_REPRESENTATION('',(#9553),#9557);
#9553 = LINE('',#9554,#9555);
#9554 = CARTESIAN_POINT('',(0.107151361062,0.));
#9555 = VECTOR('',#9556,1.);
#9556 = DIRECTION('',(0.,-1.));
#9557 = ( GEOMETRIC_REPRESENTATION_CONTEXT(2) 
PARAMETRIC_REPRESENTATION_CONTEXT() REPRESENTATION_CONTEXT('2D SPACE',''
  ) );
#9558 = PCURVE('',#9559,#9564);
#9559 = PLANE('',#9560);
#9560 = AXIS2_PLACEMENT_3D('',#9561,#9562,#9563);
#9561 = CARTESIAN_POINT('',(-1.298994949366,5.251005050634,0.15));
#9562 = DIRECTION('',(0.382683432365,0.923879532511,-0.));
#9563 = DIRECTION('',(0.923879532511,-0.382683432365,0.));
#9564 = DEFINITIONAL_REPRESENTATION('',(#9565),#9569);
#9565 = LINE('',#9566,#9567);
#9566 = CARTESIAN_POINT('',(0.,0.));
#9567 = VECTOR('',#9568,1.);
#9568 = DIRECTION('',(0.,-1.));
#9569 = ( GEOMETRIC_REPRESENTATION_CONTEXT(2) 
PARAMETRIC_REPRESENTATION_CONTEXT() REPRESENTATION_CONTEXT('2D SPACE',''
  ) );
#9570 = ORIENTED_EDGE('',*,*,#9571,.F.);
#9571 = EDGE_CURVE('',#9468,#9544,#9572,.T.);
#9572 = SURFACE_CURVE('',#9573,(#9577,#9584),.PCURVE_S1.);
#9573 = LINE('',#9574,#9575);
#9574 = CARTESIAN_POINT('',(-1.34,5.35,0.15));
#9575 = VECTOR('',#9576,1.);
#9576 = DIRECTION('',(0.382683432365,-0.923879532511,0.));
#9577 = PCURVE('',#9483,#9578);
#9578 = DEFINITIONAL_REPRESENTATION('',(#9579),#9583);
#9579 = LINE('',#9580,#9581);
#9580 = CARTESIAN_POINT('',(0.,0.));
#9581 = VECTOR('',#9582,1.);
#9582 = DIRECTION('',(1.,0.));
#9583 = ( GEOMETRIC_REPRESENTATION_CONTEXT(2) 
PARAMETRIC_REPRESENTATION_CONTEXT() REPRESENTATION_CONTEXT('2D SPACE',''
  ) );
#9584 = PCURVE('',#9276,#9585);
#9585 = DEFINITIONAL_REPRESENTATION('',(#9586),#9590);
#9586 = LINE('',#9587,#9588);
#9587 = CARTESIAN_POINT('',(-0.14,0.));
#9588 = VECTOR('',#9589,1.);
#9589 = DIRECTION('',(0.382683432365,-0.923879532511));
#9590 = ( GEOMETRIC_REPRESENTATION_CONTEXT(2) 
PARAMETRIC_REPRESENTATION_CONTEXT() REPRESENTATION_CONTEXT('2D SPACE',''
  ) );
#9591 = ADVANCED_FACE('',(#9592),#9559,.F.);
#9592 = FACE_BOUND('',#9593,.F.);
#9593 = EDGE_LOOP('',(#9594,#9595,#9618,#9646));
#9594 = ORIENTED_EDGE('',*,*,#9543,.T.);
#9595 = ORIENTED_EDGE('',*,*,#9596,.T.);
#9596 = EDGE_CURVE('',#9521,#9597,#9599,.T.);
#9597 = VERTEX_POINT('',#9598);
#9598 = CARTESIAN_POINT('',(-1.2,5.21,3.6));
#9599 = SURFACE_CURVE('',#9600,(#9604,#9611),.PCURVE_S1.);
#9600 = LINE('',#9601,#9602);
#9601 = CARTESIAN_POINT('',(-1.298994949366,5.251005050634,3.6));
#9602 = VECTOR('',#9603,1.);
#9603 = DIRECTION('',(0.923879532511,-0.382683432365,0.));
#9604 = PCURVE('',#9559,#9605);
#9605 = DEFINITIONAL_REPRESENTATION('',(#9606),#9610);
#9606 = LINE('',#9607,#9608);
#9607 = CARTESIAN_POINT('',(0.,-3.45));
#9608 = VECTOR('',#9609,1.);
#9609 = DIRECTION('',(1.,0.));
#9610 = ( GEOMETRIC_REPRESENTATION_CONTEXT(2) 
PARAMETRIC_REPRESENTATION_CONTEXT() REPRESENTATION_CONTEXT('2D SPACE',''
  ) );
#9611 = PCURVE('',#9222,#9612);
#9612 = DEFINITIONAL_REPRESENTATION('',(#9613),#9617);
#9613 = LINE('',#9614,#9615);
#9614 = CARTESIAN_POINT('',(-9.899494936612E-02,-9.899494936612E-02));
#9615 = VECTOR('',#9616,1.);
#9616 = DIRECTION('',(0.923879532511,-0.382683432365));
#9617 = ( GEOMETRIC_REPRESENTATION_CONTEXT(2) 
PARAMETRIC_REPRESENTATION_CONTEXT() REPRESENTATION_CONTEXT('2D SPACE',''
  ) );
#9618 = ORIENTED_EDGE('',*,*,#9619,.F.);
#9619 = EDGE_CURVE('',#9620,#9597,#9622,.T.);
#9620 = VERTEX_POINT('',#9621);
#9621 = CARTESIAN_POINT('',(-1.2,5.21,0.15));
#9622 = SURFACE_CURVE('',#9623,(#9627,#9634),.PCURVE_S1.);
#9623 = LINE('',#9624,#9625);
#9624 = CARTESIAN_POINT('',(-1.2,5.21,0.15));
#9625 = VECTOR('',#9626,1.);
#9626 = DIRECTION('',(0.,0.,1.));
#9627 = PCURVE('',#9559,#9628);
#9628 = DEFINITIONAL_REPRESENTATION('',(#9629),#9633);
#9629 = LINE('',#9630,#9631);
#9630 = CARTESIAN_POINT('',(0.107151361062,0.));
#9631 = VECTOR('',#9632,1.);
#9632 = DIRECTION('',(0.,-1.));
#9633 = ( GEOMETRIC_REPRESENTATION_CONTEXT(2) 
PARAMETRIC_REPRESENTATION_CONTEXT() REPRESENTATION_CONTEXT('2D SPACE',''
  ) );
#9634 = PCURVE('',#9635,#9640);
#9635 = PLANE('',#9636);
#9636 = AXIS2_PLACEMENT_3D('',#9637,#9638,#9639);
#9637 = CARTESIAN_POINT('',(-1.2,5.21,0.15));
#9638 = DIRECTION('',(-0.382683432365,0.923879532511,0.));
#9639 = DIRECTION('',(0.923879532511,0.382683432365,0.));
#9640 = DEFINITIONAL_REPRESENTATION('',(#9641),#9645);
#9641 = LINE('',#9642,#9643);
#9642 = CARTESIAN_POINT('',(0.,0.));
#9643 = VECTOR('',#9644,1.);
#9644 = DIRECTION('',(0.,-1.));
#9645 = ( GEOMETRIC_REPRESENTATION_CONTEXT(2) 
PARAMETRIC_REPRESENTATION_CONTEXT() REPRESENTATION_CONTEXT('2D SPACE',''
  ) );
#9646 = ORIENTED_EDGE('',*,*,#9647,.F.);
#9647 = EDGE_CURVE('',#9544,#9620,#9648,.T.);
#9648 = SURFACE_CURVE('',#9649,(#9653,#9660),.PCURVE_S1.);
#9649 = LINE('',#9650,#9651);
#9650 = CARTESIAN_POINT('',(-1.298994949366,5.251005050634,0.15));
#9651 = VECTOR('',#9652,1.);
#9652 = DIRECTION('',(0.923879532511,-0.382683432365,0.));
#9653 = PCURVE('',#9559,#9654);
#9654 = DEFINITIONAL_REPRESENTATION('',(#9655),#9659);
#9655 = LINE('',#9656,#9657);
#9656 = CARTESIAN_POINT('',(0.,0.));
#9657 = VECTOR('',#9658,1.);
#9658 = DIRECTION('',(1.,0.));
#9659 = ( GEOMETRIC_REPRESENTATION_CONTEXT(2) 
PARAMETRIC_REPRESENTATION_CONTEXT() REPRESENTATION_CONTEXT('2D SPACE',''
  ) );
#9660 = PCURVE('',#9276,#9661);
#9661 = DEFINITIONAL_REPRESENTATION('',(#9662),#9666);
#9662 = LINE('',#9663,#9664);
#9663 = CARTESIAN_POINT('',(-9.899494936612E-02,-9.899494936612E-02));
#9664 = VECTOR('',#9665,1.);
#9665 = DIRECTION('',(0.923879532511,-0.382683432365));
#9666 = ( GEOMETRIC_REPRESENTATION_CONTEXT(2) 
PARAMETRIC_REPRESENTATION_CONTEXT() REPRESENTATION_CONTEXT('2D SPACE',''
  ) );
#9667 = ADVANCED_FACE('',(#9668),#9635,.F.);
#9668 = FACE_BOUND('',#9669,.F.);
#9669 = EDGE_LOOP('',(#9670,#9671,#9694,#9717));
#9670 = ORIENTED_EDGE('',*,*,#9619,.T.);
#9671 = ORIENTED_EDGE('',*,*,#9672,.T.);
#9672 = EDGE_CURVE('',#9597,#9673,#9675,.T.);
#9673 = VERTEX_POINT('',#9674);
#9674 = CARTESIAN_POINT('',(-1.101005050634,5.251005050634,3.6));
#9675 = SURFACE_CURVE('',#9676,(#9680,#9687),.PCURVE_S1.);
#9676 = LINE('',#9677,#9678);
#9677 = CARTESIAN_POINT('',(-1.2,5.21,3.6));
#9678 = VECTOR('',#9679,1.);
#9679 = DIRECTION('',(0.923879532511,0.382683432365,0.));
#9680 = PCURVE('',#9635,#9681);
#9681 = DEFINITIONAL_REPRESENTATION('',(#9682),#9686);
#9682 = LINE('',#9683,#9684);
#9683 = CARTESIAN_POINT('',(0.,-3.45));
#9684 = VECTOR('',#9685,1.);
#9685 = DIRECTION('',(1.,0.));
#9686 = ( GEOMETRIC_REPRESENTATION_CONTEXT(2) 
PARAMETRIC_REPRESENTATION_CONTEXT() REPRESENTATION_CONTEXT('2D SPACE',''
  ) );
#9687 = PCURVE('',#9222,#9688);
#9688 = DEFINITIONAL_REPRESENTATION('',(#9689),#9693);
#9689 = LINE('',#9690,#9691);
#9690 = CARTESIAN_POINT('',(0.,-0.14));
#9691 = VECTOR('',#9692,1.);
#9692 = DIRECTION('',(0.923879532511,0.382683432365));
#9693 = ( GEOMETRIC_REPRESENTATION_CONTEXT(2) 
PARAMETRIC_REPRESENTATION_CONTEXT() REPRESENTATION_CONTEXT('2D SPACE',''
  ) );
#9694 = ORIENTED_EDGE('',*,*,#9695,.F.);
#9695 = EDGE_CURVE('',#9696,#9673,#9698,.T.);
#9696 = VERTEX_POINT('',#9697);
#9697 = CARTESIAN_POINT('',(-1.101005050634,5.251005050634,0.15));
#9698 = SURFACE_CURVE('',#9699,(#9703,#9710),.PCURVE_S1.);
#9699 = LINE('',#9700,#9701);
#9700 = CARTESIAN_POINT('',(-1.101005050634,5.251005050634,0.15));
#9701 = VECTOR('',#9702,1.);
#9702 = DIRECTION('',(0.,0.,1.));
#9703 = PCURVE('',#9635,#9704);
#9704 = DEFINITIONAL_REPRESENTATION('',(#9705),#9709);
#9705 = LINE('',#9706,#9707);
#9706 = CARTESIAN_POINT('',(0.107151361062,0.));
#9707 = VECTOR('',#9708,1.);
#9708 = DIRECTION('',(0.,-1.));
#9709 = ( GEOMETRIC_REPRESENTATION_CONTEXT(2) 
PARAMETRIC_REPRESENTATION_CONTEXT() REPRESENTATION_CONTEXT('2D SPACE',''
  ) );
#9710 = PCURVE('',#9194,#9711);
#9711 = DEFINITIONAL_REPRESENTATION('',(#9712),#9716);
#9712 = LINE('',#9713,#9714);
#9713 = CARTESIAN_POINT('',(0.,0.));
#9714 = VECTOR('',#9715,1.);
#9715 = DIRECTION('',(0.,-1.));
#9716 = ( GEOMETRIC_REPRESENTATION_CONTEXT(2) 
PARAMETRIC_REPRESENTATION_CONTEXT() REPRESENTATION_CONTEXT('2D SPACE',''
  ) );
#9717 = ORIENTED_EDGE('',*,*,#9718,.F.);
#9718 = EDGE_CURVE('',#9620,#9696,#9719,.T.);
#9719 = SURFACE_CURVE('',#9720,(#9724,#9731),.PCURVE_S1.);
#9720 = LINE('',#9721,#9722);
#9721 = CARTESIAN_POINT('',(-1.2,5.21,0.15));
#9722 = VECTOR('',#9723,1.);
#9723 = DIRECTION('',(0.923879532511,0.382683432365,0.));
#9724 = PCURVE('',#9635,#9725);
#9725 = DEFINITIONAL_REPRESENTATION('',(#9726),#9730);
#9726 = LINE('',#9727,#9728);
#9727 = CARTESIAN_POINT('',(0.,0.));
#9728 = VECTOR('',#9729,1.);
#9729 = DIRECTION('',(1.,0.));
#9730 = ( GEOMETRIC_REPRESENTATION_CONTEXT(2) 
PARAMETRIC_REPRESENTATION_CONTEXT() REPRESENTATION_CONTEXT('2D SPACE',''
  ) );
#9731 = PCURVE('',#9276,#9732);
#9732 = DEFINITIONAL_REPRESENTATION('',(#9733),#9737);
#9733 = LINE('',#9734,#9735);
#9734 = CARTESIAN_POINT('',(0.,-0.14));
#9735 = VECTOR('',#9736,1.);
#9736 = DIRECTION('',(0.923879532511,0.382683432365));
#9737 = ( GEOMETRIC_REPRESENTATION_CONTEXT(2) 
PARAMETRIC_REPRESENTATION_CONTEXT() REPRESENTATION_CONTEXT('2D SPACE',''
  ) );
#9738 = ADVANCED_FACE('',(#9739),#9194,.F.);
#9739 = FACE_BOUND('',#9740,.F.);
#9740 = EDGE_LOOP('',(#9741,#9742,#9763,#9764));
#9741 = ORIENTED_EDGE('',*,*,#9695,.T.);
#9742 = ORIENTED_EDGE('',*,*,#9743,.T.);
#9743 = EDGE_CURVE('',#9673,#9174,#9744,.T.);
#9744 = SURFACE_CURVE('',#9745,(#9749,#9756),.PCURVE_S1.);
#9745 = LINE('',#9746,#9747);
#9746 = CARTESIAN_POINT('',(-1.101005050634,5.251005050634,3.6));
#9747 = VECTOR('',#9748,1.);
#9748 = DIRECTION('',(0.382683432365,0.923879532511,0.));
#9749 = PCURVE('',#9194,#9750);
#9750 = DEFINITIONAL_REPRESENTATION('',(#9751),#9755);
#9751 = LINE('',#9752,#9753);
#9752 = CARTESIAN_POINT('',(0.,-3.45));
#9753 = VECTOR('',#9754,1.);
#9754 = DIRECTION('',(1.,0.));
#9755 = ( GEOMETRIC_REPRESENTATION_CONTEXT(2) 
PARAMETRIC_REPRESENTATION_CONTEXT() REPRESENTATION_CONTEXT('2D SPACE',''
  ) );
#9756 = PCURVE('',#9222,#9757);
#9757 = DEFINITIONAL_REPRESENTATION('',(#9758),#9762);
#9758 = LINE('',#9759,#9760);
#9759 = CARTESIAN_POINT('',(9.899494936612E-02,-9.899494936612E-02));
#9760 = VECTOR('',#9761,1.);
#9761 = DIRECTION('',(0.382683432365,0.923879532511));
#9762 = ( GEOMETRIC_REPRESENTATION_CONTEXT(2) 
PARAMETRIC_REPRESENTATION_CONTEXT() REPRESENTATION_CONTEXT('2D SPACE',''
  ) );
#9763 = ORIENTED_EDGE('',*,*,#9171,.F.);
#9764 = ORIENTED_EDGE('',*,*,#9765,.F.);
#9765 = EDGE_CURVE('',#9696,#9172,#9766,.T.);
#9766 = SURFACE_CURVE('',#9767,(#9771,#9778),.PCURVE_S1.);
#9767 = LINE('',#9768,#9769);
#9768 = CARTESIAN_POINT('',(-1.101005050634,5.251005050634,0.15));
#9769 = VECTOR('',#9770,1.);
#9770 = DIRECTION('',(0.382683432365,0.923879532511,0.));
#9771 = PCURVE('',#9194,#9772);
#9772 = DEFINITIONAL_REPRESENTATION('',(#9773),#9777);
#9773 = LINE('',#9774,#9775);
#9774 = CARTESIAN_POINT('',(0.,0.));
#9775 = VECTOR('',#9776,1.);
#9776 = DIRECTION('',(1.,0.));
#9777 = ( GEOMETRIC_REPRESENTATION_CONTEXT(2) 
PARAMETRIC_REPRESENTATION_CONTEXT() REPRESENTATION_CONTEXT('2D SPACE',''
  ) );
#9778 = PCURVE('',#9276,#9779);
#9779 = DEFINITIONAL_REPRESENTATION('',(#9780),#9784);
#9780 = LINE('',#9781,#9782);
#9781 = CARTESIAN_POINT('',(9.899494936612E-02,-9.899494936612E-02));
#9782 = VECTOR('',#9783,1.);
#9783 = DIRECTION('',(0.382683432365,0.923879532511));
#9784 = ( GEOMETRIC_REPRESENTATION_CONTEXT(2) 
PARAMETRIC_REPRESENTATION_CONTEXT() REPRESENTATION_CONTEXT('2D SPACE',''
  ) );
#9785 = ADVANCED_FACE('',(#9786),#9276,.F.);
#9786 = FACE_BOUND('',#9787,.F.);
#9787 = EDGE_LOOP('',(#9788,#9789,#9790,#9791,#9792,#9793,#9794,#9795));
#9788 = ORIENTED_EDGE('',*,*,#9262,.T.);
#9789 = ORIENTED_EDGE('',*,*,#9343,.T.);
#9790 = ORIENTED_EDGE('',*,*,#9419,.T.);
#9791 = ORIENTED_EDGE('',*,*,#9495,.T.);
#9792 = ORIENTED_EDGE('',*,*,#9571,.T.);
#9793 = ORIENTED_EDGE('',*,*,#9647,.T.);
#9794 = ORIENTED_EDGE('',*,*,#9718,.T.);
#9795 = ORIENTED_EDGE('',*,*,#9765,.T.);
#9796 = ADVANCED_FACE('',(#9797),#9222,.T.);
#9797 = FACE_BOUND('',#9798,.T.);
#9798 = EDGE_LOOP('',(#9799,#9800,#9801,#9802,#9803,#9804,#9805,#9806));
#9799 = ORIENTED_EDGE('',*,*,#9206,.T.);
#9800 = ORIENTED_EDGE('',*,*,#9292,.T.);
#9801 = ORIENTED_EDGE('',*,*,#9368,.T.);
#9802 = ORIENTED_EDGE('',*,*,#9444,.T.);
#9803 = ORIENTED_EDGE('',*,*,#9520,.T.);
#9804 = ORIENTED_EDGE('',*,*,#9596,.T.);
#9805 = ORIENTED_EDGE('',*,*,#9672,.T.);
#9806 = ORIENTED_EDGE('',*,*,#9743,.T.);
#9807 = ( GEOMETRIC_REPRESENTATION_CONTEXT(3) 
GLOBAL_UNCERTAINTY_ASSIGNED_CONTEXT((#9811)) 
GLOBAL_UNIT_ASSIGNED_CONTEXT((#9808,#9809,#9810)) REPRESENTATION_CONTEXT
('Context #1','3D Context with UNIT and UNCERTAINTY') );
#9808 = ( LENGTH_UNIT() NAMED_UNIT(*) SI_UNIT(.MILLI.,.METRE.) );
#9809 = ( NAMED_UNIT(*) PLANE_ANGLE_UNIT() SI_UNIT($,.RADIAN.) );
#9810 = ( NAMED_UNIT(*) SI_UNIT($,.STERADIAN.) SOLID_ANGLE_UNIT() );
#9811 = UNCERTAINTY_MEASURE_WITH_UNIT(LENGTH_MEASURE(1.E-07),#9808,
  'distance_accuracy_value','confusion accuracy');
#9812 = CONTEXT_DEPENDENT_SHAPE_REPRESENTATION(#9813,#9815);
#9813 = ( REPRESENTATION_RELATIONSHIP('','',#9164,#10) 
REPRESENTATION_RELATIONSHIP_WITH_TRANSFORMATION(#9814) 
SHAPE_REPRESENTATION_RELATIONSHIP() );
#9814 = ITEM_DEFINED_TRANSFORMATION('','',#11,#51);
#9815 = PRODUCT_DEFINITION_SHAPE('Placement','Placement of an item',
  #9816);
#9816 = NEXT_ASSEMBLY_USAGE_OCCURRENCE('202','trim_5','',#5,#9159,$);
#9817 = PRODUCT_RELATED_PRODUCT_CATEGORY('part',$,(#9161));
#9818 = SHAPE_DEFINITION_REPRESENTATION(#9819,#9825);
#9819 = PRODUCT_DEFINITION_SHAPE('','',#9820);
#9820 = PRODUCT_DEFINITION('design','',#9821,#9824);
#9821 = PRODUCT_DEFINITION_FORMATION('','',#9822);
#9822 = PRODUCT('trim_6','trim_6','',(#9823));
#9823 = PRODUCT_CONTEXT('',#2,'mechanical');
#9824 = PRODUCT_DEFINITION_CONTEXT('part definition',#2,'design');
#9825 = ADVANCED_BREP_SHAPE_REPRESENTATION('',(#11,#9826),#10468);
#9826 = MANIFOLD_SOLID_BREP('',#9827);
#9827 = CLOSED_SHELL('',(#9828,#9948,#10024,#10100,#10176,#10252,#10328,
    #10399,#10446,#10457));
#9828 = ADVANCED_FACE('',(#9829),#9843,.F.);
#9829 = FACE_BOUND('',#9830,.F.);
#9830 = EDGE_LOOP('',(#9831,#9866,#9894,#9922));
#9831 = ORIENTED_EDGE('',*,*,#9832,.T.);
#9832 = EDGE_CURVE('',#9833,#9835,#9837,.T.);
#9833 = VERTEX_POINT('',#9834);
#9834 = CARTESIAN_POINT('',(1.34,5.35,0.15));
#9835 = VERTEX_POINT('',#9836);
#9836 = CARTESIAN_POINT('',(1.34,5.35,3.6));
#9837 = SURFACE_CURVE('',#9838,(#9842,#9854),.PCURVE_S1.);
#9838 = LINE('',#9839,#9840);
#9839 = CARTESIAN_POINT('',(1.34,5.35,0.15));
#9840 = VECTOR('',#9841,1.);
#9841 = DIRECTION('',(0.,0.,1.));
#9842 = PCURVE('',#9843,#9848);
#9843 = PLANE('',#9844);
#9844 = AXIS2_PLACEMENT_3D('',#9845,#9846,#9847);
#9845 = CARTESIAN_POINT('',(1.34,5.35,0.15));
#9846 = DIRECTION('',(-0.923879532511,-0.382683432365,0.));
#9847 = DIRECTION('',(-0.382683432365,0.923879532511,0.));
#9848 = DEFINITIONAL_REPRESENTATION('',(#9849),#9853);
#9849 = LINE('',#9850,#9851);
#9850 = CARTESIAN_POINT('',(0.,0.));
#9851 = VECTOR('',#9852,1.);
#9852 = DIRECTION('',(0.,-1.));
#9853 = ( GEOMETRIC_REPRESENTATION_CONTEXT(2) 
PARAMETRIC_REPRESENTATION_CONTEXT() REPRESENTATION_CONTEXT('2D SPACE',''
  ) );
#9854 = PCURVE('',#9855,#9860);
#9855 = PLANE('',#9856);
#9856 = AXIS2_PLACEMENT_3D('',#9857,#9858,#9859);
#9857 = CARTESIAN_POINT('',(1.298994949366,5.251005050634,0.15));
#9858 = DIRECTION('',(-0.923879532511,0.382683432365,0.));
#9859 = DIRECTION('',(0.382683432365,0.923879532511,0.));
#9860 = DEFINITIONAL_REPRESENTATION('',(#9861),#9865);
#9861 = LINE('',#9862,#9863);
#9862 = CARTESIAN_POINT('',(0.107151361062,0.));
#9863 = VECTOR('',#9864,1.);
#9864 = DIRECTION('',(0.,-1.));
#9865 = ( GEOMETRIC_REPRESENTATION_CONTEXT(2) 
PARAMETRIC_REPRESENTATION_CONTEXT() REPRESENTATION_CONTEXT('2D SPACE',''
  ) );
#9866 = ORIENTED_EDGE('',*,*,#9867,.T.);
#9867 = EDGE_CURVE('',#9835,#9868,#9870,.T.);
#9868 = VERTEX_POINT('',#9869);
#9869 = CARTESIAN_POINT('',(1.298994949366,5.448994949366,3.6));
#9870 = SURFACE_CURVE('',#9871,(#9875,#9882),.PCURVE_S1.);
#9871 = LINE('',#9872,#9873);
#9872 = CARTESIAN_POINT('',(1.34,5.35,3.6));
#9873 = VECTOR('',#9874,1.);
#9874 = DIRECTION('',(-0.382683432365,0.923879532511,0.));
#9875 = PCURVE('',#9843,#9876);
#9876 = DEFINITIONAL_REPRESENTATION('',(#9877),#9881);
#9877 = LINE('',#9878,#9879);
#9878 = CARTESIAN_POINT('',(0.,-3.45));
#9879 = VECTOR('',#9880,1.);
#9880 = DIRECTION('',(1.,0.));
#9881 = ( GEOMETRIC_REPRESENTATION_CONTEXT(2) 
PARAMETRIC_REPRESENTATION_CONTEXT() REPRESENTATION_CONTEXT('2D SPACE',''
  ) );
#9882 = PCURVE('',#9883,#9888);
#9883 = PLANE('',#9884);
#9884 = AXIS2_PLACEMENT_3D('',#9885,#9886,#9887);
#9885 = CARTESIAN_POINT('',(1.2,5.35,3.6));
#9886 = DIRECTION('',(0.,0.,1.));
#9887 = DIRECTION('',(1.,0.,-0.));
#9888 = DEFINITIONAL_REPRESENTATION('',(#9889),#9893);
#9889 = LINE('',#9890,#9891);
#9890 = CARTESIAN_POINT('',(0.14,0.));
#9891 = VECTOR('',#9892,1.);
#9892 = DIRECTION('',(-0.382683432365,0.923879532511));
#9893 = ( GEOMETRIC_REPRESENTATION_CONTEXT(2) 
PARAMETRIC_REPRESENTATION_CONTEXT() REPRESENTATION_CONTEXT('2D SPACE',''
  ) );
#9894 = ORIENTED_EDGE('',*,*,#9895,.F.);
#9895 = EDGE_CURVE('',#9896,#9868,#9898,.T.);
#9896 = VERTEX_POINT('',#9897);
#9897 = CARTESIAN_POINT('',(1.298994949366,5.448994949366,0.15));
#9898 = SURFACE_CURVE('',#9899,(#9903,#9910),.PCURVE_S1.);
#9899 = LINE('',#9900,#9901);
#9900 = CARTESIAN_POINT('',(1.298994949366,5.448994949366,0.15));
#9901 = VECTOR('',#9902,1.);
#9902 = DIRECTION('',(0.,0.,1.));
#9903 = PCURVE('',#9843,#9904);
#9904 = DEFINITIONAL_REPRESENTATION('',(#9905),#9909);
#9905 = LINE('',#9906,#9907);
#9906 = CARTESIAN_POINT('',(0.107151361062,0.));
#9907 = VECTOR('',#9908,1.);
#9908 = DIRECTION('',(0.,-1.));
#9909 = ( GEOMETRIC_REPRESENTATION_CONTEXT(2) 
PARAMETRIC_REPRESENTATION_CONTEXT() REPRESENTATION_CONTEXT('2D SPACE',''
  ) );
#9910 = PCURVE('',#9911,#9916);
#9911 = PLANE('',#9912);
#9912 = AXIS2_PLACEMENT_3D('',#9913,#9914,#9915);
#9913 = CARTESIAN_POINT('',(1.298994949366,5.448994949366,0.15));
#9914 = DIRECTION('',(-0.382683432365,-0.923879532511,0.));
#9915 = DIRECTION('',(-0.923879532511,0.382683432365,0.));
#9916 = DEFINITIONAL_REPRESENTATION('',(#9917),#9921);
#9917 = LINE('',#9918,#9919);
#9918 = CARTESIAN_POINT('',(0.,0.));
#9919 = VECTOR('',#9920,1.);
#9920 = DIRECTION('',(0.,-1.));
#9921 = ( GEOMETRIC_REPRESENTATION_CONTEXT(2) 
PARAMETRIC_REPRESENTATION_CONTEXT() REPRESENTATION_CONTEXT('2D SPACE',''
  ) );
#9922 = ORIENTED_EDGE('',*,*,#9923,.F.);
#9923 = EDGE_CURVE('',#9833,#9896,#9924,.T.);
#9924 = SURFACE_CURVE('',#9925,(#9929,#9936),.PCURVE_S1.);
#9925 = LINE('',#9926,#9927);
#9926 = CARTESIAN_POINT('',(1.34,5.35,0.15));
#9927 = VECTOR('',#9928,1.);
#9928 = DIRECTION('',(-0.382683432365,0.923879532511,0.));
#9929 = PCURVE('',#9843,#9930);
#9930 = DEFINITIONAL_REPRESENTATION('',(#9931),#9935);
#9931 = LINE('',#9932,#9933);
#9932 = CARTESIAN_POINT('',(0.,0.));
#9933 = VECTOR('',#9934,1.);
#9934 = DIRECTION('',(1.,0.));
#9935 = ( GEOMETRIC_REPRESENTATION_CONTEXT(2) 
PARAMETRIC_REPRESENTATION_CONTEXT() REPRESENTATION_CONTEXT('2D SPACE',''
  ) );
#9936 = PCURVE('',#9937,#9942);
#9937 = PLANE('',#9938);
#9938 = AXIS2_PLACEMENT_3D('',#9939,#9940,#9941);
#9939 = CARTESIAN_POINT('',(1.2,5.35,0.15));
#9940 = DIRECTION('',(0.,0.,1.));
#9941 = DIRECTION('',(1.,0.,-0.));
#9942 = DEFINITIONAL_REPRESENTATION('',(#9943),#9947);
#9943 = LINE('',#9944,#9945);
#9944 = CARTESIAN_POINT('',(0.14,0.));
#9945 = VECTOR('',#9946,1.);
#9946 = DIRECTION('',(-0.382683432365,0.923879532511));
#9947 = ( GEOMETRIC_REPRESENTATION_CONTEXT(2) 
PARAMETRIC_REPRESENTATION_CONTEXT() REPRESENTATION_CONTEXT('2D SPACE',''
  ) );
#9948 = ADVANCED_FACE('',(#9949),#9911,.F.);
#9949 = FACE_BOUND('',#9950,.F.);
#9950 = EDGE_LOOP('',(#9951,#9952,#9975,#10003));
#9951 = ORIENTED_EDGE('',*,*,#9895,.T.);
#9952 = ORIENTED_EDGE('',*,*,#9953,.T.);
#9953 = EDGE_CURVE('',#9868,#9954,#9956,.T.);
#9954 = VERTEX_POINT('',#9955);
#9955 = CARTESIAN_POINT('',(1.2,5.49,3.6));
#9956 = SURFACE_CURVE('',#9957,(#9961,#9968),.PCURVE_S1.);
#9957 = LINE('',#9958,#9959);
#9958 = CARTESIAN_POINT('',(1.298994949366,5.448994949366,3.6));
#9959 = VECTOR('',#9960,1.);
#9960 = DIRECTION('',(-0.923879532511,0.382683432365,0.));
#9961 = PCURVE('',#9911,#9962);
#9962 = DEFINITIONAL_REPRESENTATION('',(#9963),#9967);
#9963 = LINE('',#9964,#9965);
#9964 = CARTESIAN_POINT('',(0.,-3.45));
#9965 = VECTOR('',#9966,1.);
#9966 = DIRECTION('',(1.,0.));
#9967 = ( GEOMETRIC_REPRESENTATION_CONTEXT(2) 
PARAMETRIC_REPRESENTATION_CONTEXT() REPRESENTATION_CONTEXT('2D SPACE',''
  ) );
#9968 = PCURVE('',#9883,#9969);
#9969 = DEFINITIONAL_REPRESENTATION('',(#9970),#9974);
#9970 = LINE('',#9971,#9972);
#9971 = CARTESIAN_POINT('',(9.899494936612E-02,9.899494936612E-02));
#9972 = VECTOR('',#9973,1.);
#9973 = DIRECTION('',(-0.923879532511,0.382683432365));
#9974 = ( GEOMETRIC_REPRESENTATION_CONTEXT(2) 
PARAMETRIC_REPRESENTATION_CONTEXT() REPRESENTATION_CONTEXT('2D SPACE',''
  ) );
#9975 = ORIENTED_EDGE('',*,*,#9976,.F.);
#9976 = EDGE_CURVE('',#9977,#9954,#9979,.T.);
#9977 = VERTEX_POINT('',#9978);
#9978 = CARTESIAN_POINT('',(1.2,5.49,0.15));
#9979 = SURFACE_CURVE('',#9980,(#9984,#9991),.PCURVE_S1.);
#9980 = LINE('',#9981,#9982);
#9981 = CARTESIAN_POINT('',(1.2,5.49,0.15));
#9982 = VECTOR('',#9983,1.);
#9983 = DIRECTION('',(0.,0.,1.));
#9984 = PCURVE('',#9911,#9985);
#9985 = DEFINITIONAL_REPRESENTATION('',(#9986),#9990);
#9986 = LINE('',#9987,#9988);
#9987 = CARTESIAN_POINT('',(0.107151361062,0.));
#9988 = VECTOR('',#9989,1.);
#9989 = DIRECTION('',(0.,-1.));
#9990 = ( GEOMETRIC_REPRESENTATION_CONTEXT(2) 
PARAMETRIC_REPRESENTATION_CONTEXT() REPRESENTATION_CONTEXT('2D SPACE',''
  ) );
#9991 = PCURVE('',#9992,#9997);
#9992 = PLANE('',#9993);
#9993 = AXIS2_PLACEMENT_3D('',#9994,#9995,#9996);
#9994 = CARTESIAN_POINT('',(1.2,5.49,0.15));
#9995 = DIRECTION('',(0.382683432365,-0.923879532511,0.));
#9996 = DIRECTION('',(-0.923879532511,-0.382683432365,0.));
#9997 = DEFINITIONAL_REPRESENTATION('',(#9998),#10002);
#9998 = LINE('',#9999,#10000);
#9999 = CARTESIAN_POINT('',(0.,0.));
#10000 = VECTOR('',#10001,1.);
#10001 = DIRECTION('',(0.,-1.));
#10002 = ( GEOMETRIC_REPRESENTATION_CONTEXT(2) 
PARAMETRIC_REPRESENTATION_CONTEXT() REPRESENTATION_CONTEXT('2D SPACE',''
  ) );
#10003 = ORIENTED_EDGE('',*,*,#10004,.F.);
#10004 = EDGE_CURVE('',#9896,#9977,#10005,.T.);
#10005 = SURFACE_CURVE('',#10006,(#10010,#10017),.PCURVE_S1.);
#10006 = LINE('',#10007,#10008);
#10007 = CARTESIAN_POINT('',(1.298994949366,5.448994949366,0.15));
#10008 = VECTOR('',#10009,1.);
#10009 = DIRECTION('',(-0.923879532511,0.382683432365,0.));
#10010 = PCURVE('',#9911,#10011);
#10011 = DEFINITIONAL_REPRESENTATION('',(#10012),#10016);
#10012 = LINE('',#10013,#10014);
#10013 = CARTESIAN_POINT('',(0.,0.));
#10014 = VECTOR('',#10015,1.);
#10015 = DIRECTION('',(1.,0.));
#10016 = ( GEOMETRIC_REPRESENTATION_CONTEXT(2) 
PARAMETRIC_REPRESENTATION_CONTEXT() REPRESENTATION_CONTEXT('2D SPACE',''
  ) );
#10017 = PCURVE('',#9937,#10018);
#10018 = DEFINITIONAL_REPRESENTATION('',(#10019),#10023);
#10019 = LINE('',#10020,#10021);
#10020 = CARTESIAN_POINT('',(9.899494936612E-02,9.899494936612E-02));
#10021 = VECTOR('',#10022,1.);
#10022 = DIRECTION('',(-0.923879532511,0.382683432365));
#10023 = ( GEOMETRIC_REPRESENTATION_CONTEXT(2) 
PARAMETRIC_REPRESENTATION_CONTEXT() REPRESENTATION_CONTEXT('2D SPACE',''
  ) );
#10024 = ADVANCED_FACE('',(#10025),#9992,.F.);
#10025 = FACE_BOUND('',#10026,.F.);
#10026 = EDGE_LOOP('',(#10027,#10028,#10051,#10079));
#10027 = ORIENTED_EDGE('',*,*,#9976,.T.);
#10028 = ORIENTED_EDGE('',*,*,#10029,.T.);
#10029 = EDGE_CURVE('',#9954,#10030,#10032,.T.);
#10030 = VERTEX_POINT('',#10031);
#10031 = CARTESIAN_POINT('',(1.101005050634,5.448994949366,3.6));
#10032 = SURFACE_CURVE('',#10033,(#10037,#10044),.PCURVE_S1.);
#10033 = LINE('',#10034,#10035);
#10034 = CARTESIAN_POINT('',(1.2,5.49,3.6));
#10035 = VECTOR('',#10036,1.);
#10036 = DIRECTION('',(-0.923879532511,-0.382683432365,0.));
#10037 = PCURVE('',#9992,#10038);
#10038 = DEFINITIONAL_REPRESENTATION('',(#10039),#10043);
#10039 = LINE('',#10040,#10041);
#10040 = CARTESIAN_POINT('',(0.,-3.45));
#10041 = VECTOR('',#10042,1.);
#10042 = DIRECTION('',(1.,0.));
#10043 = ( GEOMETRIC_REPRESENTATION_CONTEXT(2) 
PARAMETRIC_REPRESENTATION_CONTEXT() REPRESENTATION_CONTEXT('2D SPACE',''
  ) );
#10044 = PCURVE('',#9883,#10045);
#10045 = DEFINITIONAL_REPRESENTATION('',(#10046),#10050);
#10046 = LINE('',#10047,#10048);
#10047 = CARTESIAN_POINT('',(0.,0.14));
#10048 = VECTOR('',#10049,1.);
#10049 = DIRECTION('',(-0.923879532511,-0.382683432365));
#10050 = ( GEOMETRIC_REPRESENTATION_CONTEXT(2) 
PARAMETRIC_REPRESENTATION_CONTEXT() REPRESENTATION_CONTEXT('2D SPACE',''
  ) );
#10051 = ORIENTED_EDGE('',*,*,#10052,.F.);
#10052 = EDGE_CURVE('',#10053,#10030,#10055,.T.);
#10053 = VERTEX_POINT('',#10054);
#10054 = CARTESIAN_POINT('',(1.101005050634,5.448994949366,0.15));
#10055 = SURFACE_CURVE('',#10056,(#10060,#10067),.PCURVE_S1.);
#10056 = LINE('',#10057,#10058);
#10057 = CARTESIAN_POINT('',(1.101005050634,5.448994949366,0.15));
#10058 = VECTOR('',#10059,1.);
#10059 = DIRECTION('',(0.,0.,1.));
#10060 = PCURVE('',#9992,#10061);
#10061 = DEFINITIONAL_REPRESENTATION('',(#10062),#10066);
#10062 = LINE('',#10063,#10064);
#10063 = CARTESIAN_POINT('',(0.107151361062,0.));
#10064 = VECTOR('',#10065,1.);
#10065 = DIRECTION('',(0.,-1.));
#10066 = ( GEOMETRIC_REPRESENTATION_CONTEXT(2) 
PARAMETRIC_REPRESENTATION_CONTEXT() REPRESENTATION_CONTEXT('2D SPACE',''
  ) );
#10067 = PCURVE('',#10068,#10073);
#10068 = PLANE('',#10069);
#10069 = AXIS2_PLACEMENT_3D('',#10070,#10071,#10072);
#10070 = CARTESIAN_POINT('',(1.101005050634,5.448994949366,0.15));
#10071 = DIRECTION('',(0.923879532511,-0.382683432365,0.));
#10072 = DIRECTION('',(-0.382683432365,-0.923879532511,0.));
#10073 = DEFINITIONAL_REPRESENTATION('',(#10074),#10078);
#10074 = LINE('',#10075,#10076);
#10075 = CARTESIAN_POINT('',(0.,0.));
#10076 = VECTOR('',#10077,1.);
#10077 = DIRECTION('',(0.,-1.));
#10078 = ( GEOMETRIC_REPRESENTATION_CONTEXT(2) 
PARAMETRIC_REPRESENTATION_CONTEXT() REPRESENTATION_CONTEXT('2D SPACE',''
  ) );
#10079 = ORIENTED_EDGE('',*,*,#10080,.F.);
#10080 = EDGE_CURVE('',#9977,#10053,#10081,.T.);
#10081 = SURFACE_CURVE('',#10082,(#10086,#10093),.PCURVE_S1.);
#10082 = LINE('',#10083,#10084);
#10083 = CARTESIAN_POINT('',(1.2,5.49,0.15));
#10084 = VECTOR('',#10085,1.);
#10085 = DIRECTION('',(-0.923879532511,-0.382683432365,0.));
#10086 = PCURVE('',#9992,#10087);
#10087 = DEFINITIONAL_REPRESENTATION('',(#10088),#10092);
#10088 = LINE('',#10089,#10090);
#10089 = CARTESIAN_POINT('',(0.,0.));
#10090 = VECTOR('',#10091,1.);
#10091 = DIRECTION('',(1.,0.));
#10092 = ( GEOMETRIC_REPRESENTATION_CONTEXT(2) 
PARAMETRIC_REPRESENTATION_CONTEXT() REPRESENTATION_CONTEXT('2D SPACE',''
  ) );
#10093 = PCURVE('',#9937,#10094);
#10094 = DEFINITIONAL_REPRESENTATION('',(#10095),#10099);
#10095 = LINE('',#10096,#10097);
#10096 = CARTESIAN_POINT('',(0.,0.14));
#10097 = VECTOR('',#10098,1.);
#10098 = DIRECTION('',(-0.923879532511,-0.382683432365));
#10099 = ( GEOMETRIC_REPRESENTATION_CONTEXT(2) 
PARAMETRIC_REPRESENTATION_CONTEXT() REPRESENTATION_CONTEXT('2D SPACE',''
  ) );
#10100 = ADVANCED_FACE('',(#10101),#10068,.F.);
#10101 = FACE_BOUND('',#10102,.F.);
#10102 = EDGE_LOOP('',(#10103,#10104,#10127,#10155));
#10103 = ORIENTED_EDGE('',*,*,#10052,.T.);
#10104 = ORIENTED_EDGE('',*,*,#10105,.T.);
#10105 = EDGE_CURVE('',#10030,#10106,#10108,.T.);
#10106 = VERTEX_POINT('',#10107);
#10107 = CARTESIAN_POINT('',(1.06,5.35,3.6));
#10108 = SURFACE_CURVE('',#10109,(#10113,#10120),.PCURVE_S1.);
#10109 = LINE('',#10110,#10111);
#10110 = CARTESIAN_POINT('',(1.101005050634,5.448994949366,3.6));
#10111 = VECTOR('',#10112,1.);
#10112 = DIRECTION('',(-0.382683432365,-0.923879532511,0.));
#10113 = PCURVE('',#10068,#10114);
#10114 = DEFINITIONAL_REPRESENTATION('',(#10115),#10119);
#10115 = LINE('',#10116,#10117);
#10116 = CARTESIAN_POINT('',(0.,-3.45));
#10117 = VECTOR('',#10118,1.);
#10118 = DIRECTION('',(1.,0.));
#10119 = ( GEOMETRIC_REPRESENTATION_CONTEXT(2) 
PARAMETRIC_REPRESENTATION_CONTEXT() REPRESENTATION_CONTEXT('2D SPACE',''
  ) );
#10120 = PCURVE('',#9883,#10121);
#10121 = DEFINITIONAL_REPRESENTATION('',(#10122),#10126);
#10122 = LINE('',#10123,#10124);
#10123 = CARTESIAN_POINT('',(-9.899494936612E-02,9.899494936612E-02));
#10124 = VECTOR('',#10125,1.);
#10125 = DIRECTION('',(-0.382683432365,-0.923879532511));
#10126 = ( GEOMETRIC_REPRESENTATION_CONTEXT(2) 
PARAMETRIC_REPRESENTATION_CONTEXT() REPRESENTATION_CONTEXT('2D SPACE',''
  ) );
#10127 = ORIENTED_EDGE('',*,*,#10128,.F.);
#10128 = EDGE_CURVE('',#10129,#10106,#10131,.T.);
#10129 = VERTEX_POINT('',#10130);
#10130 = CARTESIAN_POINT('',(1.06,5.35,0.15));
#10131 = SURFACE_CURVE('',#10132,(#10136,#10143),.PCURVE_S1.);
#10132 = LINE('',#10133,#10134);
#10133 = CARTESIAN_POINT('',(1.06,5.35,0.15));
#10134 = VECTOR('',#10135,1.);
#10135 = DIRECTION('',(0.,0.,1.));
#10136 = PCURVE('',#10068,#10137);
#10137 = DEFINITIONAL_REPRESENTATION('',(#10138),#10142);
#10138 = LINE('',#10139,#10140);
#10139 = CARTESIAN_POINT('',(0.107151361062,0.));
#10140 = VECTOR('',#10141,1.);
#10141 = DIRECTION('',(0.,-1.));
#10142 = ( GEOMETRIC_REPRESENTATION_CONTEXT(2) 
PARAMETRIC_REPRESENTATION_CONTEXT() REPRESENTATION_CONTEXT('2D SPACE',''
  ) );
#10143 = PCURVE('',#10144,#10149);
#10144 = PLANE('',#10145);
#10145 = AXIS2_PLACEMENT_3D('',#10146,#10147,#10148);
#10146 = CARTESIAN_POINT('',(1.06,5.35,0.15));
#10147 = DIRECTION('',(0.923879532511,0.382683432365,-0.));
#10148 = DIRECTION('',(0.382683432365,-0.923879532511,0.));
#10149 = DEFINITIONAL_REPRESENTATION('',(#10150),#10154);
#10150 = LINE('',#10151,#10152);
#10151 = CARTESIAN_POINT('',(0.,0.));
#10152 = VECTOR('',#10153,1.);
#10153 = DIRECTION('',(0.,-1.));
#10154 = ( GEOMETRIC_REPRESENTATION_CONTEXT(2) 
PARAMETRIC_REPRESENTATION_CONTEXT() REPRESENTATION_CONTEXT('2D SPACE',''
  ) );
#10155 = ORIENTED_EDGE('',*,*,#10156,.F.);
#10156 = EDGE_CURVE('',#10053,#10129,#10157,.T.);
#10157 = SURFACE_CURVE('',#10158,(#10162,#10169),.PCURVE_S1.);
#10158 = LINE('',#10159,#10160);
#10159 = CARTESIAN_POINT('',(1.101005050634,5.448994949366,0.15));
#10160 = VECTOR('',#10161,1.);
#10161 = DIRECTION('',(-0.382683432365,-0.923879532511,0.));
#10162 = PCURVE('',#10068,#10163);
#10163 = DEFINITIONAL_REPRESENTATION('',(#10164),#10168);
#10164 = LINE('',#10165,#10166);
#10165 = CARTESIAN_POINT('',(0.,0.));
#10166 = VECTOR('',#10167,1.);
#10167 = DIRECTION('',(1.,0.));
#10168 = ( GEOMETRIC_REPRESENTATION_CONTEXT(2) 
PARAMETRIC_REPRESENTATION_CONTEXT() REPRESENTATION_CONTEXT('2D SPACE',''
  ) );
#10169 = PCURVE('',#9937,#10170);
#10170 = DEFINITIONAL_REPRESENTATION('',(#10171),#10175);
#10171 = LINE('',#10172,#10173);
#10172 = CARTESIAN_POINT('',(-9.899494936612E-02,9.899494936612E-02));
#10173 = VECTOR('',#10174,1.);
#10174 = DIRECTION('',(-0.382683432365,-0.923879532511));
#10175 = ( GEOMETRIC_REPRESENTATION_CONTEXT(2) 
PARAMETRIC_REPRESENTATION_CONTEXT() REPRESENTATION_CONTEXT('2D SPACE',''
  ) );
#10176 = ADVANCED_FACE('',(#10177),#10144,.F.);
#10177 = FACE_BOUND('',#10178,.F.);
#10178 = EDGE_LOOP('',(#10179,#10180,#10203,#10231));
#10179 = ORIENTED_EDGE('',*,*,#10128,.T.);
#10180 = ORIENTED_EDGE('',*,*,#10181,.T.);
#10181 = EDGE_CURVE('',#10106,#10182,#10184,.T.);
#10182 = VERTEX_POINT('',#10183);
#10183 = CARTESIAN_POINT('',(1.101005050634,5.251005050634,3.6));
#10184 = SURFACE_CURVE('',#10185,(#10189,#10196),.PCURVE_S1.);
#10185 = LINE('',#10186,#10187);
#10186 = CARTESIAN_POINT('',(1.06,5.35,3.6));
#10187 = VECTOR('',#10188,1.);
#10188 = DIRECTION('',(0.382683432365,-0.923879532511,0.));
#10189 = PCURVE('',#10144,#10190);
#10190 = DEFINITIONAL_REPRESENTATION('',(#10191),#10195);
#10191 = LINE('',#10192,#10193);
#10192 = CARTESIAN_POINT('',(0.,-3.45));
#10193 = VECTOR('',#10194,1.);
#10194 = DIRECTION('',(1.,0.));
#10195 = ( GEOMETRIC_REPRESENTATION_CONTEXT(2) 
PARAMETRIC_REPRESENTATION_CONTEXT() REPRESENTATION_CONTEXT('2D SPACE',''
  ) );
#10196 = PCURVE('',#9883,#10197);
#10197 = DEFINITIONAL_REPRESENTATION('',(#10198),#10202);
#10198 = LINE('',#10199,#10200);
#10199 = CARTESIAN_POINT('',(-0.14,0.));
#10200 = VECTOR('',#10201,1.);
#10201 = DIRECTION('',(0.382683432365,-0.923879532511));
#10202 = ( GEOMETRIC_REPRESENTATION_CONTEXT(2) 
PARAMETRIC_REPRESENTATION_CONTEXT() REPRESENTATION_CONTEXT('2D SPACE',''
  ) );
#10203 = ORIENTED_EDGE('',*,*,#10204,.F.);
#10204 = EDGE_CURVE('',#10205,#10182,#10207,.T.);
#10205 = VERTEX_POINT('',#10206);
#10206 = CARTESIAN_POINT('',(1.101005050634,5.251005050634,0.15));
#10207 = SURFACE_CURVE('',#10208,(#10212,#10219),.PCURVE_S1.);
#10208 = LINE('',#10209,#10210);
#10209 = CARTESIAN_POINT('',(1.101005050634,5.251005050634,0.15));
#10210 = VECTOR('',#10211,1.);
#10211 = DIRECTION('',(0.,0.,1.));
#10212 = PCURVE('',#10144,#10213);
#10213 = DEFINITIONAL_REPRESENTATION('',(#10214),#10218);
#10214 = LINE('',#10215,#10216);
#10215 = CARTESIAN_POINT('',(0.107151361062,0.));
#10216 = VECTOR('',#10217,1.);
#10217 = DIRECTION('',(0.,-1.));
#10218 = ( GEOMETRIC_REPRESENTATION_CONTEXT(2) 
PARAMETRIC_REPRESENTATION_CONTEXT() REPRESENTATION_CONTEXT('2D SPACE',''
  ) );
#10219 = PCURVE('',#10220,#10225);
#10220 = PLANE('',#10221);
#10221 = AXIS2_PLACEMENT_3D('',#10222,#10223,#10224);
#10222 = CARTESIAN_POINT('',(1.101005050634,5.251005050634,0.15));
#10223 = DIRECTION('',(0.382683432365,0.923879532511,-0.));
#10224 = DIRECTION('',(0.923879532511,-0.382683432365,0.));
#10225 = DEFINITIONAL_REPRESENTATION('',(#10226),#10230);
#10226 = LINE('',#10227,#10228);
#10227 = CARTESIAN_POINT('',(0.,0.));
#10228 = VECTOR('',#10229,1.);
#10229 = DIRECTION('',(0.,-1.));
#10230 = ( GEOMETRIC_REPRESENTATION_CONTEXT(2) 
PARAMETRIC_REPRESENTATION_CONTEXT() REPRESENTATION_CONTEXT('2D SPACE',''
  ) );
#10231 = ORIENTED_EDGE('',*,*,#10232,.F.);
#10232 = EDGE_CURVE('',#10129,#10205,#10233,.T.);
#10233 = SURFACE_CURVE('',#10234,(#10238,#10245),.PCURVE_S1.);
#10234 = LINE('',#10235,#10236);
#10235 = CARTESIAN_POINT('',(1.06,5.35,0.15));
#10236 = VECTOR('',#10237,1.);
#10237 = DIRECTION('',(0.382683432365,-0.923879532511,0.));
#10238 = PCURVE('',#10144,#10239);
#10239 = DEFINITIONAL_REPRESENTATION('',(#10240),#10244);
#10240 = LINE('',#10241,#10242);
#10241 = CARTESIAN_POINT('',(0.,0.));
#10242 = VECTOR('',#10243,1.);
#10243 = DIRECTION('',(1.,0.));
#10244 = ( GEOMETRIC_REPRESENTATION_CONTEXT(2) 
PARAMETRIC_REPRESENTATION_CONTEXT() REPRESENTATION_CONTEXT('2D SPACE',''
  ) );
#10245 = PCURVE('',#9937,#10246);
#10246 = DEFINITIONAL_REPRESENTATION('',(#10247),#10251);
#10247 = LINE('',#10248,#10249);
#10248 = CARTESIAN_POINT('',(-0.14,0.));
#10249 = VECTOR('',#10250,1.);
#10250 = DIRECTION('',(0.382683432365,-0.923879532511));
#10251 = ( GEOMETRIC_REPRESENTATION_CONTEXT(2) 
PARAMETRIC_REPRESENTATION_CONTEXT() REPRESENTATION_CONTEXT('2D SPACE',''
  ) );
#10252 = ADVANCED_FACE('',(#10253),#10220,.F.);
#10253 = FACE_BOUND('',#10254,.F.);
#10254 = EDGE_LOOP('',(#10255,#10256,#10279,#10307));
#10255 = ORIENTED_EDGE('',*,*,#10204,.T.);
#10256 = ORIENTED_EDGE('',*,*,#10257,.T.);
#10257 = EDGE_CURVE('',#10182,#10258,#10260,.T.);
#10258 = VERTEX_POINT('',#10259);
#10259 = CARTESIAN_POINT('',(1.2,5.21,3.6));
#10260 = SURFACE_CURVE('',#10261,(#10265,#10272),.PCURVE_S1.);
#10261 = LINE('',#10262,#10263);
#10262 = CARTESIAN_POINT('',(1.101005050634,5.251005050634,3.6));
#10263 = VECTOR('',#10264,1.);
#10264 = DIRECTION('',(0.923879532511,-0.382683432365,0.));
#10265 = PCURVE('',#10220,#10266);
#10266 = DEFINITIONAL_REPRESENTATION('',(#10267),#10271);
#10267 = LINE('',#10268,#10269);
#10268 = CARTESIAN_POINT('',(0.,-3.45));
#10269 = VECTOR('',#10270,1.);
#10270 = DIRECTION('',(1.,0.));
#10271 = ( GEOMETRIC_REPRESENTATION_CONTEXT(2) 
PARAMETRIC_REPRESENTATION_CONTEXT() REPRESENTATION_CONTEXT('2D SPACE',''
  ) );
#10272 = PCURVE('',#9883,#10273);
#10273 = DEFINITIONAL_REPRESENTATION('',(#10274),#10278);
#10274 = LINE('',#10275,#10276);
#10275 = CARTESIAN_POINT('',(-9.899494936612E-02,-9.899494936612E-02));
#10276 = VECTOR('',#10277,1.);
#10277 = DIRECTION('',(0.923879532511,-0.382683432365));
#10278 = ( GEOMETRIC_REPRESENTATION_CONTEXT(2) 
PARAMETRIC_REPRESENTATION_CONTEXT() REPRESENTATION_CONTEXT('2D SPACE',''
  ) );
#10279 = ORIENTED_EDGE('',*,*,#10280,.F.);
#10280 = EDGE_CURVE('',#10281,#10258,#10283,.T.);
#10281 = VERTEX_POINT('',#10282);
#10282 = CARTESIAN_POINT('',(1.2,5.21,0.15));
#10283 = SURFACE_CURVE('',#10284,(#10288,#10295),.PCURVE_S1.);
#10284 = LINE('',#10285,#10286);
#10285 = CARTESIAN_POINT('',(1.2,5.21,0.15));
#10286 = VECTOR('',#10287,1.);
#10287 = DIRECTION('',(0.,0.,1.));
#10288 = PCURVE('',#10220,#10289);
#10289 = DEFINITIONAL_REPRESENTATION('',(#10290),#10294);
#10290 = LINE('',#10291,#10292);
#10291 = CARTESIAN_POINT('',(0.107151361062,0.));
#10292 = VECTOR('',#10293,1.);
#10293 = DIRECTION('',(0.,-1.));
#10294 = ( GEOMETRIC_REPRESENTATION_CONTEXT(2) 
PARAMETRIC_REPRESENTATION_CONTEXT() REPRESENTATION_CONTEXT('2D SPACE',''
  ) );
#10295 = PCURVE('',#10296,#10301);
#10296 = PLANE('',#10297);
#10297 = AXIS2_PLACEMENT_3D('',#10298,#10299,#10300);
#10298 = CARTESIAN_POINT('',(1.2,5.21,0.15));
#10299 = DIRECTION('',(-0.382683432365,0.923879532511,0.));
#10300 = DIRECTION('',(0.923879532511,0.382683432365,0.));
#10301 = DEFINITIONAL_REPRESENTATION('',(#10302),#10306);
#10302 = LINE('',#10303,#10304);
#10303 = CARTESIAN_POINT('',(0.,0.));
#10304 = VECTOR('',#10305,1.);
#10305 = DIRECTION('',(0.,-1.));
#10306 = ( GEOMETRIC_REPRESENTATION_CONTEXT(2) 
PARAMETRIC_REPRESENTATION_CONTEXT() REPRESENTATION_CONTEXT('2D SPACE',''
  ) );
#10307 = ORIENTED_EDGE('',*,*,#10308,.F.);
#10308 = EDGE_CURVE('',#10205,#10281,#10309,.T.);
#10309 = SURFACE_CURVE('',#10310,(#10314,#10321),.PCURVE_S1.);
#10310 = LINE('',#10311,#10312);
#10311 = CARTESIAN_POINT('',(1.101005050634,5.251005050634,0.15));
#10312 = VECTOR('',#10313,1.);
#10313 = DIRECTION('',(0.923879532511,-0.382683432365,0.));
#10314 = PCURVE('',#10220,#10315);
#10315 = DEFINITIONAL_REPRESENTATION('',(#10316),#10320);
#10316 = LINE('',#10317,#10318);
#10317 = CARTESIAN_POINT('',(0.,0.));
#10318 = VECTOR('',#10319,1.);
#10319 = DIRECTION('',(1.,0.));
#10320 = ( GEOMETRIC_REPRESENTATION_CONTEXT(2) 
PARAMETRIC_REPRESENTATION_CONTEXT() REPRESENTATION_CONTEXT('2D SPACE',''
  ) );
#10321 = PCURVE('',#9937,#10322);
#10322 = DEFINITIONAL_REPRESENTATION('',(#10323),#10327);
#10323 = LINE('',#10324,#10325);
#10324 = CARTESIAN_POINT('',(-9.899494936612E-02,-9.899494936612E-02));
#10325 = VECTOR('',#10326,1.);
#10326 = DIRECTION('',(0.923879532511,-0.382683432365));
#10327 = ( GEOMETRIC_REPRESENTATION_CONTEXT(2) 
PARAMETRIC_REPRESENTATION_CONTEXT() REPRESENTATION_CONTEXT('2D SPACE',''
  ) );
#10328 = ADVANCED_FACE('',(#10329),#10296,.F.);
#10329 = FACE_BOUND('',#10330,.F.);
#10330 = EDGE_LOOP('',(#10331,#10332,#10355,#10378));
#10331 = ORIENTED_EDGE('',*,*,#10280,.T.);
#10332 = ORIENTED_EDGE('',*,*,#10333,.T.);
#10333 = EDGE_CURVE('',#10258,#10334,#10336,.T.);
#10334 = VERTEX_POINT('',#10335);
#10335 = CARTESIAN_POINT('',(1.298994949366,5.251005050634,3.6));
#10336 = SURFACE_CURVE('',#10337,(#10341,#10348),.PCURVE_S1.);
#10337 = LINE('',#10338,#10339);
#10338 = CARTESIAN_POINT('',(1.2,5.21,3.6));
#10339 = VECTOR('',#10340,1.);
#10340 = DIRECTION('',(0.923879532511,0.382683432365,0.));
#10341 = PCURVE('',#10296,#10342);
#10342 = DEFINITIONAL_REPRESENTATION('',(#10343),#10347);
#10343 = LINE('',#10344,#10345);
#10344 = CARTESIAN_POINT('',(0.,-3.45));
#10345 = VECTOR('',#10346,1.);
#10346 = DIRECTION('',(1.,0.));
#10347 = ( GEOMETRIC_REPRESENTATION_CONTEXT(2) 
PARAMETRIC_REPRESENTATION_CONTEXT() REPRESENTATION_CONTEXT('2D SPACE',''
  ) );
#10348 = PCURVE('',#9883,#10349);
#10349 = DEFINITIONAL_REPRESENTATION('',(#10350),#10354);
#10350 = LINE('',#10351,#10352);
#10351 = CARTESIAN_POINT('',(0.,-0.14));
#10352 = VECTOR('',#10353,1.);
#10353 = DIRECTION('',(0.923879532511,0.382683432365));
#10354 = ( GEOMETRIC_REPRESENTATION_CONTEXT(2) 
PARAMETRIC_REPRESENTATION_CONTEXT() REPRESENTATION_CONTEXT('2D SPACE',''
  ) );
#10355 = ORIENTED_EDGE('',*,*,#10356,.F.);
#10356 = EDGE_CURVE('',#10357,#10334,#10359,.T.);
#10357 = VERTEX_POINT('',#10358);
#10358 = CARTESIAN_POINT('',(1.298994949366,5.251005050634,0.15));
#10359 = SURFACE_CURVE('',#10360,(#10364,#10371),.PCURVE_S1.);
#10360 = LINE('',#10361,#10362);
#10361 = CARTESIAN_POINT('',(1.298994949366,5.251005050634,0.15));
#10362 = VECTOR('',#10363,1.);
#10363 = DIRECTION('',(0.,0.,1.));
#10364 = PCURVE('',#10296,#10365);
#10365 = DEFINITIONAL_REPRESENTATION('',(#10366),#10370);
#10366 = LINE('',#10367,#10368);
#10367 = CARTESIAN_POINT('',(0.107151361062,0.));
#10368 = VECTOR('',#10369,1.);
#10369 = DIRECTION('',(0.,-1.));
#10370 = ( GEOMETRIC_REPRESENTATION_CONTEXT(2) 
PARAMETRIC_REPRESENTATION_CONTEXT() REPRESENTATION_CONTEXT('2D SPACE',''
  ) );
#10371 = PCURVE('',#9855,#10372);
#10372 = DEFINITIONAL_REPRESENTATION('',(#10373),#10377);
#10373 = LINE('',#10374,#10375);
#10374 = CARTESIAN_POINT('',(0.,0.));
#10375 = VECTOR('',#10376,1.);
#10376 = DIRECTION('',(0.,-1.));
#10377 = ( GEOMETRIC_REPRESENTATION_CONTEXT(2) 
PARAMETRIC_REPRESENTATION_CONTEXT() REPRESENTATION_CONTEXT('2D SPACE',''
  ) );
#10378 = ORIENTED_EDGE('',*,*,#10379,.F.);
#10379 = EDGE_CURVE('',#10281,#10357,#10380,.T.);
#10380 = SURFACE_CURVE('',#10381,(#10385,#10392),.PCURVE_S1.);
#10381 = LINE('',#10382,#10383);
#10382 = CARTESIAN_POINT('',(1.2,5.21,0.15));
#10383 = VECTOR('',#10384,1.);
#10384 = DIRECTION('',(0.923879532511,0.382683432365,0.));
#10385 = PCURVE('',#10296,#10386);
#10386 = DEFINITIONAL_REPRESENTATION('',(#10387),#10391);
#10387 = LINE('',#10388,#10389);
#10388 = CARTESIAN_POINT('',(0.,0.));
#10389 = VECTOR('',#10390,1.);
#10390 = DIRECTION('',(1.,0.));
#10391 = ( GEOMETRIC_REPRESENTATION_CONTEXT(2) 
PARAMETRIC_REPRESENTATION_CONTEXT() REPRESENTATION_CONTEXT('2D SPACE',''
  ) );
#10392 = PCURVE('',#9937,#10393);
#10393 = DEFINITIONAL_REPRESENTATION('',(#10394),#10398);
#10394 = LINE('',#10395,#10396);
#10395 = CARTESIAN_POINT('',(0.,-0.14));
#10396 = VECTOR('',#10397,1.);
#10397 = DIRECTION('',(0.923879532511,0.382683432365));
#10398 = ( GEOMETRIC_REPRESENTATION_CONTEXT(2) 
PARAMETRIC_REPRESENTATION_CONTEXT() REPRESENTATION_CONTEXT('2D SPACE',''
  ) );
#10399 = ADVANCED_FACE('',(#10400),#9855,.F.);
#10400 = FACE_BOUND('',#10401,.F.);
#10401 = EDGE_LOOP('',(#10402,#10403,#10424,#10425));
#10402 = ORIENTED_EDGE('',*,*,#10356,.T.);
#10403 = ORIENTED_EDGE('',*,*,#10404,.T.);
#10404 = EDGE_CURVE('',#10334,#9835,#10405,.T.);
#10405 = SURFACE_CURVE('',#10406,(#10410,#10417),.PCURVE_S1.);
#10406 = LINE('',#10407,#10408);
#10407 = CARTESIAN_POINT('',(1.298994949366,5.251005050634,3.6));
#10408 = VECTOR('',#10409,1.);
#10409 = DIRECTION('',(0.382683432365,0.923879532511,0.));
#10410 = PCURVE('',#9855,#10411);
#10411 = DEFINITIONAL_REPRESENTATION('',(#10412),#10416);
#10412 = LINE('',#10413,#10414);
#10413 = CARTESIAN_POINT('',(0.,-3.45));
#10414 = VECTOR('',#10415,1.);
#10415 = DIRECTION('',(1.,0.));
#10416 = ( GEOMETRIC_REPRESENTATION_CONTEXT(2) 
PARAMETRIC_REPRESENTATION_CONTEXT() REPRESENTATION_CONTEXT('2D SPACE',''
  ) );
#10417 = PCURVE('',#9883,#10418);
#10418 = DEFINITIONAL_REPRESENTATION('',(#10419),#10423);
#10419 = LINE('',#10420,#10421);
#10420 = CARTESIAN_POINT('',(9.899494936612E-02,-9.899494936612E-02));
#10421 = VECTOR('',#10422,1.);
#10422 = DIRECTION('',(0.382683432365,0.923879532511));
#10423 = ( GEOMETRIC_REPRESENTATION_CONTEXT(2) 
PARAMETRIC_REPRESENTATION_CONTEXT() REPRESENTATION_CONTEXT('2D SPACE',''
  ) );
#10424 = ORIENTED_EDGE('',*,*,#9832,.F.);
#10425 = ORIENTED_EDGE('',*,*,#10426,.F.);
#10426 = EDGE_CURVE('',#10357,#9833,#10427,.T.);
#10427 = SURFACE_CURVE('',#10428,(#10432,#10439),.PCURVE_S1.);
#10428 = LINE('',#10429,#10430);
#10429 = CARTESIAN_POINT('',(1.298994949366,5.251005050634,0.15));
#10430 = VECTOR('',#10431,1.);
#10431 = DIRECTION('',(0.382683432365,0.923879532511,0.));
#10432 = PCURVE('',#9855,#10433);
#10433 = DEFINITIONAL_REPRESENTATION('',(#10434),#10438);
#10434 = LINE('',#10435,#10436);
#10435 = CARTESIAN_POINT('',(0.,0.));
#10436 = VECTOR('',#10437,1.);
#10437 = DIRECTION('',(1.,0.));
#10438 = ( GEOMETRIC_REPRESENTATION_CONTEXT(2) 
PARAMETRIC_REPRESENTATION_CONTEXT() REPRESENTATION_CONTEXT('2D SPACE',''
  ) );
#10439 = PCURVE('',#9937,#10440);
#10440 = DEFINITIONAL_REPRESENTATION('',(#10441),#10445);
#10441 = LINE('',#10442,#10443);
#10442 = CARTESIAN_POINT('',(9.899494936612E-02,-9.899494936612E-02));
#10443 = VECTOR('',#10444,1.);
#10444 = DIRECTION('',(0.382683432365,0.923879532511));
#10445 = ( GEOMETRIC_REPRESENTATION_CONTEXT(2) 
PARAMETRIC_REPRESENTATION_CONTEXT() REPRESENTATION_CONTEXT('2D SPACE',''
  ) );
#10446 = ADVANCED_FACE('',(#10447),#9937,.F.);
#10447 = FACE_BOUND('',#10448,.F.);
#10448 = EDGE_LOOP('',(#10449,#10450,#10451,#10452,#10453,#10454,#10455,
    #10456));
#10449 = ORIENTED_EDGE('',*,*,#9923,.T.);
#10450 = ORIENTED_EDGE('',*,*,#10004,.T.);
#10451 = ORIENTED_EDGE('',*,*,#10080,.T.);
#10452 = ORIENTED_EDGE('',*,*,#10156,.T.);
#10453 = ORIENTED_EDGE('',*,*,#10232,.T.);
#10454 = ORIENTED_EDGE('',*,*,#10308,.T.);
#10455 = ORIENTED_EDGE('',*,*,#10379,.T.);
#10456 = ORIENTED_EDGE('',*,*,#10426,.T.);
#10457 = ADVANCED_FACE('',(#10458),#9883,.T.);
#10458 = FACE_BOUND('',#10459,.T.);
#10459 = EDGE_LOOP('',(#10460,#10461,#10462,#10463,#10464,#10465,#10466,
    #10467));
#10460 = ORIENTED_EDGE('',*,*,#9867,.T.);
#10461 = ORIENTED_EDGE('',*,*,#9953,.T.);
#10462 = ORIENTED_EDGE('',*,*,#10029,.T.);
#10463 = ORIENTED_EDGE('',*,*,#10105,.T.);
#10464 = ORIENTED_EDGE('',*,*,#10181,.T.);
#10465 = ORIENTED_EDGE('',*,*,#10257,.T.);
#10466 = ORIENTED_EDGE('',*,*,#10333,.T.);
#10467 = ORIENTED_EDGE('',*,*,#10404,.T.);
#10468 = ( GEOMETRIC_REPRESENTATION_CONTEXT(3) 
GLOBAL_UNCERTAINTY_ASSIGNED_CONTEXT((#10472)) 
GLOBAL_UNIT_ASSIGNED_CONTEXT((#10469,#10470,#10471)) 
REPRESENTATION_CONTEXT('Context #1',
  '3D Context with UNIT and UNCERTAINTY') );
#10469 = ( LENGTH_UNIT() NAMED_UNIT(*) SI_UNIT(.MILLI.,.METRE.) );
#10470 = ( NAMED_UNIT(*) PLANE_ANGLE_UNIT() SI_UNIT($,.RADIAN.) );
#10471 = ( NAMED_UNIT(*) SI_UNIT($,.STERADIAN.) SOLID_ANGLE_UNIT() );
#10472 = UNCERTAINTY_MEASURE_WITH_UNIT(LENGTH_MEASURE(1.E-07),#10469,
  'distance_accuracy_value','confusion accuracy');
#10473 = CONTEXT_DEPENDENT_SHAPE_REPRESENTATION(#10474,#10476);
#10474 = ( REPRESENTATION_RELATIONSHIP('','',#9825,#10) 
REPRESENTATION_RELATIONSHIP_WITH_TRANSFORMATION(#10475) 
SHAPE_REPRESENTATION_RELATIONSHIP() );
#10475 = ITEM_DEFINED_TRANSFORMATION('','',#11,#55);
#10476 = PRODUCT_DEFINITION_SHAPE('Placement','Placement of an item',
  #10477);
#10477 = NEXT_ASSEMBLY_USAGE_OCCURRENCE('203','trim_6','',#5,#9820,$);
#10478 = PRODUCT_RELATED_PRODUCT_CATEGORY('part',$,(#9822));
#10479 = SHAPE_DEFINITION_REPRESENTATION(#10480,#10486);
#10480 = PRODUCT_DEFINITION_SHAPE('','',#10481);
#10481 = PRODUCT_DEFINITION('design','',#10482,#10485);
#10482 = PRODUCT_DEFINITION_FORMATION('','',#10483);
#10483 = PRODUCT('trim_7','trim_7','',(#10484));
#10484 = PRODUCT_CONTEXT('',#2,'mechanical');
#10485 = PRODUCT_DEFINITION_CONTEXT('part definition',#2,'design');
#10486 = ADVANCED_BREP_SHAPE_REPRESENTATION('',(#11,#10487),#11129);
#10487 = MANIFOLD_SOLID_BREP('',#10488);
#10488 = CLOSED_SHELL('',(#10489,#10609,#10685,#10761,#10837,#10913,
    #10989,#11060,#11107,#11118));
#10489 = ADVANCED_FACE('',(#10490),#10504,.F.);
#10490 = FACE_BOUND('',#10491,.F.);
#10491 = EDGE_LOOP('',(#10492,#10527,#10555,#10583));
#10492 = ORIENTED_EDGE('',*,*,#10493,.T.);
#10493 = EDGE_CURVE('',#10494,#10496,#10498,.T.);
#10494 = VERTEX_POINT('',#10495);
#10495 = CARTESIAN_POINT('',(3.64,5.35,0.15));
#10496 = VERTEX_POINT('',#10497);
#10497 = CARTESIAN_POINT('',(3.64,5.35,3.6));
#10498 = SURFACE_CURVE('',#10499,(#10503,#10515),.PCURVE_S1.);
#10499 = LINE('',#10500,#10501);
#10500 = CARTESIAN_POINT('',(3.64,5.35,0.15));
#10501 = VECTOR('',#10502,1.);
#10502 = DIRECTION('',(0.,0.,1.));
#10503 = PCURVE('',#10504,#10509);
#10504 = PLANE('',#10505);
#10505 = AXIS2_PLACEMENT_3D('',#10506,#10507,#10508);
#10506 = CARTESIAN_POINT('',(3.64,5.35,0.15));
#10507 = DIRECTION('',(-0.923879532511,-0.382683432365,0.));
#10508 = DIRECTION('',(-0.382683432365,0.923879532511,0.));
#10509 = DEFINITIONAL_REPRESENTATION('',(#10510),#10514);
#10510 = LINE('',#10511,#10512);
#10511 = CARTESIAN_POINT('',(0.,0.));
#10512 = VECTOR('',#10513,1.);
#10513 = DIRECTION('',(0.,-1.));
#10514 = ( GEOMETRIC_REPRESENTATION_CONTEXT(2) 
PARAMETRIC_REPRESENTATION_CONTEXT() REPRESENTATION_CONTEXT('2D SPACE',''
  ) );
#10515 = PCURVE('',#10516,#10521);
#10516 = PLANE('',#10517);
#10517 = AXIS2_PLACEMENT_3D('',#10518,#10519,#10520);
#10518 = CARTESIAN_POINT('',(3.598994949366,5.251005050634,0.15));
#10519 = DIRECTION('',(-0.923879532511,0.382683432365,0.));
#10520 = DIRECTION('',(0.382683432365,0.923879532511,0.));
#10521 = DEFINITIONAL_REPRESENTATION('',(#10522),#10526);
#10522 = LINE('',#10523,#10524);
#10523 = CARTESIAN_POINT('',(0.107151361062,0.));
#10524 = VECTOR('',#10525,1.);
#10525 = DIRECTION('',(0.,-1.));
#10526 = ( GEOMETRIC_REPRESENTATION_CONTEXT(2) 
PARAMETRIC_REPRESENTATION_CONTEXT() REPRESENTATION_CONTEXT('2D SPACE',''
  ) );
#10527 = ORIENTED_EDGE('',*,*,#10528,.T.);
#10528 = EDGE_CURVE('',#10496,#10529,#10531,.T.);
#10529 = VERTEX_POINT('',#10530);
#10530 = CARTESIAN_POINT('',(3.598994949366,5.448994949366,3.6));
#10531 = SURFACE_CURVE('',#10532,(#10536,#10543),.PCURVE_S1.);
#10532 = LINE('',#10533,#10534);
#10533 = CARTESIAN_POINT('',(3.64,5.35,3.6));
#10534 = VECTOR('',#10535,1.);
#10535 = DIRECTION('',(-0.382683432365,0.923879532511,0.));
#10536 = PCURVE('',#10504,#10537);
#10537 = DEFINITIONAL_REPRESENTATION('',(#10538),#10542);
#10538 = LINE('',#10539,#10540);
#10539 = CARTESIAN_POINT('',(0.,-3.45));
#10540 = VECTOR('',#10541,1.);
#10541 = DIRECTION('',(1.,0.));
#10542 = ( GEOMETRIC_REPRESENTATION_CONTEXT(2) 
PARAMETRIC_REPRESENTATION_CONTEXT() REPRESENTATION_CONTEXT('2D SPACE',''
  ) );
#10543 = PCURVE('',#10544,#10549);
#10544 = PLANE('',#10545);
#10545 = AXIS2_PLACEMENT_3D('',#10546,#10547,#10548);
#10546 = CARTESIAN_POINT('',(3.5,5.35,3.6));
#10547 = DIRECTION('',(0.,0.,1.));
#10548 = DIRECTION('',(1.,0.,-0.));
#10549 = DEFINITIONAL_REPRESENTATION('',(#10550),#10554);
#10550 = LINE('',#10551,#10552);
#10551 = CARTESIAN_POINT('',(0.14,0.));
#10552 = VECTOR('',#10553,1.);
#10553 = DIRECTION('',(-0.382683432365,0.923879532511));
#10554 = ( GEOMETRIC_REPRESENTATION_CONTEXT(2) 
PARAMETRIC_REPRESENTATION_CONTEXT() REPRESENTATION_CONTEXT('2D SPACE',''
  ) );
#10555 = ORIENTED_EDGE('',*,*,#10556,.F.);
#10556 = EDGE_CURVE('',#10557,#10529,#10559,.T.);
#10557 = VERTEX_POINT('',#10558);
#10558 = CARTESIAN_POINT('',(3.598994949366,5.448994949366,0.15));
#10559 = SURFACE_CURVE('',#10560,(#10564,#10571),.PCURVE_S1.);
#10560 = LINE('',#10561,#10562);
#10561 = CARTESIAN_POINT('',(3.598994949366,5.448994949366,0.15));
#10562 = VECTOR('',#10563,1.);
#10563 = DIRECTION('',(0.,0.,1.));
#10564 = PCURVE('',#10504,#10565);
#10565 = DEFINITIONAL_REPRESENTATION('',(#10566),#10570);
#10566 = LINE('',#10567,#10568);
#10567 = CARTESIAN_POINT('',(0.107151361062,0.));
#10568 = VECTOR('',#10569,1.);
#10569 = DIRECTION('',(0.,-1.));
#10570 = ( GEOMETRIC_REPRESENTATION_CONTEXT(2) 
PARAMETRIC_REPRESENTATION_CONTEXT() REPRESENTATION_CONTEXT('2D SPACE',''
  ) );
#10571 = PCURVE('',#10572,#10577);
#10572 = PLANE('',#10573);
#10573 = AXIS2_PLACEMENT_3D('',#10574,#10575,#10576);
#10574 = CARTESIAN_POINT('',(3.598994949366,5.448994949366,0.15));
#10575 = DIRECTION('',(-0.382683432365,-0.923879532511,0.));
#10576 = DIRECTION('',(-0.923879532511,0.382683432365,0.));
#10577 = DEFINITIONAL_REPRESENTATION('',(#10578),#10582);
#10578 = LINE('',#10579,#10580);
#10579 = CARTESIAN_POINT('',(0.,0.));
#10580 = VECTOR('',#10581,1.);
#10581 = DIRECTION('',(0.,-1.));
#10582 = ( GEOMETRIC_REPRESENTATION_CONTEXT(2) 
PARAMETRIC_REPRESENTATION_CONTEXT() REPRESENTATION_CONTEXT('2D SPACE',''
  ) );
#10583 = ORIENTED_EDGE('',*,*,#10584,.F.);
#10584 = EDGE_CURVE('',#10494,#10557,#10585,.T.);
#10585 = SURFACE_CURVE('',#10586,(#10590,#10597),.PCURVE_S1.);
#10586 = LINE('',#10587,#10588);
#10587 = CARTESIAN_POINT('',(3.64,5.35,0.15));
#10588 = VECTOR('',#10589,1.);
#10589 = DIRECTION('',(-0.382683432365,0.923879532511,0.));
#10590 = PCURVE('',#10504,#10591);
#10591 = DEFINITIONAL_REPRESENTATION('',(#10592),#10596);
#10592 = LINE('',#10593,#10594);
#10593 = CARTESIAN_POINT('',(0.,0.));
#10594 = VECTOR('',#10595,1.);
#10595 = DIRECTION('',(1.,0.));
#10596 = ( GEOMETRIC_REPRESENTATION_CONTEXT(2) 
PARAMETRIC_REPRESENTATION_CONTEXT() REPRESENTATION_CONTEXT('2D SPACE',''
  ) );
#10597 = PCURVE('',#10598,#10603);
#10598 = PLANE('',#10599);
#10599 = AXIS2_PLACEMENT_3D('',#10600,#10601,#10602);
#10600 = CARTESIAN_POINT('',(3.5,5.35,0.15));
#10601 = DIRECTION('',(0.,0.,1.));
#10602 = DIRECTION('',(1.,0.,-0.));
#10603 = DEFINITIONAL_REPRESENTATION('',(#10604),#10608);
#10604 = LINE('',#10605,#10606);
#10605 = CARTESIAN_POINT('',(0.14,0.));
#10606 = VECTOR('',#10607,1.);
#10607 = DIRECTION('',(-0.382683432365,0.923879532511));
#10608 = ( GEOMETRIC_REPRESENTATION_CONTEXT(2) 
PARAMETRIC_REPRESENTATION_CONTEXT() REPRESENTATION_CONTEXT('2D SPACE',''
  ) );
#10609 = ADVANCED_FACE('',(#10610),#10572,.F.);
#10610 = FACE_BOUND('',#10611,.F.);
#10611 = EDGE_LOOP('',(#10612,#10613,#10636,#10664));
#10612 = ORIENTED_EDGE('',*,*,#10556,.T.);
#10613 = ORIENTED_EDGE('',*,*,#10614,.T.);
#10614 = EDGE_CURVE('',#10529,#10615,#10617,.T.);
#10615 = VERTEX_POINT('',#10616);
#10616 = CARTESIAN_POINT('',(3.5,5.49,3.6));
#10617 = SURFACE_CURVE('',#10618,(#10622,#10629),.PCURVE_S1.);
#10618 = LINE('',#10619,#10620);
#10619 = CARTESIAN_POINT('',(3.598994949366,5.448994949366,3.6));
#10620 = VECTOR('',#10621,1.);
#10621 = DIRECTION('',(-0.923879532511,0.382683432365,0.));
#10622 = PCURVE('',#10572,#10623);
#10623 = DEFINITIONAL_REPRESENTATION('',(#10624),#10628);
#10624 = LINE('',#10625,#10626);
#10625 = CARTESIAN_POINT('',(0.,-3.45));
#10626 = VECTOR('',#10627,1.);
#10627 = DIRECTION('',(1.,0.));
#10628 = ( GEOMETRIC_REPRESENTATION_CONTEXT(2) 
PARAMETRIC_REPRESENTATION_CONTEXT() REPRESENTATION_CONTEXT('2D SPACE',''
  ) );
#10629 = PCURVE('',#10544,#10630);
#10630 = DEFINITIONAL_REPRESENTATION('',(#10631),#10635);
#10631 = LINE('',#10632,#10633);
#10632 = CARTESIAN_POINT('',(9.899494936612E-02,9.899494936612E-02));
#10633 = VECTOR('',#10634,1.);
#10634 = DIRECTION('',(-0.923879532511,0.382683432365));
#10635 = ( GEOMETRIC_REPRESENTATION_CONTEXT(2) 
PARAMETRIC_REPRESENTATION_CONTEXT() REPRESENTATION_CONTEXT('2D SPACE',''
  ) );
#10636 = ORIENTED_EDGE('',*,*,#10637,.F.);
#10637 = EDGE_CURVE('',#10638,#10615,#10640,.T.);
#10638 = VERTEX_POINT('',#10639);
#10639 = CARTESIAN_POINT('',(3.5,5.49,0.15));
#10640 = SURFACE_CURVE('',#10641,(#10645,#10652),.PCURVE_S1.);
#10641 = LINE('',#10642,#10643);
#10642 = CARTESIAN_POINT('',(3.5,5.49,0.15));
#10643 = VECTOR('',#10644,1.);
#10644 = DIRECTION('',(0.,0.,1.));
#10645 = PCURVE('',#10572,#10646);
#10646 = DEFINITIONAL_REPRESENTATION('',(#10647),#10651);
#10647 = LINE('',#10648,#10649);
#10648 = CARTESIAN_POINT('',(0.107151361062,0.));
#10649 = VECTOR('',#10650,1.);
#10650 = DIRECTION('',(0.,-1.));
#10651 = ( GEOMETRIC_REPRESENTATION_CONTEXT(2) 
PARAMETRIC_REPRESENTATION_CONTEXT() REPRESENTATION_CONTEXT('2D SPACE',''
  ) );
#10652 = PCURVE('',#10653,#10658);
#10653 = PLANE('',#10654);
#10654 = AXIS2_PLACEMENT_3D('',#10655,#10656,#10657);
#10655 = CARTESIAN_POINT('',(3.5,5.49,0.15));
#10656 = DIRECTION('',(0.382683432365,-0.923879532511,0.));
#10657 = DIRECTION('',(-0.923879532511,-0.382683432365,0.));
#10658 = DEFINITIONAL_REPRESENTATION('',(#10659),#10663);
#10659 = LINE('',#10660,#10661);
#10660 = CARTESIAN_POINT('',(0.,0.));
#10661 = VECTOR('',#10662,1.);
#10662 = DIRECTION('',(0.,-1.));
#10663 = ( GEOMETRIC_REPRESENTATION_CONTEXT(2) 
PARAMETRIC_REPRESENTATION_CONTEXT() REPRESENTATION_CONTEXT('2D SPACE',''
  ) );
#10664 = ORIENTED_EDGE('',*,*,#10665,.F.);
#10665 = EDGE_CURVE('',#10557,#10638,#10666,.T.);
#10666 = SURFACE_CURVE('',#10667,(#10671,#10678),.PCURVE_S1.);
#10667 = LINE('',#10668,#10669);
#10668 = CARTESIAN_POINT('',(3.598994949366,5.448994949366,0.15));
#10669 = VECTOR('',#10670,1.);
#10670 = DIRECTION('',(-0.923879532511,0.382683432365,0.));
#10671 = PCURVE('',#10572,#10672);
#10672 = DEFINITIONAL_REPRESENTATION('',(#10673),#10677);
#10673 = LINE('',#10674,#10675);
#10674 = CARTESIAN_POINT('',(0.,0.));
#10675 = VECTOR('',#10676,1.);
#10676 = DIRECTION('',(1.,0.));
#10677 = ( GEOMETRIC_REPRESENTATION_CONTEXT(2) 
PARAMETRIC_REPRESENTATION_CONTEXT() REPRESENTATION_CONTEXT('2D SPACE',''
  ) );
#10678 = PCURVE('',#10598,#10679);
#10679 = DEFINITIONAL_REPRESENTATION('',(#10680),#10684);
#10680 = LINE('',#10681,#10682);
#10681 = CARTESIAN_POINT('',(9.899494936612E-02,9.899494936612E-02));
#10682 = VECTOR('',#10683,1.);
#10683 = DIRECTION('',(-0.923879532511,0.382683432365));
#10684 = ( GEOMETRIC_REPRESENTATION_CONTEXT(2) 
PARAMETRIC_REPRESENTATION_CONTEXT() REPRESENTATION_CONTEXT('2D SPACE',''
  ) );
#10685 = ADVANCED_FACE('',(#10686),#10653,.F.);
#10686 = FACE_BOUND('',#10687,.F.);
#10687 = EDGE_LOOP('',(#10688,#10689,#10712,#10740));
#10688 = ORIENTED_EDGE('',*,*,#10637,.T.);
#10689 = ORIENTED_EDGE('',*,*,#10690,.T.);
#10690 = EDGE_CURVE('',#10615,#10691,#10693,.T.);
#10691 = VERTEX_POINT('',#10692);
#10692 = CARTESIAN_POINT('',(3.401005050634,5.448994949366,3.6));
#10693 = SURFACE_CURVE('',#10694,(#10698,#10705),.PCURVE_S1.);
#10694 = LINE('',#10695,#10696);
#10695 = CARTESIAN_POINT('',(3.5,5.49,3.6));
#10696 = VECTOR('',#10697,1.);
#10697 = DIRECTION('',(-0.923879532511,-0.382683432365,0.));
#10698 = PCURVE('',#10653,#10699);
#10699 = DEFINITIONAL_REPRESENTATION('',(#10700),#10704);
#10700 = LINE('',#10701,#10702);
#10701 = CARTESIAN_POINT('',(0.,-3.45));
#10702 = VECTOR('',#10703,1.);
#10703 = DIRECTION('',(1.,0.));
#10704 = ( GEOMETRIC_REPRESENTATION_CONTEXT(2) 
PARAMETRIC_REPRESENTATION_CONTEXT() REPRESENTATION_CONTEXT('2D SPACE',''
  ) );
#10705 = PCURVE('',#10544,#10706);
#10706 = DEFINITIONAL_REPRESENTATION('',(#10707),#10711);
#10707 = LINE('',#10708,#10709);
#10708 = CARTESIAN_POINT('',(0.,0.14));
#10709 = VECTOR('',#10710,1.);
#10710 = DIRECTION('',(-0.923879532511,-0.382683432365));
#10711 = ( GEOMETRIC_REPRESENTATION_CONTEXT(2) 
PARAMETRIC_REPRESENTATION_CONTEXT() REPRESENTATION_CONTEXT('2D SPACE',''
  ) );
#10712 = ORIENTED_EDGE('',*,*,#10713,.F.);
#10713 = EDGE_CURVE('',#10714,#10691,#10716,.T.);
#10714 = VERTEX_POINT('',#10715);
#10715 = CARTESIAN_POINT('',(3.401005050634,5.448994949366,0.15));
#10716 = SURFACE_CURVE('',#10717,(#10721,#10728),.PCURVE_S1.);
#10717 = LINE('',#10718,#10719);
#10718 = CARTESIAN_POINT('',(3.401005050634,5.448994949366,0.15));
#10719 = VECTOR('',#10720,1.);
#10720 = DIRECTION('',(0.,0.,1.));
#10721 = PCURVE('',#10653,#10722);
#10722 = DEFINITIONAL_REPRESENTATION('',(#10723),#10727);
#10723 = LINE('',#10724,#10725);
#10724 = CARTESIAN_POINT('',(0.107151361062,0.));
#10725 = VECTOR('',#10726,1.);
#10726 = DIRECTION('',(0.,-1.));
#10727 = ( GEOMETRIC_REPRESENTATION_CONTEXT(2) 
PARAMETRIC_REPRESENTATION_CONTEXT() REPRESENTATION_CONTEXT('2D SPACE',''
  ) );
#10728 = PCURVE('',#10729,#10734);
#10729 = PLANE('',#10730);
#10730 = AXIS2_PLACEMENT_3D('',#10731,#10732,#10733);
#10731 = CARTESIAN_POINT('',(3.401005050634,5.448994949366,0.15));
#10732 = DIRECTION('',(0.923879532511,-0.382683432365,0.));
#10733 = DIRECTION('',(-0.382683432365,-0.923879532511,0.));
#10734 = DEFINITIONAL_REPRESENTATION('',(#10735),#10739);
#10735 = LINE('',#10736,#10737);
#10736 = CARTESIAN_POINT('',(0.,0.));
#10737 = VECTOR('',#10738,1.);
#10738 = DIRECTION('',(0.,-1.));
#10739 = ( GEOMETRIC_REPRESENTATION_CONTEXT(2) 
PARAMETRIC_REPRESENTATION_CONTEXT() REPRESENTATION_CONTEXT('2D SPACE',''
  ) );
#10740 = ORIENTED_EDGE('',*,*,#10741,.F.);
#10741 = EDGE_CURVE('',#10638,#10714,#10742,.T.);
#10742 = SURFACE_CURVE('',#10743,(#10747,#10754),.PCURVE_S1.);
#10743 = LINE('',#10744,#10745);
#10744 = CARTESIAN_POINT('',(3.5,5.49,0.15));
#10745 = VECTOR('',#10746,1.);
#10746 = DIRECTION('',(-0.923879532511,-0.382683432365,0.));
#10747 = PCURVE('',#10653,#10748);
#10748 = DEFINITIONAL_REPRESENTATION('',(#10749),#10753);
#10749 = LINE('',#10750,#10751);
#10750 = CARTESIAN_POINT('',(0.,0.));
#10751 = VECTOR('',#10752,1.);
#10752 = DIRECTION('',(1.,0.));
#10753 = ( GEOMETRIC_REPRESENTATION_CONTEXT(2) 
PARAMETRIC_REPRESENTATION_CONTEXT() REPRESENTATION_CONTEXT('2D SPACE',''
  ) );
#10754 = PCURVE('',#10598,#10755);
#10755 = DEFINITIONAL_REPRESENTATION('',(#10756),#10760);
#10756 = LINE('',#10757,#10758);
#10757 = CARTESIAN_POINT('',(0.,0.14));
#10758 = VECTOR('',#10759,1.);
#10759 = DIRECTION('',(-0.923879532511,-0.382683432365));
#10760 = ( GEOMETRIC_REPRESENTATION_CONTEXT(2) 
PARAMETRIC_REPRESENTATION_CONTEXT() REPRESENTATION_CONTEXT('2D SPACE',''
  ) );
#10761 = ADVANCED_FACE('',(#10762),#10729,.F.);
#10762 = FACE_BOUND('',#10763,.F.);
#10763 = EDGE_LOOP('',(#10764,#10765,#10788,#10816));
#10764 = ORIENTED_EDGE('',*,*,#10713,.T.);
#10765 = ORIENTED_EDGE('',*,*,#10766,.T.);
#10766 = EDGE_CURVE('',#10691,#10767,#10769,.T.);
#10767 = VERTEX_POINT('',#10768);
#10768 = CARTESIAN_POINT('',(3.36,5.35,3.6));
#10769 = SURFACE_CURVE('',#10770,(#10774,#10781),.PCURVE_S1.);
#10770 = LINE('',#10771,#10772);
#10771 = CARTESIAN_POINT('',(3.401005050634,5.448994949366,3.6));
#10772 = VECTOR('',#10773,1.);
#10773 = DIRECTION('',(-0.382683432365,-0.923879532511,0.));
#10774 = PCURVE('',#10729,#10775);
#10775 = DEFINITIONAL_REPRESENTATION('',(#10776),#10780);
#10776 = LINE('',#10777,#10778);
#10777 = CARTESIAN_POINT('',(0.,-3.45));
#10778 = VECTOR('',#10779,1.);
#10779 = DIRECTION('',(1.,0.));
#10780 = ( GEOMETRIC_REPRESENTATION_CONTEXT(2) 
PARAMETRIC_REPRESENTATION_CONTEXT() REPRESENTATION_CONTEXT('2D SPACE',''
  ) );
#10781 = PCURVE('',#10544,#10782);
#10782 = DEFINITIONAL_REPRESENTATION('',(#10783),#10787);
#10783 = LINE('',#10784,#10785);
#10784 = CARTESIAN_POINT('',(-9.899494936612E-02,9.899494936612E-02));
#10785 = VECTOR('',#10786,1.);
#10786 = DIRECTION('',(-0.382683432365,-0.923879532511));
#10787 = ( GEOMETRIC_REPRESENTATION_CONTEXT(2) 
PARAMETRIC_REPRESENTATION_CONTEXT() REPRESENTATION_CONTEXT('2D SPACE',''
  ) );
#10788 = ORIENTED_EDGE('',*,*,#10789,.F.);
#10789 = EDGE_CURVE('',#10790,#10767,#10792,.T.);
#10790 = VERTEX_POINT('',#10791);
#10791 = CARTESIAN_POINT('',(3.36,5.35,0.15));
#10792 = SURFACE_CURVE('',#10793,(#10797,#10804),.PCURVE_S1.);
#10793 = LINE('',#10794,#10795);
#10794 = CARTESIAN_POINT('',(3.36,5.35,0.15));
#10795 = VECTOR('',#10796,1.);
#10796 = DIRECTION('',(0.,0.,1.));
#10797 = PCURVE('',#10729,#10798);
#10798 = DEFINITIONAL_REPRESENTATION('',(#10799),#10803);
#10799 = LINE('',#10800,#10801);
#10800 = CARTESIAN_POINT('',(0.107151361062,0.));
#10801 = VECTOR('',#10802,1.);
#10802 = DIRECTION('',(0.,-1.));
#10803 = ( GEOMETRIC_REPRESENTATION_CONTEXT(2) 
PARAMETRIC_REPRESENTATION_CONTEXT() REPRESENTATION_CONTEXT('2D SPACE',''
  ) );
#10804 = PCURVE('',#10805,#10810);
#10805 = PLANE('',#10806);
#10806 = AXIS2_PLACEMENT_3D('',#10807,#10808,#10809);
#10807 = CARTESIAN_POINT('',(3.36,5.35,0.15));
#10808 = DIRECTION('',(0.923879532511,0.382683432365,-0.));
#10809 = DIRECTION('',(0.382683432365,-0.923879532511,0.));
#10810 = DEFINITIONAL_REPRESENTATION('',(#10811),#10815);
#10811 = LINE('',#10812,#10813);
#10812 = CARTESIAN_POINT('',(0.,0.));
#10813 = VECTOR('',#10814,1.);
#10814 = DIRECTION('',(0.,-1.));
#10815 = ( GEOMETRIC_REPRESENTATION_CONTEXT(2) 
PARAMETRIC_REPRESENTATION_CONTEXT() REPRESENTATION_CONTEXT('2D SPACE',''
  ) );
#10816 = ORIENTED_EDGE('',*,*,#10817,.F.);
#10817 = EDGE_CURVE('',#10714,#10790,#10818,.T.);
#10818 = SURFACE_CURVE('',#10819,(#10823,#10830),.PCURVE_S1.);
#10819 = LINE('',#10820,#10821);
#10820 = CARTESIAN_POINT('',(3.401005050634,5.448994949366,0.15));
#10821 = VECTOR('',#10822,1.);
#10822 = DIRECTION('',(-0.382683432365,-0.923879532511,0.));
#10823 = PCURVE('',#10729,#10824);
#10824 = DEFINITIONAL_REPRESENTATION('',(#10825),#10829);
#10825 = LINE('',#10826,#10827);
#10826 = CARTESIAN_POINT('',(0.,0.));
#10827 = VECTOR('',#10828,1.);
#10828 = DIRECTION('',(1.,0.));
#10829 = ( GEOMETRIC_REPRESENTATION_CONTEXT(2) 
PARAMETRIC_REPRESENTATION_CONTEXT() REPRESENTATION_CONTEXT('2D SPACE',''
  ) );
#10830 = PCURVE('',#10598,#10831);
#10831 = DEFINITIONAL_REPRESENTATION('',(#10832),#10836);
#10832 = LINE('',#10833,#10834);
#10833 = CARTESIAN_POINT('',(-9.899494936612E-02,9.899494936612E-02));
#10834 = VECTOR('',#10835,1.);
#10835 = DIRECTION('',(-0.382683432365,-0.923879532511));
#10836 = ( GEOMETRIC_REPRESENTATION_CONTEXT(2) 
PARAMETRIC_REPRESENTATION_CONTEXT() REPRESENTATION_CONTEXT('2D SPACE',''
  ) );
#10837 = ADVANCED_FACE('',(#10838),#10805,.F.);
#10838 = FACE_BOUND('',#10839,.F.);
#10839 = EDGE_LOOP('',(#10840,#10841,#10864,#10892));
#10840 = ORIENTED_EDGE('',*,*,#10789,.T.);
#10841 = ORIENTED_EDGE('',*,*,#10842,.T.);
#10842 = EDGE_CURVE('',#10767,#10843,#10845,.T.);
#10843 = VERTEX_POINT('',#10844);
#10844 = CARTESIAN_POINT('',(3.401005050634,5.251005050634,3.6));
#10845 = SURFACE_CURVE('',#10846,(#10850,#10857),.PCURVE_S1.);
#10846 = LINE('',#10847,#10848);
#10847 = CARTESIAN_POINT('',(3.36,5.35,3.6));
#10848 = VECTOR('',#10849,1.);
#10849 = DIRECTION('',(0.382683432365,-0.923879532511,0.));
#10850 = PCURVE('',#10805,#10851);
#10851 = DEFINITIONAL_REPRESENTATION('',(#10852),#10856);
#10852 = LINE('',#10853,#10854);
#10853 = CARTESIAN_POINT('',(0.,-3.45));
#10854 = VECTOR('',#10855,1.);
#10855 = DIRECTION('',(1.,0.));
#10856 = ( GEOMETRIC_REPRESENTATION_CONTEXT(2) 
PARAMETRIC_REPRESENTATION_CONTEXT() REPRESENTATION_CONTEXT('2D SPACE',''
  ) );
#10857 = PCURVE('',#10544,#10858);
#10858 = DEFINITIONAL_REPRESENTATION('',(#10859),#10863);
#10859 = LINE('',#10860,#10861);
#10860 = CARTESIAN_POINT('',(-0.14,0.));
#10861 = VECTOR('',#10862,1.);
#10862 = DIRECTION('',(0.382683432365,-0.923879532511));
#10863 = ( GEOMETRIC_REPRESENTATION_CONTEXT(2) 
PARAMETRIC_REPRESENTATION_CONTEXT() REPRESENTATION_CONTEXT('2D SPACE',''
  ) );
#10864 = ORIENTED_EDGE('',*,*,#10865,.F.);
#10865 = EDGE_CURVE('',#10866,#10843,#10868,.T.);
#10866 = VERTEX_POINT('',#10867);
#10867 = CARTESIAN_POINT('',(3.401005050634,5.251005050634,0.15));
#10868 = SURFACE_CURVE('',#10869,(#10873,#10880),.PCURVE_S1.);
#10869 = LINE('',#10870,#10871);
#10870 = CARTESIAN_POINT('',(3.401005050634,5.251005050634,0.15));
#10871 = VECTOR('',#10872,1.);
#10872 = DIRECTION('',(0.,0.,1.));
#10873 = PCURVE('',#10805,#10874);
#10874 = DEFINITIONAL_REPRESENTATION('',(#10875),#10879);
#10875 = LINE('',#10876,#10877);
#10876 = CARTESIAN_POINT('',(0.107151361062,0.));
#10877 = VECTOR('',#10878,1.);
#10878 = DIRECTION('',(0.,-1.));
#10879 = ( GEOMETRIC_REPRESENTATION_CONTEXT(2) 
PARAMETRIC_REPRESENTATION_CONTEXT() REPRESENTATION_CONTEXT('2D SPACE',''
  ) );
#10880 = PCURVE('',#10881,#10886);
#10881 = PLANE('',#10882);
#10882 = AXIS2_PLACEMENT_3D('',#10883,#10884,#10885);
#10883 = CARTESIAN_POINT('',(3.401005050634,5.251005050634,0.15));
#10884 = DIRECTION('',(0.382683432365,0.923879532511,-0.));
#10885 = DIRECTION('',(0.923879532511,-0.382683432365,0.));
#10886 = DEFINITIONAL_REPRESENTATION('',(#10887),#10891);
#10887 = LINE('',#10888,#10889);
#10888 = CARTESIAN_POINT('',(0.,0.));
#10889 = VECTOR('',#10890,1.);
#10890 = DIRECTION('',(0.,-1.));
#10891 = ( GEOMETRIC_REPRESENTATION_CONTEXT(2) 
PARAMETRIC_REPRESENTATION_CONTEXT() REPRESENTATION_CONTEXT('2D SPACE',''
  ) );
#10892 = ORIENTED_EDGE('',*,*,#10893,.F.);
#10893 = EDGE_CURVE('',#10790,#10866,#10894,.T.);
#10894 = SURFACE_CURVE('',#10895,(#10899,#10906),.PCURVE_S1.);
#10895 = LINE('',#10896,#10897);
#10896 = CARTESIAN_POINT('',(3.36,5.35,0.15));
#10897 = VECTOR('',#10898,1.);
#10898 = DIRECTION('',(0.382683432365,-0.923879532511,0.));
#10899 = PCURVE('',#10805,#10900);
#10900 = DEFINITIONAL_REPRESENTATION('',(#10901),#10905);
#10901 = LINE('',#10902,#10903);
#10902 = CARTESIAN_POINT('',(0.,0.));
#10903 = VECTOR('',#10904,1.);
#10904 = DIRECTION('',(1.,0.));
#10905 = ( GEOMETRIC_REPRESENTATION_CONTEXT(2) 
PARAMETRIC_REPRESENTATION_CONTEXT() REPRESENTATION_CONTEXT('2D SPACE',''
  ) );
#10906 = PCURVE('',#10598,#10907);
#10907 = DEFINITIONAL_REPRESENTATION('',(#10908),#10912);
#10908 = LINE('',#10909,#10910);
#10909 = CARTESIAN_POINT('',(-0.14,0.));
#10910 = VECTOR('',#10911,1.);
#10911 = DIRECTION('',(0.382683432365,-0.923879532511));
#10912 = ( GEOMETRIC_REPRESENTATION_CONTEXT(2) 
PARAMETRIC_REPRESENTATION_CONTEXT() REPRESENTATION_CONTEXT('2D SPACE',''
  ) );
#10913 = ADVANCED_FACE('',(#10914),#10881,.F.);
#10914 = FACE_BOUND('',#10915,.F.);
#10915 = EDGE_LOOP('',(#10916,#10917,#10940,#10968));
#10916 = ORIENTED_EDGE('',*,*,#10865,.T.);
#10917 = ORIENTED_EDGE('',*,*,#10918,.T.);
#10918 = EDGE_CURVE('',#10843,#10919,#10921,.T.);
#10919 = VERTEX_POINT('',#10920);
#10920 = CARTESIAN_POINT('',(3.5,5.21,3.6));
#10921 = SURFACE_CURVE('',#10922,(#10926,#10933),.PCURVE_S1.);
#10922 = LINE('',#10923,#10924);
#10923 = CARTESIAN_POINT('',(3.401005050634,5.251005050634,3.6));
#10924 = VECTOR('',#10925,1.);
#10925 = DIRECTION('',(0.923879532511,-0.382683432365,0.));
#10926 = PCURVE('',#10881,#10927);
#10927 = DEFINITIONAL_REPRESENTATION('',(#10928),#10932);
#10928 = LINE('',#10929,#10930);
#10929 = CARTESIAN_POINT('',(0.,-3.45));
#10930 = VECTOR('',#10931,1.);
#10931 = DIRECTION('',(1.,0.));
#10932 = ( GEOMETRIC_REPRESENTATION_CONTEXT(2) 
PARAMETRIC_REPRESENTATION_CONTEXT() REPRESENTATION_CONTEXT('2D SPACE',''
  ) );
#10933 = PCURVE('',#10544,#10934);
#10934 = DEFINITIONAL_REPRESENTATION('',(#10935),#10939);
#10935 = LINE('',#10936,#10937);
#10936 = CARTESIAN_POINT('',(-9.899494936612E-02,-9.899494936612E-02));
#10937 = VECTOR('',#10938,1.);
#10938 = DIRECTION('',(0.923879532511,-0.382683432365));
#10939 = ( GEOMETRIC_REPRESENTATION_CONTEXT(2) 
PARAMETRIC_REPRESENTATION_CONTEXT() REPRESENTATION_CONTEXT('2D SPACE',''
  ) );
#10940 = ORIENTED_EDGE('',*,*,#10941,.F.);
#10941 = EDGE_CURVE('',#10942,#10919,#10944,.T.);
#10942 = VERTEX_POINT('',#10943);
#10943 = CARTESIAN_POINT('',(3.5,5.21,0.15));
#10944 = SURFACE_CURVE('',#10945,(#10949,#10956),.PCURVE_S1.);
#10945 = LINE('',#10946,#10947);
#10946 = CARTESIAN_POINT('',(3.5,5.21,0.15));
#10947 = VECTOR('',#10948,1.);
#10948 = DIRECTION('',(0.,0.,1.));
#10949 = PCURVE('',#10881,#10950);
#10950 = DEFINITIONAL_REPRESENTATION('',(#10951),#10955);
#10951 = LINE('',#10952,#10953);
#10952 = CARTESIAN_POINT('',(0.107151361062,0.));
#10953 = VECTOR('',#10954,1.);
#10954 = DIRECTION('',(0.,-1.));
#10955 = ( GEOMETRIC_REPRESENTATION_CONTEXT(2) 
PARAMETRIC_REPRESENTATION_CONTEXT() REPRESENTATION_CONTEXT('2D SPACE',''
  ) );
#10956 = PCURVE('',#10957,#10962);
#10957 = PLANE('',#10958);
#10958 = AXIS2_PLACEMENT_3D('',#10959,#10960,#10961);
#10959 = CARTESIAN_POINT('',(3.5,5.21,0.15));
#10960 = DIRECTION('',(-0.382683432365,0.923879532511,0.));
#10961 = DIRECTION('',(0.923879532511,0.382683432365,0.));
#10962 = DEFINITIONAL_REPRESENTATION('',(#10963),#10967);
#10963 = LINE('',#10964,#10965);
#10964 = CARTESIAN_POINT('',(0.,0.));
#10965 = VECTOR('',#10966,1.);
#10966 = DIRECTION('',(0.,-1.));
#10967 = ( GEOMETRIC_REPRESENTATION_CONTEXT(2) 
PARAMETRIC_REPRESENTATION_CONTEXT() REPRESENTATION_CONTEXT('2D SPACE',''
  ) );
#10968 = ORIENTED_EDGE('',*,*,#10969,.F.);
#10969 = EDGE_CURVE('',#10866,#10942,#10970,.T.);
#10970 = SURFACE_CURVE('',#10971,(#10975,#10982),.PCURVE_S1.);
#10971 = LINE('',#10972,#10973);
#10972 = CARTESIAN_POINT('',(3.401005050634,5.251005050634,0.15));
#10973 = VECTOR('',#10974,1.);
#10974 = DIRECTION('',(0.923879532511,-0.382683432365,0.));
#10975 = PCURVE('',#10881,#10976);
#10976 = DEFINITIONAL_REPRESENTATION('',(#10977),#10981);
#10977 = LINE('',#10978,#10979);
#10978 = CARTESIAN_POINT('',(0.,0.));
#10979 = VECTOR('',#10980,1.);
#10980 = DIRECTION('',(1.,0.));
#10981 = ( GEOMETRIC_REPRESENTATION_CONTEXT(2) 
PARAMETRIC_REPRESENTATION_CONTEXT() REPRESENTATION_CONTEXT('2D SPACE',''
  ) );
#10982 = PCURVE('',#10598,#10983);
#10983 = DEFINITIONAL_REPRESENTATION('',(#10984),#10988);
#10984 = LINE('',#10985,#10986);
#10985 = CARTESIAN_POINT('',(-9.899494936612E-02,-9.899494936612E-02));
#10986 = VECTOR('',#10987,1.);
#10987 = DIRECTION('',(0.923879532511,-0.382683432365));
#10988 = ( GEOMETRIC_REPRESENTATION_CONTEXT(2) 
PARAMETRIC_REPRESENTATION_CONTEXT() REPRESENTATION_CONTEXT('2D SPACE',''
  ) );
#10989 = ADVANCED_FACE('',(#10990),#10957,.F.);
#10990 = FACE_BOUND('',#10991,.F.);
#10991 = EDGE_LOOP('',(#10992,#10993,#11016,#11039));
#10992 = ORIENTED_EDGE('',*,*,#10941,.T.);
#10993 = ORIENTED_EDGE('',*,*,#10994,.T.);
#10994 = EDGE_CURVE('',#10919,#10995,#10997,.T.);
#10995 = VERTEX_POINT('',#10996);
#10996 = CARTESIAN_POINT('',(3.598994949366,5.251005050634,3.6));
#10997 = SURFACE_CURVE('',#10998,(#11002,#11009),.PCURVE_S1.);
#10998 = LINE('',#10999,#11000);
#10999 = CARTESIAN_POINT('',(3.5,5.21,3.6));
#11000 = VECTOR('',#11001,1.);
#11001 = DIRECTION('',(0.923879532511,0.382683432365,0.));
#11002 = PCURVE('',#10957,#11003);
#11003 = DEFINITIONAL_REPRESENTATION('',(#11004),#11008);
#11004 = LINE('',#11005,#11006);
#11005 = CARTESIAN_POINT('',(0.,-3.45));
#11006 = VECTOR('',#11007,1.);
#11007 = DIRECTION('',(1.,0.));
#11008 = ( GEOMETRIC_REPRESENTATION_CONTEXT(2) 
PARAMETRIC_REPRESENTATION_CONTEXT() REPRESENTATION_CONTEXT('2D SPACE',''
  ) );
#11009 = PCURVE('',#10544,#11010);
#11010 = DEFINITIONAL_REPRESENTATION('',(#11011),#11015);
#11011 = LINE('',#11012,#11013);
#11012 = CARTESIAN_POINT('',(0.,-0.14));
#11013 = VECTOR('',#11014,1.);
#11014 = DIRECTION('',(0.923879532511,0.382683432365));
#11015 = ( GEOMETRIC_REPRESENTATION_CONTEXT(2) 
PARAMETRIC_REPRESENTATION_CONTEXT() REPRESENTATION_CONTEXT('2D SPACE',''
  ) );
#11016 = ORIENTED_EDGE('',*,*,#11017,.F.);
#11017 = EDGE_CURVE('',#11018,#10995,#11020,.T.);
#11018 = VERTEX_POINT('',#11019);
#11019 = CARTESIAN_POINT('',(3.598994949366,5.251005050634,0.15));
#11020 = SURFACE_CURVE('',#11021,(#11025,#11032),.PCURVE_S1.);
#11021 = LINE('',#11022,#11023);
#11022 = CARTESIAN_POINT('',(3.598994949366,5.251005050634,0.15));
#11023 = VECTOR('',#11024,1.);
#11024 = DIRECTION('',(0.,0.,1.));
#11025 = PCURVE('',#10957,#11026);
#11026 = DEFINITIONAL_REPRESENTATION('',(#11027),#11031);
#11027 = LINE('',#11028,#11029);
#11028 = CARTESIAN_POINT('',(0.107151361062,0.));
#11029 = VECTOR('',#11030,1.);
#11030 = DIRECTION('',(0.,-1.));
#11031 = ( GEOMETRIC_REPRESENTATION_CONTEXT(2) 
PARAMETRIC_REPRESENTATION_CONTEXT() REPRESENTATION_CONTEXT('2D SPACE',''
  ) );
#11032 = PCURVE('',#10516,#11033);
#11033 = DEFINITIONAL_REPRESENTATION('',(#11034),#11038);
#11034 = LINE('',#11035,#11036);
#11035 = CARTESIAN_POINT('',(0.,0.));
#11036 = VECTOR('',#11037,1.);
#11037 = DIRECTION('',(0.,-1.));
#11038 = ( GEOMETRIC_REPRESENTATION_CONTEXT(2) 
PARAMETRIC_REPRESENTATION_CONTEXT() REPRESENTATION_CONTEXT('2D SPACE',''
  ) );
#11039 = ORIENTED_EDGE('',*,*,#11040,.F.);
#11040 = EDGE_CURVE('',#10942,#11018,#11041,.T.);
#11041 = SURFACE_CURVE('',#11042,(#11046,#11053),.PCURVE_S1.);
#11042 = LINE('',#11043,#11044);
#11043 = CARTESIAN_POINT('',(3.5,5.21,0.15));
#11044 = VECTOR('',#11045,1.);
#11045 = DIRECTION('',(0.923879532511,0.382683432365,0.));
#11046 = PCURVE('',#10957,#11047);
#11047 = DEFINITIONAL_REPRESENTATION('',(#11048),#11052);
#11048 = LINE('',#11049,#11050);
#11049 = CARTESIAN_POINT('',(0.,0.));
#11050 = VECTOR('',#11051,1.);
#11051 = DIRECTION('',(1.,0.));
#11052 = ( GEOMETRIC_REPRESENTATION_CONTEXT(2) 
PARAMETRIC_REPRESENTATION_CONTEXT() REPRESENTATION_CONTEXT('2D SPACE',''
  ) );
#11053 = PCURVE('',#10598,#11054);
#11054 = DEFINITIONAL_REPRESENTATION('',(#11055),#11059);
#11055 = LINE('',#11056,#11057);
#11056 = CARTESIAN_POINT('',(0.,-0.14));
#11057 = VECTOR('',#11058,1.);
#11058 = DIRECTION('',(0.923879532511,0.382683432365));
#11059 = ( GEOMETRIC_REPRESENTATION_CONTEXT(2) 
PARAMETRIC_REPRESENTATION_CONTEXT() REPRESENTATION_CONTEXT('2D SPACE',''
  ) );
#11060 = ADVANCED_FACE('',(#11061),#10516,.F.);
#11061 = FACE_BOUND('',#11062,.F.);
#11062 = EDGE_LOOP('',(#11063,#11064,#11085,#11086));
#11063 = ORIENTED_EDGE('',*,*,#11017,.T.);
#11064 = ORIENTED_EDGE('',*,*,#11065,.T.);
#11065 = EDGE_CURVE('',#10995,#10496,#11066,.T.);
#11066 = SURFACE_CURVE('',#11067,(#11071,#11078),.PCURVE_S1.);
#11067 = LINE('',#11068,#11069);
#11068 = CARTESIAN_POINT('',(3.598994949366,5.251005050634,3.6));
#11069 = VECTOR('',#11070,1.);
#11070 = DIRECTION('',(0.382683432365,0.923879532511,0.));
#11071 = PCURVE('',#10516,#11072);
#11072 = DEFINITIONAL_REPRESENTATION('',(#11073),#11077);
#11073 = LINE('',#11074,#11075);
#11074 = CARTESIAN_POINT('',(0.,-3.45));
#11075 = VECTOR('',#11076,1.);
#11076 = DIRECTION('',(1.,0.));
#11077 = ( GEOMETRIC_REPRESENTATION_CONTEXT(2) 
PARAMETRIC_REPRESENTATION_CONTEXT() REPRESENTATION_CONTEXT('2D SPACE',''
  ) );
#11078 = PCURVE('',#10544,#11079);
#11079 = DEFINITIONAL_REPRESENTATION('',(#11080),#11084);
#11080 = LINE('',#11081,#11082);
#11081 = CARTESIAN_POINT('',(9.899494936612E-02,-9.899494936612E-02));
#11082 = VECTOR('',#11083,1.);
#11083 = DIRECTION('',(0.382683432365,0.923879532511));
#11084 = ( GEOMETRIC_REPRESENTATION_CONTEXT(2) 
PARAMETRIC_REPRESENTATION_CONTEXT() REPRESENTATION_CONTEXT('2D SPACE',''
  ) );
#11085 = ORIENTED_EDGE('',*,*,#10493,.F.);
#11086 = ORIENTED_EDGE('',*,*,#11087,.F.);
#11087 = EDGE_CURVE('',#11018,#10494,#11088,.T.);
#11088 = SURFACE_CURVE('',#11089,(#11093,#11100),.PCURVE_S1.);
#11089 = LINE('',#11090,#11091);
#11090 = CARTESIAN_POINT('',(3.598994949366,5.251005050634,0.15));
#11091 = VECTOR('',#11092,1.);
#11092 = DIRECTION('',(0.382683432365,0.923879532511,0.));
#11093 = PCURVE('',#10516,#11094);
#11094 = DEFINITIONAL_REPRESENTATION('',(#11095),#11099);
#11095 = LINE('',#11096,#11097);
#11096 = CARTESIAN_POINT('',(0.,0.));
#11097 = VECTOR('',#11098,1.);
#11098 = DIRECTION('',(1.,0.));
#11099 = ( GEOMETRIC_REPRESENTATION_CONTEXT(2) 
PARAMETRIC_REPRESENTATION_CONTEXT() REPRESENTATION_CONTEXT('2D SPACE',''
  ) );
#11100 = PCURVE('',#10598,#11101);
#11101 = DEFINITIONAL_REPRESENTATION('',(#11102),#11106);
#11102 = LINE('',#11103,#11104);
#11103 = CARTESIAN_POINT('',(9.899494936612E-02,-9.899494936612E-02));
#11104 = VECTOR('',#11105,1.);
#11105 = DIRECTION('',(0.382683432365,0.923879532511));
#11106 = ( GEOMETRIC_REPRESENTATION_CONTEXT(2) 
PARAMETRIC_REPRESENTATION_CONTEXT() REPRESENTATION_CONTEXT('2D SPACE',''
  ) );
#11107 = ADVANCED_FACE('',(#11108),#10598,.F.);
#11108 = FACE_BOUND('',#11109,.F.);
#11109 = EDGE_LOOP('',(#11110,#11111,#11112,#11113,#11114,#11115,#11116,
    #11117));
#11110 = ORIENTED_EDGE('',*,*,#10584,.T.);
#11111 = ORIENTED_EDGE('',*,*,#10665,.T.);
#11112 = ORIENTED_EDGE('',*,*,#10741,.T.);
#11113 = ORIENTED_EDGE('',*,*,#10817,.T.);
#11114 = ORIENTED_EDGE('',*,*,#10893,.T.);
#11115 = ORIENTED_EDGE('',*,*,#10969,.T.);
#11116 = ORIENTED_EDGE('',*,*,#11040,.T.);
#11117 = ORIENTED_EDGE('',*,*,#11087,.T.);
#11118 = ADVANCED_FACE('',(#11119),#10544,.T.);
#11119 = FACE_BOUND('',#11120,.T.);
#11120 = EDGE_LOOP('',(#11121,#11122,#11123,#11124,#11125,#11126,#11127,
    #11128));
#11121 = ORIENTED_EDGE('',*,*,#10528,.T.);
#11122 = ORIENTED_EDGE('',*,*,#10614,.T.);
#11123 = ORIENTED_EDGE('',*,*,#10690,.T.);
#11124 = ORIENTED_EDGE('',*,*,#10766,.T.);
#11125 = ORIENTED_EDGE('',*,*,#10842,.T.);
#11126 = ORIENTED_EDGE('',*,*,#10918,.T.);
#11127 = ORIENTED_EDGE('',*,*,#10994,.T.);
#11128 = ORIENTED_EDGE('',*,*,#11065,.T.);
#11129 = ( GEOMETRIC_REPRESENTATION_CONTEXT(3) 
GLOBAL_UNCERTAINTY_ASSIGNED_CONTEXT((#11133)) 
GLOBAL_UNIT_ASSIGNED_CONTEXT((#11130,#11131,#11132)) 
REPRESENTATION_CONTEXT('Context #1',
  '3D Context with UNIT and UNCERTAINTY') );
#11130 = ( LENGTH_UNIT() NAMED_UNIT(*) SI_UNIT(.MILLI.,.METRE.) );
#11131 = ( NAMED_UNIT(*) PLANE_ANGLE_UNIT() SI_UNIT($,.RADIAN.) );
#11132 = ( NAMED_UNIT(*) SI_UNIT($,.STERADIAN.) SOLID_ANGLE_UNIT() );
#11133 = UNCERTAINTY_MEASURE_WITH_UNIT(LENGTH_MEASURE(1.E-07),#11130,
  'distance_accuracy_value','confusion accuracy');
#11134 = CONTEXT_DEPENDENT_SHAPE_REPRESENTATION(#11135,#11137);
#11135 = ( REPRESENTATION_RELATIONSHIP('','',#10486,#10) 
REPRESENTATION_RELATIONSHIP_WITH_TRANSFORMATION(#11136) 
SHAPE_REPRESENTATION_RELATIONSHIP() );
#11136 = ITEM_DEFINED_TRANSFORMATION('','',#11,#59);
#11137 = PRODUCT_DEFINITION_SHAPE('Placement','Placement of an item',
  #11138);
#11138 = NEXT_ASSEMBLY_USAGE_OCCURRENCE('204','trim_7','',#5,#10481,$);
#11139 = PRODUCT_RELATED_PRODUCT_CATEGORY('part',$,(#10483));
#11140 = SHAPE_DEFINITION_REPRESENTATION(#11141,#11147);
#11141 = PRODUCT_DEFINITION_SHAPE('','',#11142);
#11142 = PRODUCT_DEFINITION('design','',#11143,#11146);
#11143 = PRODUCT_DEFINITION_FORMATION('','',#11144);
#11144 = PRODUCT('trim_8','trim_8','',(#11145));
#11145 = PRODUCT_CONTEXT('',#2,'mechanical');
#11146 = PRODUCT_DEFINITION_CONTEXT('part definition',#2,'design');
#11147 = ADVANCED_BREP_SHAPE_REPRESENTATION('',(#11,#11148),#11478);
#11148 = MANIFOLD_SOLID_BREP('',#11149);
#11149 = CLOSED_SHELL('',(#11150,#11270,#11370,#11417,#11464,#11471));
#11150 = ADVANCED_FACE('',(#11151),#11165,.F.);
#11151 = FACE_BOUND('',#11152,.F.);
#11152 = EDGE_LOOP('',(#11153,#11188,#11216,#11244));
#11153 = ORIENTED_EDGE('',*,*,#11154,.F.);
#11154 = EDGE_CURVE('',#11155,#11157,#11159,.T.);
#11155 = VERTEX_POINT('',#11156);
#11156 = CARTESIAN_POINT('',(-5.2,5.275,3.35));
#11157 = VERTEX_POINT('',#11158);
#11158 = CARTESIAN_POINT('',(-5.2,5.275,3.6));
#11159 = SURFACE_CURVE('',#11160,(#11164,#11176),.PCURVE_S1.);
#11160 = LINE('',#11161,#11162);
#11161 = CARTESIAN_POINT('',(-5.2,5.275,3.35));
#11162 = VECTOR('',#11163,1.);
#11163 = DIRECTION('',(0.,0.,1.));
#11164 = PCURVE('',#11165,#11170);
#11165 = PLANE('',#11166);
#11166 = AXIS2_PLACEMENT_3D('',#11167,#11168,#11169);
#11167 = CARTESIAN_POINT('',(-5.2,5.275,3.35));
#11168 = DIRECTION('',(1.,0.,0.));
#11169 = DIRECTION('',(0.,0.,1.));
#11170 = DEFINITIONAL_REPRESENTATION('',(#11171),#11175);
#11171 = LINE('',#11172,#11173);
#11172 = CARTESIAN_POINT('',(0.,0.));
#11173 = VECTOR('',#11174,1.);
#11174 = DIRECTION('',(1.,0.));
#11175 = ( GEOMETRIC_REPRESENTATION_CONTEXT(2) 
PARAMETRIC_REPRESENTATION_CONTEXT() REPRESENTATION_CONTEXT('2D SPACE',''
  ) );
#11176 = PCURVE('',#11177,#11182);
#11177 = PLANE('',#11178);
#11178 = AXIS2_PLACEMENT_3D('',#11179,#11180,#11181);
#11179 = CARTESIAN_POINT('',(-5.2,5.275,3.35));
#11180 = DIRECTION('',(0.,1.,0.));
#11181 = DIRECTION('',(0.,0.,1.));
#11182 = DEFINITIONAL_REPRESENTATION('',(#11183),#11187);
#11183 = LINE('',#11184,#11185);
#11184 = CARTESIAN_POINT('',(0.,0.));
#11185 = VECTOR('',#11186,1.);
#11186 = DIRECTION('',(1.,0.));
#11187 = ( GEOMETRIC_REPRESENTATION_CONTEXT(2) 
PARAMETRIC_REPRESENTATION_CONTEXT() REPRESENTATION_CONTEXT('2D SPACE',''
  ) );
#11188 = ORIENTED_EDGE('',*,*,#11189,.T.);
#11189 = EDGE_CURVE('',#11155,#11190,#11192,.T.);
#11190 = VERTEX_POINT('',#11191);
#11191 = CARTESIAN_POINT('',(-5.2,5.425,3.35));
#11192 = SURFACE_CURVE('',#11193,(#11197,#11204),.PCURVE_S1.);
#11193 = LINE('',#11194,#11195);
#11194 = CARTESIAN_POINT('',(-5.2,5.275,3.35));
#11195 = VECTOR('',#11196,1.);
#11196 = DIRECTION('',(0.,1.,0.));
#11197 = PCURVE('',#11165,#11198);
#11198 = DEFINITIONAL_REPRESENTATION('',(#11199),#11203);
#11199 = LINE('',#11200,#11201);
#11200 = CARTESIAN_POINT('',(0.,0.));
#11201 = VECTOR('',#11202,1.);
#11202 = DIRECTION('',(0.,-1.));
#11203 = ( GEOMETRIC_REPRESENTATION_CONTEXT(2) 
PARAMETRIC_REPRESENTATION_CONTEXT() REPRESENTATION_CONTEXT('2D SPACE',''
  ) );
#11204 = PCURVE('',#11205,#11210);
#11205 = PLANE('',#11206);
#11206 = AXIS2_PLACEMENT_3D('',#11207,#11208,#11209);
#11207 = CARTESIAN_POINT('',(-5.2,5.275,3.35));
#11208 = DIRECTION('',(0.,0.,1.));
#11209 = DIRECTION('',(1.,0.,0.));
#11210 = DEFINITIONAL_REPRESENTATION('',(#11211),#11215);
#11211 = LINE('',#11212,#11213);
#11212 = CARTESIAN_POINT('',(0.,0.));
#11213 = VECTOR('',#11214,1.);
#11214 = DIRECTION('',(0.,1.));
#11215 = ( GEOMETRIC_REPRESENTATION_CONTEXT(2) 
PARAMETRIC_REPRESENTATION_CONTEXT() REPRESENTATION_CONTEXT('2D SPACE',''
  ) );
#11216 = ORIENTED_EDGE('',*,*,#11217,.T.);
#11217 = EDGE_CURVE('',#11190,#11218,#11220,.T.);
#11218 = VERTEX_POINT('',#11219);
#11219 = CARTESIAN_POINT('',(-5.2,5.425,3.6));
#11220 = SURFACE_CURVE('',#11221,(#11225,#11232),.PCURVE_S1.);
#11221 = LINE('',#11222,#11223);
#11222 = CARTESIAN_POINT('',(-5.2,5.425,3.35));
#11223 = VECTOR('',#11224,1.);
#11224 = DIRECTION('',(0.,0.,1.));
#11225 = PCURVE('',#11165,#11226);
#11226 = DEFINITIONAL_REPRESENTATION('',(#11227),#11231);
#11227 = LINE('',#11228,#11229);
#11228 = CARTESIAN_POINT('',(0.,-0.15));
#11229 = VECTOR('',#11230,1.);
#11230 = DIRECTION('',(1.,0.));
#11231 = ( GEOMETRIC_REPRESENTATION_CONTEXT(2) 
PARAMETRIC_REPRESENTATION_CONTEXT() REPRESENTATION_CONTEXT('2D SPACE',''
  ) );
#11232 = PCURVE('',#11233,#11238);
#11233 = PLANE('',#11234);
#11234 = AXIS2_PLACEMENT_3D('',#11235,#11236,#11237);
#11235 = CARTESIAN_POINT('',(-5.2,5.425,3.35));
#11236 = DIRECTION('',(0.,1.,0.));
#11237 = DIRECTION('',(0.,0.,1.));
#11238 = DEFINITIONAL_REPRESENTATION('',(#11239),#11243);
#11239 = LINE('',#11240,#11241);
#11240 = CARTESIAN_POINT('',(0.,0.));
#11241 = VECTOR('',#11242,1.);
#11242 = DIRECTION('',(1.,0.));
#11243 = ( GEOMETRIC_REPRESENTATION_CONTEXT(2) 
PARAMETRIC_REPRESENTATION_CONTEXT() REPRESENTATION_CONTEXT('2D SPACE',''
  ) );
#11244 = ORIENTED_EDGE('',*,*,#11245,.F.);
#11245 = EDGE_CURVE('',#11157,#11218,#11246,.T.);
#11246 = SURFACE_CURVE('',#11247,(#11251,#11258),.PCURVE_S1.);
#11247 = LINE('',#11248,#11249);
#11248 = CARTESIAN_POINT('',(-5.2,5.275,3.6));
#11249 = VECTOR('',#11250,1.);
#11250 = DIRECTION('',(0.,1.,0.));
#11251 = PCURVE('',#11165,#11252);
#11252 = DEFINITIONAL_REPRESENTATION('',(#11253),#11257);
#11253 = LINE('',#11254,#11255);
#11254 = CARTESIAN_POINT('',(0.25,0.));
#11255 = VECTOR('',#11256,1.);
#11256 = DIRECTION('',(0.,-1.));
#11257 = ( GEOMETRIC_REPRESENTATION_CONTEXT(2) 
PARAMETRIC_REPRESENTATION_CONTEXT() REPRESENTATION_CONTEXT('2D SPACE',''
  ) );
#11258 = PCURVE('',#11259,#11264);
#11259 = PLANE('',#11260);
#11260 = AXIS2_PLACEMENT_3D('',#11261,#11262,#11263);
#11261 = CARTESIAN_POINT('',(-5.2,5.275,3.6));
#11262 = DIRECTION('',(0.,0.,1.));
#11263 = DIRECTION('',(1.,0.,0.));
#11264 = DEFINITIONAL_REPRESENTATION('',(#11265),#11269);
#11265 = LINE('',#11266,#11267);
#11266 = CARTESIAN_POINT('',(0.,0.));
#11267 = VECTOR('',#11268,1.);
#11268 = DIRECTION('',(0.,1.));
#11269 = ( GEOMETRIC_REPRESENTATION_CONTEXT(2) 
PARAMETRIC_REPRESENTATION_CONTEXT() REPRESENTATION_CONTEXT('2D SPACE',''
  ) );
#11270 = ADVANCED_FACE('',(#11271),#11285,.T.);
#11271 = FACE_BOUND('',#11272,.T.);
#11272 = EDGE_LOOP('',(#11273,#11303,#11326,#11349));
#11273 = ORIENTED_EDGE('',*,*,#11274,.F.);
#11274 = EDGE_CURVE('',#11275,#11277,#11279,.T.);
#11275 = VERTEX_POINT('',#11276);
#11276 = CARTESIAN_POINT('',(5.2,5.275,3.35));
#11277 = VERTEX_POINT('',#11278);
#11278 = CARTESIAN_POINT('',(5.2,5.275,3.6));
#11279 = SURFACE_CURVE('',#11280,(#11284,#11296),.PCURVE_S1.);
#11280 = LINE('',#11281,#11282);
#11281 = CARTESIAN_POINT('',(5.2,5.275,3.35));
#11282 = VECTOR('',#11283,1.);
#11283 = DIRECTION('',(0.,0.,1.));
#11284 = PCURVE('',#11285,#11290);
#11285 = PLANE('',#11286);
#11286 = AXIS2_PLACEMENT_3D('',#11287,#11288,#11289);
#11287 = CARTESIAN_POINT('',(5.2,5.275,3.35));
#11288 = DIRECTION('',(1.,0.,0.));
#11289 = DIRECTION('',(0.,0.,1.));
#11290 = DEFINITIONAL_REPRESENTATION('',(#11291),#11295);
#11291 = LINE('',#11292,#11293);
#11292 = CARTESIAN_POINT('',(0.,0.));
#11293 = VECTOR('',#11294,1.);
#11294 = DIRECTION('',(1.,0.));
#11295 = ( GEOMETRIC_REPRESENTATION_CONTEXT(2) 
PARAMETRIC_REPRESENTATION_CONTEXT() REPRESENTATION_CONTEXT('2D SPACE',''
  ) );
#11296 = PCURVE('',#11177,#11297);
#11297 = DEFINITIONAL_REPRESENTATION('',(#11298),#11302);
#11298 = LINE('',#11299,#11300);
#11299 = CARTESIAN_POINT('',(0.,10.4));
#11300 = VECTOR('',#11301,1.);
#11301 = DIRECTION('',(1.,0.));
#11302 = ( GEOMETRIC_REPRESENTATION_CONTEXT(2) 
PARAMETRIC_REPRESENTATION_CONTEXT() REPRESENTATION_CONTEXT('2D SPACE',''
  ) );
#11303 = ORIENTED_EDGE('',*,*,#11304,.T.);
#11304 = EDGE_CURVE('',#11275,#11305,#11307,.T.);
#11305 = VERTEX_POINT('',#11306);
#11306 = CARTESIAN_POINT('',(5.2,5.425,3.35));
#11307 = SURFACE_CURVE('',#11308,(#11312,#11319),.PCURVE_S1.);
#11308 = LINE('',#11309,#11310);
#11309 = CARTESIAN_POINT('',(5.2,5.275,3.35));
#11310 = VECTOR('',#11311,1.);
#11311 = DIRECTION('',(0.,1.,0.));
#11312 = PCURVE('',#11285,#11313);
#11313 = DEFINITIONAL_REPRESENTATION('',(#11314),#11318);
#11314 = LINE('',#11315,#11316);
#11315 = CARTESIAN_POINT('',(0.,0.));
#11316 = VECTOR('',#11317,1.);
#11317 = DIRECTION('',(0.,-1.));
#11318 = ( GEOMETRIC_REPRESENTATION_CONTEXT(2) 
PARAMETRIC_REPRESENTATION_CONTEXT() REPRESENTATION_CONTEXT('2D SPACE',''
  ) );
#11319 = PCURVE('',#11205,#11320);
#11320 = DEFINITIONAL_REPRESENTATION('',(#11321),#11325);
#11321 = LINE('',#11322,#11323);
#11322 = CARTESIAN_POINT('',(10.4,0.));
#11323 = VECTOR('',#11324,1.);
#11324 = DIRECTION('',(0.,1.));
#11325 = ( GEOMETRIC_REPRESENTATION_CONTEXT(2) 
PARAMETRIC_REPRESENTATION_CONTEXT() REPRESENTATION_CONTEXT('2D SPACE',''
  ) );
#11326 = ORIENTED_EDGE('',*,*,#11327,.T.);
#11327 = EDGE_CURVE('',#11305,#11328,#11330,.T.);
#11328 = VERTEX_POINT('',#11329);
#11329 = CARTESIAN_POINT('',(5.2,5.425,3.6));
#11330 = SURFACE_CURVE('',#11331,(#11335,#11342),.PCURVE_S1.);
#11331 = LINE('',#11332,#11333);
#11332 = CARTESIAN_POINT('',(5.2,5.425,3.35));
#11333 = VECTOR('',#11334,1.);
#11334 = DIRECTION('',(0.,0.,1.));
#11335 = PCURVE('',#11285,#11336);
#11336 = DEFINITIONAL_REPRESENTATION('',(#11337),#11341);
#11337 = LINE('',#11338,#11339);
#11338 = CARTESIAN_POINT('',(0.,-0.15));
#11339 = VECTOR('',#11340,1.);
#11340 = DIRECTION('',(1.,0.));
#11341 = ( GEOMETRIC_REPRESENTATION_CONTEXT(2) 
PARAMETRIC_REPRESENTATION_CONTEXT() REPRESENTATION_CONTEXT('2D SPACE',''
  ) );
#11342 = PCURVE('',#11233,#11343);
#11343 = DEFINITIONAL_REPRESENTATION('',(#11344),#11348);
#11344 = LINE('',#11345,#11346);
#11345 = CARTESIAN_POINT('',(0.,10.4));
#11346 = VECTOR('',#11347,1.);
#11347 = DIRECTION('',(1.,0.));
#11348 = ( GEOMETRIC_REPRESENTATION_CONTEXT(2) 
PARAMETRIC_REPRESENTATION_CONTEXT() REPRESENTATION_CONTEXT('2D SPACE',''
  ) );
#11349 = ORIENTED_EDGE('',*,*,#11350,.F.);
#11350 = EDGE_CURVE('',#11277,#11328,#11351,.T.);
#11351 = SURFACE_CURVE('',#11352,(#11356,#11363),.PCURVE_S1.);
#11352 = LINE('',#11353,#11354);
#11353 = CARTESIAN_POINT('',(5.2,5.275,3.6));
#11354 = VECTOR('',#11355,1.);
#11355 = DIRECTION('',(0.,1.,0.));
#11356 = PCURVE('',#11285,#11357);
#11357 = DEFINITIONAL_REPRESENTATION('',(#11358),#11362);
#11358 = LINE('',#11359,#11360);
#11359 = CARTESIAN_POINT('',(0.25,0.));
#11360 = VECTOR('',#11361,1.);
#11361 = DIRECTION('',(0.,-1.));
#11362 = ( GEOMETRIC_REPRESENTATION_CONTEXT(2) 
PARAMETRIC_REPRESENTATION_CONTEXT() REPRESENTATION_CONTEXT('2D SPACE',''
  ) );
#11363 = PCURVE('',#11259,#11364);
#11364 = DEFINITIONAL_REPRESENTATION('',(#11365),#11369);
#11365 = LINE('',#11366,#11367);
#11366 = CARTESIAN_POINT('',(10.4,0.));
#11367 = VECTOR('',#11368,1.);
#11368 = DIRECTION('',(0.,1.));
#11369 = ( GEOMETRIC_REPRESENTATION_CONTEXT(2) 
PARAMETRIC_REPRESENTATION_CONTEXT() REPRESENTATION_CONTEXT('2D SPACE',''
  ) );
#11370 = ADVANCED_FACE('',(#11371),#11177,.F.);
#11371 = FACE_BOUND('',#11372,.F.);
#11372 = EDGE_LOOP('',(#11373,#11394,#11395,#11416));
#11373 = ORIENTED_EDGE('',*,*,#11374,.F.);
#11374 = EDGE_CURVE('',#11155,#11275,#11375,.T.);
#11375 = SURFACE_CURVE('',#11376,(#11380,#11387),.PCURVE_S1.);
#11376 = LINE('',#11377,#11378);
#11377 = CARTESIAN_POINT('',(-5.2,5.275,3.35));
#11378 = VECTOR('',#11379,1.);
#11379 = DIRECTION('',(1.,0.,0.));
#11380 = PCURVE('',#11177,#11381);
#11381 = DEFINITIONAL_REPRESENTATION('',(#11382),#11386);
#11382 = LINE('',#11383,#11384);
#11383 = CARTESIAN_POINT('',(0.,0.));
#11384 = VECTOR('',#11385,1.);
#11385 = DIRECTION('',(0.,1.));
#11386 = ( GEOMETRIC_REPRESENTATION_CONTEXT(2) 
PARAMETRIC_REPRESENTATION_CONTEXT() REPRESENTATION_CONTEXT('2D SPACE',''
  ) );
#11387 = PCURVE('',#11205,#11388);
#11388 = DEFINITIONAL_REPRESENTATION('',(#11389),#11393);
#11389 = LINE('',#11390,#11391);
#11390 = CARTESIAN_POINT('',(0.,0.));
#11391 = VECTOR('',#11392,1.);
#11392 = DIRECTION('',(1.,0.));
#11393 = ( GEOMETRIC_REPRESENTATION_CONTEXT(2) 
PARAMETRIC_REPRESENTATION_CONTEXT() REPRESENTATION_CONTEXT('2D SPACE',''
  ) );
#11394 = ORIENTED_EDGE('',*,*,#11154,.T.);
#11395 = ORIENTED_EDGE('',*,*,#11396,.T.);
#11396 = EDGE_CURVE('',#11157,#11277,#11397,.T.);
#11397 = SURFACE_CURVE('',#11398,(#11402,#11409),.PCURVE_S1.);
#11398 = LINE('',#11399,#11400);
#11399 = CARTESIAN_POINT('',(-5.2,5.275,3.6));
#11400 = VECTOR('',#11401,1.);
#11401 = DIRECTION('',(1.,0.,0.));
#11402 = PCURVE('',#11177,#11403);
#11403 = DEFINITIONAL_REPRESENTATION('',(#11404),#11408);
#11404 = LINE('',#11405,#11406);
#11405 = CARTESIAN_POINT('',(0.25,0.));
#11406 = VECTOR('',#11407,1.);
#11407 = DIRECTION('',(0.,1.));
#11408 = ( GEOMETRIC_REPRESENTATION_CONTEXT(2) 
PARAMETRIC_REPRESENTATION_CONTEXT() REPRESENTATION_CONTEXT('2D SPACE',''
  ) );
#11409 = PCURVE('',#11259,#11410);
#11410 = DEFINITIONAL_REPRESENTATION('',(#11411),#11415);
#11411 = LINE('',#11412,#11413);
#11412 = CARTESIAN_POINT('',(0.,0.));
#11413 = VECTOR('',#11414,1.);
#11414 = DIRECTION('',(1.,0.));
#11415 = ( GEOMETRIC_REPRESENTATION_CONTEXT(2) 
PARAMETRIC_REPRESENTATION_CONTEXT() REPRESENTATION_CONTEXT('2D SPACE',''
  ) );
#11416 = ORIENTED_EDGE('',*,*,#11274,.F.);
#11417 = ADVANCED_FACE('',(#11418),#11233,.T.);
#11418 = FACE_BOUND('',#11419,.T.);
#11419 = EDGE_LOOP('',(#11420,#11441,#11442,#11463));
#11420 = ORIENTED_EDGE('',*,*,#11421,.F.);
#11421 = EDGE_CURVE('',#11190,#11305,#11422,.T.);
#11422 = SURFACE_CURVE('',#11423,(#11427,#11434),.PCURVE_S1.);
#11423 = LINE('',#11424,#11425);
#11424 = CARTESIAN_POINT('',(-5.2,5.425,3.35));
#11425 = VECTOR('',#11426,1.);
#11426 = DIRECTION('',(1.,0.,0.));
#11427 = PCURVE('',#11233,#11428);
#11428 = DEFINITIONAL_REPRESENTATION('',(#11429),#11433);
#11429 = LINE('',#11430,#11431);
#11430 = CARTESIAN_POINT('',(0.,0.));
#11431 = VECTOR('',#11432,1.);
#11432 = DIRECTION('',(0.,1.));
#11433 = ( GEOMETRIC_REPRESENTATION_CONTEXT(2) 
PARAMETRIC_REPRESENTATION_CONTEXT() REPRESENTATION_CONTEXT('2D SPACE',''
  ) );
#11434 = PCURVE('',#11205,#11435);
#11435 = DEFINITIONAL_REPRESENTATION('',(#11436),#11440);
#11436 = LINE('',#11437,#11438);
#11437 = CARTESIAN_POINT('',(0.,0.15));
#11438 = VECTOR('',#11439,1.);
#11439 = DIRECTION('',(1.,0.));
#11440 = ( GEOMETRIC_REPRESENTATION_CONTEXT(2) 
PARAMETRIC_REPRESENTATION_CONTEXT() REPRESENTATION_CONTEXT('2D SPACE',''
  ) );
#11441 = ORIENTED_EDGE('',*,*,#11217,.T.);
#11442 = ORIENTED_EDGE('',*,*,#11443,.T.);
#11443 = EDGE_CURVE('',#11218,#11328,#11444,.T.);
#11444 = SURFACE_CURVE('',#11445,(#11449,#11456),.PCURVE_S1.);
#11445 = LINE('',#11446,#11447);
#11446 = CARTESIAN_POINT('',(-5.2,5.425,3.6));
#11447 = VECTOR('',#11448,1.);
#11448 = DIRECTION('',(1.,0.,0.));
#11449 = PCURVE('',#11233,#11450);
#11450 = DEFINITIONAL_REPRESENTATION('',(#11451),#11455);
#11451 = LINE('',#11452,#11453);
#11452 = CARTESIAN_POINT('',(0.25,0.));
#11453 = VECTOR('',#11454,1.);
#11454 = DIRECTION('',(0.,1.));
#11455 = ( GEOMETRIC_REPRESENTATION_CONTEXT(2) 
PARAMETRIC_REPRESENTATION_CONTEXT() REPRESENTATION_CONTEXT('2D SPACE',''
  ) );
#11456 = PCURVE('',#11259,#11457);
#11457 = DEFINITIONAL_REPRESENTATION('',(#11458),#11462);
#11458 = LINE('',#11459,#11460);
#11459 = CARTESIAN_POINT('',(0.,0.15));
#11460 = VECTOR('',#11461,1.);
#11461 = DIRECTION('',(1.,0.));
#11462 = ( GEOMETRIC_REPRESENTATION_CONTEXT(2) 
PARAMETRIC_REPRESENTATION_CONTEXT() REPRESENTATION_CONTEXT('2D SPACE',''
  ) );
#11463 = ORIENTED_EDGE('',*,*,#11327,.F.);
#11464 = ADVANCED_FACE('',(#11465),#11205,.F.);
#11465 = FACE_BOUND('',#11466,.F.);
#11466 = EDGE_LOOP('',(#11467,#11468,#11469,#11470));
#11467 = ORIENTED_EDGE('',*,*,#11189,.F.);
#11468 = ORIENTED_EDGE('',*,*,#11374,.T.);
#11469 = ORIENTED_EDGE('',*,*,#11304,.T.);
#11470 = ORIENTED_EDGE('',*,*,#11421,.F.);
#11471 = ADVANCED_FACE('',(#11472),#11259,.T.);
#11472 = FACE_BOUND('',#11473,.T.);
#11473 = EDGE_LOOP('',(#11474,#11475,#11476,#11477));
#11474 = ORIENTED_EDGE('',*,*,#11245,.F.);
#11475 = ORIENTED_EDGE('',*,*,#11396,.T.);
#11476 = ORIENTED_EDGE('',*,*,#11350,.T.);
#11477 = ORIENTED_EDGE('',*,*,#11443,.F.);
#11478 = ( GEOMETRIC_REPRESENTATION_CONTEXT(3) 
GLOBAL_UNCERTAINTY_ASSIGNED_CONTEXT((#11482)) 
GLOBAL_UNIT_ASSIGNED_CONTEXT((#11479,#11480,#11481)) 
REPRESENTATION_CONTEXT('Context #1',
  '3D Context with UNIT and UNCERTAINTY') );
#11479 = ( LENGTH_UNIT() NAMED_UNIT(*) SI_UNIT(.MILLI.,.METRE.) );
#11480 = ( NAMED_UNIT(*) PLANE_ANGLE_UNIT() SI_UNIT($,.RADIAN.) );
#11481 = ( NAMED_UNIT(*) SI_UNIT($,.STERADIAN.) SOLID_ANGLE_UNIT() );
#11482 = UNCERTAINTY_MEASURE_WITH_UNIT(LENGTH_MEASURE(1.E-07),#11479,
  'distance_accuracy_value','confusion accuracy');
#11483 = CONTEXT_DEPENDENT_SHAPE_REPRESENTATION(#11484,#11486);
#11484 = ( REPRESENTATION_RELATIONSHIP('','',#11147,#10) 
REPRESENTATION_RELATIONSHIP_WITH_TRANSFORMATION(#11485) 
SHAPE_REPRESENTATION_RELATIONSHIP() );
#11485 = ITEM_DEFINED_TRANSFORMATION('','',#11,#63);
#11486 = PRODUCT_DEFINITION_SHAPE('Placement','Placement of an item',
  #11487);
#11487 = NEXT_ASSEMBLY_USAGE_OCCURRENCE('205','trim_8','',#5,#11142,$);
#11488 = PRODUCT_RELATED_PRODUCT_CATEGORY('part',$,(#11144));
#11489 = SHAPE_DEFINITION_REPRESENTATION(#11490,#11496);
#11490 = PRODUCT_DEFINITION_SHAPE('','',#11491);
#11491 = PRODUCT_DEFINITION('design','',#11492,#11495);
#11492 = PRODUCT_DEFINITION_FORMATION('','',#11493);
#11493 = PRODUCT('trim_9','trim_9','',(#11494));
#11494 = PRODUCT_CONTEXT('',#2,'mechanical');
#11495 = PRODUCT_DEFINITION_CONTEXT('part definition',#2,'design');
#11496 = ADVANCED_BREP_SHAPE_REPRESENTATION('',(#11,#11497),#12575);
#11497 = MANIFOLD_SOLID_BREP('',#11498);
#11498 = CLOSED_SHELL('',(#11499,#11619,#11700,#11781,#11944,#11993,
    #12025,#12074,#12237,#12264,#12335,#12384,#12433,#12460,#12467,
    #12514,#12541,#12568));
#11499 = ADVANCED_FACE('',(#11500),#11514,.F.);
#11500 = FACE_BOUND('',#11501,.F.);
#11501 = EDGE_LOOP('',(#11502,#11537,#11565,#11593));
#11502 = ORIENTED_EDGE('',*,*,#11503,.F.);
#11503 = EDGE_CURVE('',#11504,#11506,#11508,.T.);
#11504 = VERTEX_POINT('',#11505);
#11505 = CARTESIAN_POINT('',(-5.55,-4.55,3.49));
#11506 = VERTEX_POINT('',#11507);
#11507 = CARTESIAN_POINT('',(-5.55,-4.55,3.6));
#11508 = SURFACE_CURVE('',#11509,(#11513,#11525),.PCURVE_S1.);
#11509 = LINE('',#11510,#11511);
#11510 = CARTESIAN_POINT('',(-5.55,-4.55,3.44));
#11511 = VECTOR('',#11512,1.);
#11512 = DIRECTION('',(0.,0.,1.));
#11513 = PCURVE('',#11514,#11519);
#11514 = PLANE('',#11515);
#11515 = AXIS2_PLACEMENT_3D('',#11516,#11517,#11518);
#11516 = CARTESIAN_POINT('',(-5.55,-4.55,3.44));
#11517 = DIRECTION('',(1.,0.,0.));
#11518 = DIRECTION('',(0.,0.,1.));
#11519 = DEFINITIONAL_REPRESENTATION('',(#11520),#11524);
#11520 = LINE('',#11521,#11522);
#11521 = CARTESIAN_POINT('',(0.,0.));
#11522 = VECTOR('',#11523,1.);
#11523 = DIRECTION('',(1.,0.));
#11524 = ( GEOMETRIC_REPRESENTATION_CONTEXT(2) 
PARAMETRIC_REPRESENTATION_CONTEXT() REPRESENTATION_CONTEXT('2D SPACE',''
  ) );
#11525 = PCURVE('',#11526,#11531);
#11526 = PLANE('',#11527);
#11527 = AXIS2_PLACEMENT_3D('',#11528,#11529,#11530);
#11528 = CARTESIAN_POINT('',(-5.55,-4.55,3.44));
#11529 = DIRECTION('',(0.,1.,0.));
#11530 = DIRECTION('',(0.,0.,1.));
#11531 = DEFINITIONAL_REPRESENTATION('',(#11532),#11536);
#11532 = LINE('',#11533,#11534);
#11533 = CARTESIAN_POINT('',(0.,0.));
#11534 = VECTOR('',#11535,1.);
#11535 = DIRECTION('',(1.,0.));
#11536 = ( GEOMETRIC_REPRESENTATION_CONTEXT(2) 
PARAMETRIC_REPRESENTATION_CONTEXT() REPRESENTATION_CONTEXT('2D SPACE',''
  ) );
#11537 = ORIENTED_EDGE('',*,*,#11538,.T.);
#11538 = EDGE_CURVE('',#11504,#11539,#11541,.T.);
#11539 = VERTEX_POINT('',#11540);
#11540 = CARTESIAN_POINT('',(-5.55,6.,3.49));
#11541 = SURFACE_CURVE('',#11542,(#11546,#11553),.PCURVE_S1.);
#11542 = LINE('',#11543,#11544);
#11543 = CARTESIAN_POINT('',(-5.55,-4.55,3.49));
#11544 = VECTOR('',#11545,1.);
#11545 = DIRECTION('',(0.,1.,0.));
#11546 = PCURVE('',#11514,#11547);
#11547 = DEFINITIONAL_REPRESENTATION('',(#11548),#11552);
#11548 = LINE('',#11549,#11550);
#11549 = CARTESIAN_POINT('',(5.E-02,0.));
#11550 = VECTOR('',#11551,1.);
#11551 = DIRECTION('',(0.,-1.));
#11552 = ( GEOMETRIC_REPRESENTATION_CONTEXT(2) 
PARAMETRIC_REPRESENTATION_CONTEXT() REPRESENTATION_CONTEXT('2D SPACE',''
  ) );
#11553 = PCURVE('',#11554,#11559);
#11554 = PLANE('',#11555);
#11555 = AXIS2_PLACEMENT_3D('',#11556,#11557,#11558);
#11556 = CARTESIAN_POINT('',(-5.525,-4.55,3.465));
#11557 = DIRECTION('',(-0.707106781187,-1.405203111349E-19,
    -0.707106781187));
#11558 = DIRECTION('',(-9.936286489792E-20,1.,-9.936286489792E-20));
#11559 = DEFINITIONAL_REPRESENTATION('',(#11560),#11564);
#11560 = LINE('',#11561,#11562);
#11561 = CARTESIAN_POINT('',(-4.428834151536E-35,-3.535533905933E-02));
#11562 = VECTOR('',#11563,1.);
#11563 = DIRECTION('',(1.,4.090203188068E-37));
#11564 = ( GEOMETRIC_REPRESENTATION_CONTEXT(2) 
PARAMETRIC_REPRESENTATION_CONTEXT() REPRESENTATION_CONTEXT('2D SPACE',''
  ) );
#11565 = ORIENTED_EDGE('',*,*,#11566,.T.);
#11566 = EDGE_CURVE('',#11539,#11567,#11569,.T.);
#11567 = VERTEX_POINT('',#11568);
#11568 = CARTESIAN_POINT('',(-5.55,6.,3.6));
#11569 = SURFACE_CURVE('',#11570,(#11574,#11581),.PCURVE_S1.);
#11570 = LINE('',#11571,#11572);
#11571 = CARTESIAN_POINT('',(-5.55,6.,3.44));
#11572 = VECTOR('',#11573,1.);
#11573 = DIRECTION('',(0.,0.,1.));
#11574 = PCURVE('',#11514,#11575);
#11575 = DEFINITIONAL_REPRESENTATION('',(#11576),#11580);
#11576 = LINE('',#11577,#11578);
#11577 = CARTESIAN_POINT('',(0.,-10.55));
#11578 = VECTOR('',#11579,1.);
#11579 = DIRECTION('',(1.,0.));
#11580 = ( GEOMETRIC_REPRESENTATION_CONTEXT(2) 
PARAMETRIC_REPRESENTATION_CONTEXT() REPRESENTATION_CONTEXT('2D SPACE',''
  ) );
#11581 = PCURVE('',#11582,#11587);
#11582 = PLANE('',#11583);
#11583 = AXIS2_PLACEMENT_3D('',#11584,#11585,#11586);
#11584 = CARTESIAN_POINT('',(-5.55,6.,3.44));
#11585 = DIRECTION('',(0.,1.,0.));
#11586 = DIRECTION('',(0.,0.,1.));
#11587 = DEFINITIONAL_REPRESENTATION('',(#11588),#11592);
#11588 = LINE('',#11589,#11590);
#11589 = CARTESIAN_POINT('',(0.,0.));
#11590 = VECTOR('',#11591,1.);
#11591 = DIRECTION('',(1.,0.));
#11592 = ( GEOMETRIC_REPRESENTATION_CONTEXT(2) 
PARAMETRIC_REPRESENTATION_CONTEXT() REPRESENTATION_CONTEXT('2D SPACE',''
  ) );
#11593 = ORIENTED_EDGE('',*,*,#11594,.F.);
#11594 = EDGE_CURVE('',#11506,#11567,#11595,.T.);
#11595 = SURFACE_CURVE('',#11596,(#11600,#11607),.PCURVE_S1.);
#11596 = LINE('',#11597,#11598);
#11597 = CARTESIAN_POINT('',(-5.55,-4.55,3.6));
#11598 = VECTOR('',#11599,1.);
#11599 = DIRECTION('',(0.,1.,0.));
#11600 = PCURVE('',#11514,#11601);
#11601 = DEFINITIONAL_REPRESENTATION('',(#11602),#11606);
#11602 = LINE('',#11603,#11604);
#11603 = CARTESIAN_POINT('',(0.16,0.));
#11604 = VECTOR('',#11605,1.);
#11605 = DIRECTION('',(0.,-1.));
#11606 = ( GEOMETRIC_REPRESENTATION_CONTEXT(2) 
PARAMETRIC_REPRESENTATION_CONTEXT() REPRESENTATION_CONTEXT('2D SPACE',''
  ) );
#11607 = PCURVE('',#11608,#11613);
#11608 = PLANE('',#11609);
#11609 = AXIS2_PLACEMENT_3D('',#11610,#11611,#11612);
#11610 = CARTESIAN_POINT('',(-5.55,-4.55,3.6));
#11611 = DIRECTION('',(0.,0.,1.));
#11612 = DIRECTION('',(1.,0.,0.));
#11613 = DEFINITIONAL_REPRESENTATION('',(#11614),#11618);
#11614 = LINE('',#11615,#11616);
#11615 = CARTESIAN_POINT('',(0.,0.));
#11616 = VECTOR('',#11617,1.);
#11617 = DIRECTION('',(0.,1.));
#11618 = ( GEOMETRIC_REPRESENTATION_CONTEXT(2) 
PARAMETRIC_REPRESENTATION_CONTEXT() REPRESENTATION_CONTEXT('2D SPACE',''
  ) );
#11619 = ADVANCED_FACE('',(#11620),#11526,.F.);
#11620 = FACE_BOUND('',#11621,.F.);
#11621 = EDGE_LOOP('',(#11622,#11652,#11678,#11679));
#11622 = ORIENTED_EDGE('',*,*,#11623,.F.);
#11623 = EDGE_CURVE('',#11624,#11626,#11628,.T.);
#11624 = VERTEX_POINT('',#11625);
#11625 = CARTESIAN_POINT('',(5.55,-4.55,3.49));
#11626 = VERTEX_POINT('',#11627);
#11627 = CARTESIAN_POINT('',(5.55,-4.55,3.6));
#11628 = SURFACE_CURVE('',#11629,(#11633,#11640),.PCURVE_S1.);
#11629 = LINE('',#11630,#11631);
#11630 = CARTESIAN_POINT('',(5.55,-4.55,3.44));
#11631 = VECTOR('',#11632,1.);
#11632 = DIRECTION('',(0.,0.,1.));
#11633 = PCURVE('',#11526,#11634);
#11634 = DEFINITIONAL_REPRESENTATION('',(#11635),#11639);
#11635 = LINE('',#11636,#11637);
#11636 = CARTESIAN_POINT('',(0.,11.1));
#11637 = VECTOR('',#11638,1.);
#11638 = DIRECTION('',(1.,0.));
#11639 = ( GEOMETRIC_REPRESENTATION_CONTEXT(2) 
PARAMETRIC_REPRESENTATION_CONTEXT() REPRESENTATION_CONTEXT('2D SPACE',''
  ) );
#11640 = PCURVE('',#11641,#11646);
#11641 = PLANE('',#11642);
#11642 = AXIS2_PLACEMENT_3D('',#11643,#11644,#11645);
#11643 = CARTESIAN_POINT('',(5.55,-4.55,3.44));
#11644 = DIRECTION('',(1.,0.,0.));
#11645 = DIRECTION('',(0.,0.,1.));
#11646 = DEFINITIONAL_REPRESENTATION('',(#11647),#11651);
#11647 = LINE('',#11648,#11649);
#11648 = CARTESIAN_POINT('',(0.,0.));
#11649 = VECTOR('',#11650,1.);
#11650 = DIRECTION('',(1.,0.));
#11651 = ( GEOMETRIC_REPRESENTATION_CONTEXT(2) 
PARAMETRIC_REPRESENTATION_CONTEXT() REPRESENTATION_CONTEXT('2D SPACE',''
  ) );
#11652 = ORIENTED_EDGE('',*,*,#11653,.F.);
#11653 = EDGE_CURVE('',#11504,#11624,#11654,.T.);
#11654 = SURFACE_CURVE('',#11655,(#11659,#11666),.PCURVE_S1.);
#11655 = LINE('',#11656,#11657);
#11656 = CARTESIAN_POINT('',(-5.55,-4.55,3.49));
#11657 = VECTOR('',#11658,1.);
#11658 = DIRECTION('',(1.,0.,0.));
#11659 = PCURVE('',#11526,#11660);
#11660 = DEFINITIONAL_REPRESENTATION('',(#11661),#11665);
#11661 = LINE('',#11662,#11663);
#11662 = CARTESIAN_POINT('',(5.E-02,0.));
#11663 = VECTOR('',#11664,1.);
#11664 = DIRECTION('',(0.,1.));
#11665 = ( GEOMETRIC_REPRESENTATION_CONTEXT(2) 
PARAMETRIC_REPRESENTATION_CONTEXT() REPRESENTATION_CONTEXT('2D SPACE',''
  ) );
#11666 = PCURVE('',#11667,#11672);
#11667 = PLANE('',#11668);
#11668 = AXIS2_PLACEMENT_3D('',#11669,#11670,#11671);
#11669 = CARTESIAN_POINT('',(-5.55,-4.525,3.465));
#11670 = DIRECTION('',(-1.405203111349E-19,-0.707106781187,
    -0.707106781187));
#11671 = DIRECTION('',(-1.,9.936286489792E-20,9.936286489792E-20));
#11672 = DEFINITIONAL_REPRESENTATION('',(#11673),#11677);
#11673 = LINE('',#11674,#11675);
#11674 = CARTESIAN_POINT('',(1.623653544048E-37,-3.535533905933E-02));
#11675 = VECTOR('',#11676,1.);
#11676 = DIRECTION('',(-1.,4.090203188068E-37));
#11677 = ( GEOMETRIC_REPRESENTATION_CONTEXT(2) 
PARAMETRIC_REPRESENTATION_CONTEXT() REPRESENTATION_CONTEXT('2D SPACE',''
  ) );
#11678 = ORIENTED_EDGE('',*,*,#11503,.T.);
#11679 = ORIENTED_EDGE('',*,*,#11680,.T.);
#11680 = EDGE_CURVE('',#11506,#11626,#11681,.T.);
#11681 = SURFACE_CURVE('',#11682,(#11686,#11693),.PCURVE_S1.);
#11682 = LINE('',#11683,#11684);
#11683 = CARTESIAN_POINT('',(-5.55,-4.55,3.6));
#11684 = VECTOR('',#11685,1.);
#11685 = DIRECTION('',(1.,0.,0.));
#11686 = PCURVE('',#11526,#11687);
#11687 = DEFINITIONAL_REPRESENTATION('',(#11688),#11692);
#11688 = LINE('',#11689,#11690);
#11689 = CARTESIAN_POINT('',(0.16,0.));
#11690 = VECTOR('',#11691,1.);
#11691 = DIRECTION('',(0.,1.));
#11692 = ( GEOMETRIC_REPRESENTATION_CONTEXT(2) 
PARAMETRIC_REPRESENTATION_CONTEXT() REPRESENTATION_CONTEXT('2D SPACE',''
  ) );
#11693 = PCURVE('',#11608,#11694);
#11694 = DEFINITIONAL_REPRESENTATION('',(#11695),#11699);
#11695 = LINE('',#11696,#11697);
#11696 = CARTESIAN_POINT('',(0.,0.));
#11697 = VECTOR('',#11698,1.);
#11698 = DIRECTION('',(1.,0.));
#11699 = ( GEOMETRIC_REPRESENTATION_CONTEXT(2) 
PARAMETRIC_REPRESENTATION_CONTEXT() REPRESENTATION_CONTEXT('2D SPACE',''
  ) );
#11700 = ADVANCED_FACE('',(#11701),#11554,.T.);
#11701 = FACE_BOUND('',#11702,.T.);
#11702 = EDGE_LOOP('',(#11703,#11726,#11727,#11755));
#11703 = ORIENTED_EDGE('',*,*,#11704,.F.);
#11704 = EDGE_CURVE('',#11504,#11705,#11707,.T.);
#11705 = VERTEX_POINT('',#11706);
#11706 = CARTESIAN_POINT('',(-5.5,-4.5,3.44));
#11707 = SURFACE_CURVE('',#11708,(#11712,#11719),.PCURVE_S1.);
#11708 = LINE('',#11709,#11710);
#11709 = CARTESIAN_POINT('',(-5.533333333333,-4.533333333333,
    3.473333333333));
#11710 = VECTOR('',#11711,1.);
#11711 = DIRECTION('',(0.57735026919,0.57735026919,-0.57735026919));
#11712 = PCURVE('',#11554,#11713);
#11713 = DEFINITIONAL_REPRESENTATION('',(#11714),#11718);
#11714 = LINE('',#11715,#11716);
#11715 = CARTESIAN_POINT('',(1.666666666667E-02,-1.178511301978E-02));
#11716 = VECTOR('',#11717,1.);
#11717 = DIRECTION('',(0.57735026919,0.816496580928));
#11718 = ( GEOMETRIC_REPRESENTATION_CONTEXT(2) 
PARAMETRIC_REPRESENTATION_CONTEXT() REPRESENTATION_CONTEXT('2D SPACE',''
  ) );
#11719 = PCURVE('',#11667,#11720);
#11720 = DEFINITIONAL_REPRESENTATION('',(#11721),#11725);
#11721 = LINE('',#11722,#11723);
#11722 = CARTESIAN_POINT('',(-1.666666666667E-02,-1.178511301978E-02));
#11723 = VECTOR('',#11724,1.);
#11724 = DIRECTION('',(-0.57735026919,0.816496580928));
#11725 = ( GEOMETRIC_REPRESENTATION_CONTEXT(2) 
PARAMETRIC_REPRESENTATION_CONTEXT() REPRESENTATION_CONTEXT('2D SPACE',''
  ) );
#11726 = ORIENTED_EDGE('',*,*,#11538,.T.);
#11727 = ORIENTED_EDGE('',*,*,#11728,.T.);
#11728 = EDGE_CURVE('',#11539,#11729,#11731,.T.);
#11729 = VERTEX_POINT('',#11730);
#11730 = CARTESIAN_POINT('',(-5.5,5.95,3.44));
#11731 = SURFACE_CURVE('',#11732,(#11736,#11743),.PCURVE_S1.);
#11732 = LINE('',#11733,#11734);
#11733 = CARTESIAN_POINT('',(-3.775,4.225,1.715));
#11734 = VECTOR('',#11735,1.);
#11735 = DIRECTION('',(0.57735026919,-0.57735026919,-0.57735026919));
#11736 = PCURVE('',#11554,#11737);
#11737 = DEFINITIONAL_REPRESENTATION('',(#11738),#11742);
#11738 = LINE('',#11739,#11740);
#11739 = CARTESIAN_POINT('',(8.775,2.474873734153));
#11740 = VECTOR('',#11741,1.);
#11741 = DIRECTION('',(-0.57735026919,0.816496580928));
#11742 = ( GEOMETRIC_REPRESENTATION_CONTEXT(2) 
PARAMETRIC_REPRESENTATION_CONTEXT() REPRESENTATION_CONTEXT('2D SPACE',''
  ) );
#11743 = PCURVE('',#11744,#11749);
#11744 = PLANE('',#11745);
#11745 = AXIS2_PLACEMENT_3D('',#11746,#11747,#11748);
#11746 = CARTESIAN_POINT('',(-5.55,5.975,3.465));
#11747 = DIRECTION('',(1.405203111349E-19,-0.707106781187,0.707106781187
    ));
#11748 = DIRECTION('',(-1.,-9.936286489792E-20,9.936286489792E-20));
#11749 = DEFINITIONAL_REPRESENTATION('',(#11750),#11754);
#11750 = LINE('',#11751,#11752);
#11751 = CARTESIAN_POINT('',(-1.775,2.474873734153));
#11752 = VECTOR('',#11753,1.);
#11753 = DIRECTION('',(-0.57735026919,0.816496580928));
#11754 = ( GEOMETRIC_REPRESENTATION_CONTEXT(2) 
PARAMETRIC_REPRESENTATION_CONTEXT() REPRESENTATION_CONTEXT('2D SPACE',''
  ) );
#11755 = ORIENTED_EDGE('',*,*,#11756,.F.);
#11756 = EDGE_CURVE('',#11705,#11729,#11757,.T.);
#11757 = SURFACE_CURVE('',#11758,(#11762,#11769),.PCURVE_S1.);
#11758 = LINE('',#11759,#11760);
#11759 = CARTESIAN_POINT('',(-5.5,-4.55,3.44));
#11760 = VECTOR('',#11761,1.);
#11761 = DIRECTION('',(0.,1.,0.));
#11762 = PCURVE('',#11554,#11763);
#11763 = DEFINITIONAL_REPRESENTATION('',(#11764),#11768);
#11764 = LINE('',#11765,#11766);
#11765 = CARTESIAN_POINT('',(1.714249448452E-38,3.535533905933E-02));
#11766 = VECTOR('',#11767,1.);
#11767 = DIRECTION('',(1.,4.090203188068E-37));
#11768 = ( GEOMETRIC_REPRESENTATION_CONTEXT(2) 
PARAMETRIC_REPRESENTATION_CONTEXT() REPRESENTATION_CONTEXT('2D SPACE',''
  ) );
#11769 = PCURVE('',#11770,#11775);
#11770 = PLANE('',#11771);
#11771 = AXIS2_PLACEMENT_3D('',#11772,#11773,#11774);
#11772 = CARTESIAN_POINT('',(-5.55,-4.55,3.44));
#11773 = DIRECTION('',(0.,0.,1.));
#11774 = DIRECTION('',(1.,0.,0.));
#11775 = DEFINITIONAL_REPRESENTATION('',(#11776),#11780);
#11776 = LINE('',#11777,#11778);
#11777 = CARTESIAN_POINT('',(5.E-02,0.));
#11778 = VECTOR('',#11779,1.);
#11779 = DIRECTION('',(0.,1.));
#11780 = ( GEOMETRIC_REPRESENTATION_CONTEXT(2) 
PARAMETRIC_REPRESENTATION_CONTEXT() REPRESENTATION_CONTEXT('2D SPACE',''
  ) );
#11781 = ADVANCED_FACE('',(#11782,#11830),#11608,.T.);
#11782 = FACE_BOUND('',#11783,.T.);
#11783 = EDGE_LOOP('',(#11784,#11785,#11786,#11809));
#11784 = ORIENTED_EDGE('',*,*,#11594,.F.);
#11785 = ORIENTED_EDGE('',*,*,#11680,.T.);
#11786 = ORIENTED_EDGE('',*,*,#11787,.T.);
#11787 = EDGE_CURVE('',#11626,#11788,#11790,.T.);
#11788 = VERTEX_POINT('',#11789);
#11789 = CARTESIAN_POINT('',(5.55,6.,3.6));
#11790 = SURFACE_CURVE('',#11791,(#11795,#11802),.PCURVE_S1.);
#11791 = LINE('',#11792,#11793);
#11792 = CARTESIAN_POINT('',(5.55,-4.55,3.6));
#11793 = VECTOR('',#11794,1.);
#11794 = DIRECTION('',(0.,1.,0.));
#11795 = PCURVE('',#11608,#11796);
#11796 = DEFINITIONAL_REPRESENTATION('',(#11797),#11801);
#11797 = LINE('',#11798,#11799);
#11798 = CARTESIAN_POINT('',(11.1,0.));
#11799 = VECTOR('',#11800,1.);
#11800 = DIRECTION('',(0.,1.));
#11801 = ( GEOMETRIC_REPRESENTATION_CONTEXT(2) 
PARAMETRIC_REPRESENTATION_CONTEXT() REPRESENTATION_CONTEXT('2D SPACE',''
  ) );
#11802 = PCURVE('',#11641,#11803);
#11803 = DEFINITIONAL_REPRESENTATION('',(#11804),#11808);
#11804 = LINE('',#11805,#11806);
#11805 = CARTESIAN_POINT('',(0.16,0.));
#11806 = VECTOR('',#11807,1.);
#11807 = DIRECTION('',(0.,-1.));
#11808 = ( GEOMETRIC_REPRESENTATION_CONTEXT(2) 
PARAMETRIC_REPRESENTATION_CONTEXT() REPRESENTATION_CONTEXT('2D SPACE',''
  ) );
#11809 = ORIENTED_EDGE('',*,*,#11810,.F.);
#11810 = EDGE_CURVE('',#11567,#11788,#11811,.T.);
#11811 = SURFACE_CURVE('',#11812,(#11816,#11823),.PCURVE_S1.);
#11812 = LINE('',#11813,#11814);
#11813 = CARTESIAN_POINT('',(-5.55,6.,3.6));
#11814 = VECTOR('',#11815,1.);
#11815 = DIRECTION('',(1.,0.,0.));
#11816 = PCURVE('',#11608,#11817);
#11817 = DEFINITIONAL_REPRESENTATION('',(#11818),#11822);
#11818 = LINE('',#11819,#11820);
#11819 = CARTESIAN_POINT('',(0.,10.55));
#11820 = VECTOR('',#11821,1.);
#11821 = DIRECTION('',(1.,0.));
#11822 = ( GEOMETRIC_REPRESENTATION_CONTEXT(2) 
PARAMETRIC_REPRESENTATION_CONTEXT() REPRESENTATION_CONTEXT('2D SPACE',''
  ) );
#11823 = PCURVE('',#11582,#11824);
#11824 = DEFINITIONAL_REPRESENTATION('',(#11825),#11829);
#11825 = LINE('',#11826,#11827);
#11826 = CARTESIAN_POINT('',(0.16,0.));
#11827 = VECTOR('',#11828,1.);
#11828 = DIRECTION('',(0.,1.));
#11829 = ( GEOMETRIC_REPRESENTATION_CONTEXT(2) 
PARAMETRIC_REPRESENTATION_CONTEXT() REPRESENTATION_CONTEXT('2D SPACE',''
  ) );
#11830 = FACE_BOUND('',#11831,.T.);
#11831 = EDGE_LOOP('',(#11832,#11862,#11890,#11918));
#11832 = ORIENTED_EDGE('',*,*,#11833,.T.);
#11833 = EDGE_CURVE('',#11834,#11836,#11838,.T.);
#11834 = VERTEX_POINT('',#11835);
#11835 = CARTESIAN_POINT('',(5.33,-4.33,3.6));
#11836 = VERTEX_POINT('',#11837);
#11837 = CARTESIAN_POINT('',(-5.33,-4.33,3.6));
#11838 = SURFACE_CURVE('',#11839,(#11843,#11850),.PCURVE_S1.);
#11839 = LINE('',#11840,#11841);
#11840 = CARTESIAN_POINT('',(-5.44,-4.33,3.6));
#11841 = VECTOR('',#11842,1.);
#11842 = DIRECTION('',(-1.,0.,0.));
#11843 = PCURVE('',#11608,#11844);
#11844 = DEFINITIONAL_REPRESENTATION('',(#11845),#11849);
#11845 = LINE('',#11846,#11847);
#11846 = CARTESIAN_POINT('',(0.11,0.22));
#11847 = VECTOR('',#11848,1.);
#11848 = DIRECTION('',(-1.,0.));
#11849 = ( GEOMETRIC_REPRESENTATION_CONTEXT(2) 
PARAMETRIC_REPRESENTATION_CONTEXT() REPRESENTATION_CONTEXT('2D SPACE',''
  ) );
#11850 = PCURVE('',#11851,#11856);
#11851 = PLANE('',#11852);
#11852 = AXIS2_PLACEMENT_3D('',#11853,#11854,#11855);
#11853 = CARTESIAN_POINT('',(-5.33,-4.33,2.44));
#11854 = DIRECTION('',(0.,1.,0.));
#11855 = DIRECTION('',(0.,0.,1.));
#11856 = DEFINITIONAL_REPRESENTATION('',(#11857),#11861);
#11857 = LINE('',#11858,#11859);
#11858 = CARTESIAN_POINT('',(1.16,-0.11));
#11859 = VECTOR('',#11860,1.);
#11860 = DIRECTION('',(0.,-1.));
#11861 = ( GEOMETRIC_REPRESENTATION_CONTEXT(2) 
PARAMETRIC_REPRESENTATION_CONTEXT() REPRESENTATION_CONTEXT('2D SPACE',''
  ) );
#11862 = ORIENTED_EDGE('',*,*,#11863,.T.);
#11863 = EDGE_CURVE('',#11836,#11864,#11866,.T.);
#11864 = VERTEX_POINT('',#11865);
#11865 = CARTESIAN_POINT('',(-5.33,5.78,3.6));
#11866 = SURFACE_CURVE('',#11867,(#11871,#11878),.PCURVE_S1.);
#11867 = LINE('',#11868,#11869);
#11868 = CARTESIAN_POINT('',(-5.33,-4.44,3.6));
#11869 = VECTOR('',#11870,1.);
#11870 = DIRECTION('',(0.,1.,0.));
#11871 = PCURVE('',#11608,#11872);
#11872 = DEFINITIONAL_REPRESENTATION('',(#11873),#11877);
#11873 = LINE('',#11874,#11875);
#11874 = CARTESIAN_POINT('',(0.22,0.11));
#11875 = VECTOR('',#11876,1.);
#11876 = DIRECTION('',(0.,1.));
#11877 = ( GEOMETRIC_REPRESENTATION_CONTEXT(2) 
PARAMETRIC_REPRESENTATION_CONTEXT() REPRESENTATION_CONTEXT('2D SPACE',''
  ) );
#11878 = PCURVE('',#11879,#11884);
#11879 = PLANE('',#11880);
#11880 = AXIS2_PLACEMENT_3D('',#11881,#11882,#11883);
#11881 = CARTESIAN_POINT('',(-5.33,-4.33,2.44));
#11882 = DIRECTION('',(1.,0.,0.));
#11883 = DIRECTION('',(0.,0.,1.));
#11884 = DEFINITIONAL_REPRESENTATION('',(#11885),#11889);
#11885 = LINE('',#11886,#11887);
#11886 = CARTESIAN_POINT('',(1.16,0.11));
#11887 = VECTOR('',#11888,1.);
#11888 = DIRECTION('',(0.,-1.));
#11889 = ( GEOMETRIC_REPRESENTATION_CONTEXT(2) 
PARAMETRIC_REPRESENTATION_CONTEXT() REPRESENTATION_CONTEXT('2D SPACE',''
  ) );
#11890 = ORIENTED_EDGE('',*,*,#11891,.F.);
#11891 = EDGE_CURVE('',#11892,#11864,#11894,.T.);
#11892 = VERTEX_POINT('',#11893);
#11893 = CARTESIAN_POINT('',(5.33,5.78,3.6));
#11894 = SURFACE_CURVE('',#11895,(#11899,#11906),.PCURVE_S1.);
#11895 = LINE('',#11896,#11897);
#11896 = CARTESIAN_POINT('',(-5.44,5.78,3.6));
#11897 = VECTOR('',#11898,1.);
#11898 = DIRECTION('',(-1.,0.,0.));
#11899 = PCURVE('',#11608,#11900);
#11900 = DEFINITIONAL_REPRESENTATION('',(#11901),#11905);
#11901 = LINE('',#11902,#11903);
#11902 = CARTESIAN_POINT('',(0.11,10.33));
#11903 = VECTOR('',#11904,1.);
#11904 = DIRECTION('',(-1.,0.));
#11905 = ( GEOMETRIC_REPRESENTATION_CONTEXT(2) 
PARAMETRIC_REPRESENTATION_CONTEXT() REPRESENTATION_CONTEXT('2D SPACE',''
  ) );
#11906 = PCURVE('',#11907,#11912);
#11907 = PLANE('',#11908);
#11908 = AXIS2_PLACEMENT_3D('',#11909,#11910,#11911);
#11909 = CARTESIAN_POINT('',(-5.33,5.78,2.44));
#11910 = DIRECTION('',(0.,1.,0.));
#11911 = DIRECTION('',(0.,0.,1.));
#11912 = DEFINITIONAL_REPRESENTATION('',(#11913),#11917);
#11913 = LINE('',#11914,#11915);
#11914 = CARTESIAN_POINT('',(1.16,-0.11));
#11915 = VECTOR('',#11916,1.);
#11916 = DIRECTION('',(0.,-1.));
#11917 = ( GEOMETRIC_REPRESENTATION_CONTEXT(2) 
PARAMETRIC_REPRESENTATION_CONTEXT() REPRESENTATION_CONTEXT('2D SPACE',''
  ) );
#11918 = ORIENTED_EDGE('',*,*,#11919,.F.);
#11919 = EDGE_CURVE('',#11834,#11892,#11920,.T.);
#11920 = SURFACE_CURVE('',#11921,(#11925,#11932),.PCURVE_S1.);
#11921 = LINE('',#11922,#11923);
#11922 = CARTESIAN_POINT('',(5.33,-4.44,3.6));
#11923 = VECTOR('',#11924,1.);
#11924 = DIRECTION('',(0.,1.,0.));
#11925 = PCURVE('',#11608,#11926);
#11926 = DEFINITIONAL_REPRESENTATION('',(#11927),#11931);
#11927 = LINE('',#11928,#11929);
#11928 = CARTESIAN_POINT('',(10.88,0.11));
#11929 = VECTOR('',#11930,1.);
#11930 = DIRECTION('',(0.,1.));
#11931 = ( GEOMETRIC_REPRESENTATION_CONTEXT(2) 
PARAMETRIC_REPRESENTATION_CONTEXT() REPRESENTATION_CONTEXT('2D SPACE',''
  ) );
#11932 = PCURVE('',#11933,#11938);
#11933 = PLANE('',#11934);
#11934 = AXIS2_PLACEMENT_3D('',#11935,#11936,#11937);
#11935 = CARTESIAN_POINT('',(5.33,-4.33,2.44));
#11936 = DIRECTION('',(1.,0.,0.));
#11937 = DIRECTION('',(0.,0.,1.));
#11938 = DEFINITIONAL_REPRESENTATION('',(#11939),#11943);
#11939 = LINE('',#11940,#11941);
#11940 = CARTESIAN_POINT('',(1.16,0.11));
#11941 = VECTOR('',#11942,1.);
#11942 = DIRECTION('',(0.,-1.));
#11943 = ( GEOMETRIC_REPRESENTATION_CONTEXT(2) 
PARAMETRIC_REPRESENTATION_CONTEXT() REPRESENTATION_CONTEXT('2D SPACE',''
  ) );
#11944 = ADVANCED_FACE('',(#11945),#11582,.T.);
#11945 = FACE_BOUND('',#11946,.T.);
#11946 = EDGE_LOOP('',(#11947,#11970,#11991,#11992));
#11947 = ORIENTED_EDGE('',*,*,#11948,.F.);
#11948 = EDGE_CURVE('',#11949,#11788,#11951,.T.);
#11949 = VERTEX_POINT('',#11950);
#11950 = CARTESIAN_POINT('',(5.55,6.,3.49));
#11951 = SURFACE_CURVE('',#11952,(#11956,#11963),.PCURVE_S1.);
#11952 = LINE('',#11953,#11954);
#11953 = CARTESIAN_POINT('',(5.55,6.,3.44));
#11954 = VECTOR('',#11955,1.);
#11955 = DIRECTION('',(0.,0.,1.));
#11956 = PCURVE('',#11582,#11957);
#11957 = DEFINITIONAL_REPRESENTATION('',(#11958),#11962);
#11958 = LINE('',#11959,#11960);
#11959 = CARTESIAN_POINT('',(0.,11.1));
#11960 = VECTOR('',#11961,1.);
#11961 = DIRECTION('',(1.,0.));
#11962 = ( GEOMETRIC_REPRESENTATION_CONTEXT(2) 
PARAMETRIC_REPRESENTATION_CONTEXT() REPRESENTATION_CONTEXT('2D SPACE',''
  ) );
#11963 = PCURVE('',#11641,#11964);
#11964 = DEFINITIONAL_REPRESENTATION('',(#11965),#11969);
#11965 = LINE('',#11966,#11967);
#11966 = CARTESIAN_POINT('',(0.,-10.55));
#11967 = VECTOR('',#11968,1.);
#11968 = DIRECTION('',(1.,0.));
#11969 = ( GEOMETRIC_REPRESENTATION_CONTEXT(2) 
PARAMETRIC_REPRESENTATION_CONTEXT() REPRESENTATION_CONTEXT('2D SPACE',''
  ) );
#11970 = ORIENTED_EDGE('',*,*,#11971,.F.);
#11971 = EDGE_CURVE('',#11539,#11949,#11972,.T.);
#11972 = SURFACE_CURVE('',#11973,(#11977,#11984),.PCURVE_S1.);
#11973 = LINE('',#11974,#11975);
#11974 = CARTESIAN_POINT('',(-5.55,6.,3.49));
#11975 = VECTOR('',#11976,1.);
#11976 = DIRECTION('',(1.,0.,0.));
#11977 = PCURVE('',#11582,#11978);
#11978 = DEFINITIONAL_REPRESENTATION('',(#11979),#11983);
#11979 = LINE('',#11980,#11981);
#11980 = CARTESIAN_POINT('',(5.E-02,0.));
#11981 = VECTOR('',#11982,1.);
#11982 = DIRECTION('',(0.,1.));
#11983 = ( GEOMETRIC_REPRESENTATION_CONTEXT(2) 
PARAMETRIC_REPRESENTATION_CONTEXT() REPRESENTATION_CONTEXT('2D SPACE',''
  ) );
#11984 = PCURVE('',#11744,#11985);
#11985 = DEFINITIONAL_REPRESENTATION('',(#11986),#11990);
#11986 = LINE('',#11987,#11988);
#11987 = CARTESIAN_POINT('',(1.714249448452E-38,-3.535533905933E-02));
#11988 = VECTOR('',#11989,1.);
#11989 = DIRECTION('',(-1.,4.090203188068E-37));
#11990 = ( GEOMETRIC_REPRESENTATION_CONTEXT(2) 
PARAMETRIC_REPRESENTATION_CONTEXT() REPRESENTATION_CONTEXT('2D SPACE',''
  ) );
#11991 = ORIENTED_EDGE('',*,*,#11566,.T.);
#11992 = ORIENTED_EDGE('',*,*,#11810,.T.);
#11993 = ADVANCED_FACE('',(#11994),#11641,.T.);
#11994 = FACE_BOUND('',#11995,.T.);
#11995 = EDGE_LOOP('',(#11996,#11997,#12023,#12024));
#11996 = ORIENTED_EDGE('',*,*,#11623,.F.);
#11997 = ORIENTED_EDGE('',*,*,#11998,.T.);
#11998 = EDGE_CURVE('',#11624,#11949,#11999,.T.);
#11999 = SURFACE_CURVE('',#12000,(#12004,#12011),.PCURVE_S1.);
#12000 = LINE('',#12001,#12002);
#12001 = CARTESIAN_POINT('',(5.55,-4.55,3.49));
#12002 = VECTOR('',#12003,1.);
#12003 = DIRECTION('',(0.,1.,0.));
#12004 = PCURVE('',#11641,#12005);
#12005 = DEFINITIONAL_REPRESENTATION('',(#12006),#12010);
#12006 = LINE('',#12007,#12008);
#12007 = CARTESIAN_POINT('',(5.E-02,0.));
#12008 = VECTOR('',#12009,1.);
#12009 = DIRECTION('',(0.,-1.));
#12010 = ( GEOMETRIC_REPRESENTATION_CONTEXT(2) 
PARAMETRIC_REPRESENTATION_CONTEXT() REPRESENTATION_CONTEXT('2D SPACE',''
  ) );
#12011 = PCURVE('',#12012,#12017);
#12012 = PLANE('',#12013);
#12013 = AXIS2_PLACEMENT_3D('',#12014,#12015,#12016);
#12014 = CARTESIAN_POINT('',(5.525,-4.55,3.465));
#12015 = DIRECTION('',(-0.707106781187,1.405203111349E-19,0.707106781187
    ));
#12016 = DIRECTION('',(-9.936286489792E-20,-1.,9.936286489792E-20));
#12017 = DEFINITIONAL_REPRESENTATION('',(#12018),#12022);
#12018 = LINE('',#12019,#12020);
#12019 = CARTESIAN_POINT('',(4.428834151536E-35,3.535533905933E-02));
#12020 = VECTOR('',#12021,1.);
#12021 = DIRECTION('',(-1.,-4.090203188068E-37));
#12022 = ( GEOMETRIC_REPRESENTATION_CONTEXT(2) 
PARAMETRIC_REPRESENTATION_CONTEXT() REPRESENTATION_CONTEXT('2D SPACE',''
  ) );
#12023 = ORIENTED_EDGE('',*,*,#11948,.T.);
#12024 = ORIENTED_EDGE('',*,*,#11787,.F.);
#12025 = ADVANCED_FACE('',(#12026),#11667,.T.);
#12026 = FACE_BOUND('',#12027,.F.);
#12027 = EDGE_LOOP('',(#12028,#12029,#12030,#12053));
#12028 = ORIENTED_EDGE('',*,*,#11704,.F.);
#12029 = ORIENTED_EDGE('',*,*,#11653,.T.);
#12030 = ORIENTED_EDGE('',*,*,#12031,.T.);
#12031 = EDGE_CURVE('',#11624,#12032,#12034,.T.);
#12032 = VERTEX_POINT('',#12033);
#12033 = CARTESIAN_POINT('',(5.5,-4.5,3.44));
#12034 = SURFACE_CURVE('',#12035,(#12039,#12046),.PCURVE_S1.);
#12035 = LINE('',#12036,#12037);
#12036 = CARTESIAN_POINT('',(3.683333333333,-2.683333333333,
    1.623333333333));
#12037 = VECTOR('',#12038,1.);
#12038 = DIRECTION('',(-0.57735026919,0.57735026919,-0.57735026919));
#12039 = PCURVE('',#11667,#12040);
#12040 = DEFINITIONAL_REPRESENTATION('',(#12041),#12045);
#12041 = LINE('',#12042,#12043);
#12042 = CARTESIAN_POINT('',(-9.233333333333,2.60450997737));
#12043 = VECTOR('',#12044,1.);
#12044 = DIRECTION('',(0.57735026919,0.816496580928));
#12045 = ( GEOMETRIC_REPRESENTATION_CONTEXT(2) 
PARAMETRIC_REPRESENTATION_CONTEXT() REPRESENTATION_CONTEXT('2D SPACE',''
  ) );
#12046 = PCURVE('',#12012,#12047);
#12047 = DEFINITIONAL_REPRESENTATION('',(#12048),#12052);
#12048 = LINE('',#12049,#12050);
#12049 = CARTESIAN_POINT('',(-1.866666666667,-2.60450997737));
#12050 = VECTOR('',#12051,1.);
#12051 = DIRECTION('',(-0.57735026919,-0.816496580928));
#12052 = ( GEOMETRIC_REPRESENTATION_CONTEXT(2) 
PARAMETRIC_REPRESENTATION_CONTEXT() REPRESENTATION_CONTEXT('2D SPACE',''
  ) );
#12053 = ORIENTED_EDGE('',*,*,#12054,.F.);
#12054 = EDGE_CURVE('',#11705,#12032,#12055,.T.);
#12055 = SURFACE_CURVE('',#12056,(#12060,#12067),.PCURVE_S1.);
#12056 = LINE('',#12057,#12058);
#12057 = CARTESIAN_POINT('',(-5.55,-4.5,3.44));
#12058 = VECTOR('',#12059,1.);
#12059 = DIRECTION('',(1.,0.,0.));
#12060 = PCURVE('',#11667,#12061);
#12061 = DEFINITIONAL_REPRESENTATION('',(#12062),#12066);
#12062 = LINE('',#12063,#12064);
#12063 = CARTESIAN_POINT('',(-1.714249448452E-38,3.535533905933E-02));
#12064 = VECTOR('',#12065,1.);
#12065 = DIRECTION('',(-1.,4.090203188068E-37));
#12066 = ( GEOMETRIC_REPRESENTATION_CONTEXT(2) 
PARAMETRIC_REPRESENTATION_CONTEXT() REPRESENTATION_CONTEXT('2D SPACE',''
  ) );
#12067 = PCURVE('',#11770,#12068);
#12068 = DEFINITIONAL_REPRESENTATION('',(#12069),#12073);
#12069 = LINE('',#12070,#12071);
#12070 = CARTESIAN_POINT('',(0.,5.E-02));
#12071 = VECTOR('',#12072,1.);
#12072 = DIRECTION('',(1.,0.));
#12073 = ( GEOMETRIC_REPRESENTATION_CONTEXT(2) 
PARAMETRIC_REPRESENTATION_CONTEXT() REPRESENTATION_CONTEXT('2D SPACE',''
  ) );
#12074 = ADVANCED_FACE('',(#12075,#12123),#11770,.F.);
#12075 = FACE_BOUND('',#12076,.F.);
#12076 = EDGE_LOOP('',(#12077,#12078,#12079,#12102));
#12077 = ORIENTED_EDGE('',*,*,#11756,.F.);
#12078 = ORIENTED_EDGE('',*,*,#12054,.T.);
#12079 = ORIENTED_EDGE('',*,*,#12080,.T.);
#12080 = EDGE_CURVE('',#12032,#12081,#12083,.T.);
#12081 = VERTEX_POINT('',#12082);
#12082 = CARTESIAN_POINT('',(5.5,5.95,3.44));
#12083 = SURFACE_CURVE('',#12084,(#12088,#12095),.PCURVE_S1.);
#12084 = LINE('',#12085,#12086);
#12085 = CARTESIAN_POINT('',(5.5,-4.55,3.44));
#12086 = VECTOR('',#12087,1.);
#12087 = DIRECTION('',(0.,1.,0.));
#12088 = PCURVE('',#11770,#12089);
#12089 = DEFINITIONAL_REPRESENTATION('',(#12090),#12094);
#12090 = LINE('',#12091,#12092);
#12091 = CARTESIAN_POINT('',(11.05,0.));
#12092 = VECTOR('',#12093,1.);
#12093 = DIRECTION('',(0.,1.));
#12094 = ( GEOMETRIC_REPRESENTATION_CONTEXT(2) 
PARAMETRIC_REPRESENTATION_CONTEXT() REPRESENTATION_CONTEXT('2D SPACE',''
  ) );
#12095 = PCURVE('',#12012,#12096);
#12096 = DEFINITIONAL_REPRESENTATION('',(#12097),#12101);
#12097 = LINE('',#12098,#12099);
#12098 = CARTESIAN_POINT('',(-1.714249448452E-38,-3.535533905933E-02));
#12099 = VECTOR('',#12100,1.);
#12100 = DIRECTION('',(-1.,-4.090203188068E-37));
#12101 = ( GEOMETRIC_REPRESENTATION_CONTEXT(2) 
PARAMETRIC_REPRESENTATION_CONTEXT() REPRESENTATION_CONTEXT('2D SPACE',''
  ) );
#12102 = ORIENTED_EDGE('',*,*,#12103,.F.);
#12103 = EDGE_CURVE('',#11729,#12081,#12104,.T.);
#12104 = SURFACE_CURVE('',#12105,(#12109,#12116),.PCURVE_S1.);
#12105 = LINE('',#12106,#12107);
#12106 = CARTESIAN_POINT('',(-5.55,5.95,3.44));
#12107 = VECTOR('',#12108,1.);
#12108 = DIRECTION('',(1.,0.,0.));
#12109 = PCURVE('',#11770,#12110);
#12110 = DEFINITIONAL_REPRESENTATION('',(#12111),#12115);
#12111 = LINE('',#12112,#12113);
#12112 = CARTESIAN_POINT('',(0.,10.5));
#12113 = VECTOR('',#12114,1.);
#12114 = DIRECTION('',(1.,0.));
#12115 = ( GEOMETRIC_REPRESENTATION_CONTEXT(2) 
PARAMETRIC_REPRESENTATION_CONTEXT() REPRESENTATION_CONTEXT('2D SPACE',''
  ) );
#12116 = PCURVE('',#11744,#12117);
#12117 = DEFINITIONAL_REPRESENTATION('',(#12118),#12122);
#12118 = LINE('',#12119,#12120);
#12119 = CARTESIAN_POINT('',(-1.714249448452E-38,3.535533905933E-02));
#12120 = VECTOR('',#12121,1.);
#12121 = DIRECTION('',(-1.,4.090203188068E-37));
#12122 = ( GEOMETRIC_REPRESENTATION_CONTEXT(2) 
PARAMETRIC_REPRESENTATION_CONTEXT() REPRESENTATION_CONTEXT('2D SPACE',''
  ) );
#12123 = FACE_BOUND('',#12124,.F.);
#12124 = EDGE_LOOP('',(#12125,#12155,#12183,#12211));
#12125 = ORIENTED_EDGE('',*,*,#12126,.T.);
#12126 = EDGE_CURVE('',#12127,#12129,#12131,.T.);
#12127 = VERTEX_POINT('',#12128);
#12128 = CARTESIAN_POINT('',(5.38,-4.38,3.44));
#12129 = VERTEX_POINT('',#12130);
#12130 = CARTESIAN_POINT('',(-5.38,-4.38,3.44));
#12131 = SURFACE_CURVE('',#12132,(#12136,#12143),.PCURVE_S1.);
#12132 = LINE('',#12133,#12134);
#12133 = CARTESIAN_POINT('',(5.33,-4.38,3.44));
#12134 = VECTOR('',#12135,1.);
#12135 = DIRECTION('',(-1.,0.,0.));
#12136 = PCURVE('',#11770,#12137);
#12137 = DEFINITIONAL_REPRESENTATION('',(#12138),#12142);
#12138 = LINE('',#12139,#12140);
#12139 = CARTESIAN_POINT('',(10.88,0.17));
#12140 = VECTOR('',#12141,1.);
#12141 = DIRECTION('',(-1.,0.));
#12142 = ( GEOMETRIC_REPRESENTATION_CONTEXT(2) 
PARAMETRIC_REPRESENTATION_CONTEXT() REPRESENTATION_CONTEXT('2D SPACE',''
  ) );
#12143 = PCURVE('',#12144,#12149);
#12144 = PLANE('',#12145);
#12145 = AXIS2_PLACEMENT_3D('',#12146,#12147,#12148);
#12146 = CARTESIAN_POINT('',(5.33,-4.355,3.465));
#12147 = DIRECTION('',(1.405203111349E-19,-0.707106781187,0.707106781187
    ));
#12148 = DIRECTION('',(1.,9.936286489792E-20,-9.936286489792E-20));
#12149 = DEFINITIONAL_REPRESENTATION('',(#12150),#12154);
#12150 = LINE('',#12151,#12152);
#12151 = CARTESIAN_POINT('',(1.623653544048E-37,-3.535533905933E-02));
#12152 = VECTOR('',#12153,1.);
#12153 = DIRECTION('',(-1.,4.090203188068E-37));
#12154 = ( GEOMETRIC_REPRESENTATION_CONTEXT(2) 
PARAMETRIC_REPRESENTATION_CONTEXT() REPRESENTATION_CONTEXT('2D SPACE',''
  ) );
#12155 = ORIENTED_EDGE('',*,*,#12156,.T.);
#12156 = EDGE_CURVE('',#12129,#12157,#12159,.T.);
#12157 = VERTEX_POINT('',#12158);
#12158 = CARTESIAN_POINT('',(-5.38,5.83,3.44));
#12159 = SURFACE_CURVE('',#12160,(#12164,#12171),.PCURVE_S1.);
#12160 = LINE('',#12161,#12162);
#12161 = CARTESIAN_POINT('',(-5.38,-4.33,3.44));
#12162 = VECTOR('',#12163,1.);
#12163 = DIRECTION('',(0.,1.,0.));
#12164 = PCURVE('',#11770,#12165);
#12165 = DEFINITIONAL_REPRESENTATION('',(#12166),#12170);
#12166 = LINE('',#12167,#12168);
#12167 = CARTESIAN_POINT('',(0.17,0.22));
#12168 = VECTOR('',#12169,1.);
#12169 = DIRECTION('',(0.,1.));
#12170 = ( GEOMETRIC_REPRESENTATION_CONTEXT(2) 
PARAMETRIC_REPRESENTATION_CONTEXT() REPRESENTATION_CONTEXT('2D SPACE',''
  ) );
#12171 = PCURVE('',#12172,#12177);
#12172 = PLANE('',#12173);
#12173 = AXIS2_PLACEMENT_3D('',#12174,#12175,#12176);
#12174 = CARTESIAN_POINT('',(-5.355,-4.33,3.465));
#12175 = DIRECTION('',(-0.707106781187,1.405203111349E-19,0.707106781187
    ));
#12176 = DIRECTION('',(-9.936286489792E-20,-1.,9.936286489792E-20));
#12177 = DEFINITIONAL_REPRESENTATION('',(#12178),#12182);
#12178 = LINE('',#12179,#12180);
#12179 = CARTESIAN_POINT('',(-4.428834151536E-35,-3.535533905933E-02));
#12180 = VECTOR('',#12181,1.);
#12181 = DIRECTION('',(-1.,-4.090203188068E-37));
#12182 = ( GEOMETRIC_REPRESENTATION_CONTEXT(2) 
PARAMETRIC_REPRESENTATION_CONTEXT() REPRESENTATION_CONTEXT('2D SPACE',''
  ) );
#12183 = ORIENTED_EDGE('',*,*,#12184,.F.);
#12184 = EDGE_CURVE('',#12185,#12157,#12187,.T.);
#12185 = VERTEX_POINT('',#12186);
#12186 = CARTESIAN_POINT('',(5.38,5.83,3.44));
#12187 = SURFACE_CURVE('',#12188,(#12192,#12199),.PCURVE_S1.);
#12188 = LINE('',#12189,#12190);
#12189 = CARTESIAN_POINT('',(5.33,5.83,3.44));
#12190 = VECTOR('',#12191,1.);
#12191 = DIRECTION('',(-1.,0.,0.));
#12192 = PCURVE('',#11770,#12193);
#12193 = DEFINITIONAL_REPRESENTATION('',(#12194),#12198);
#12194 = LINE('',#12195,#12196);
#12195 = CARTESIAN_POINT('',(10.88,10.38));
#12196 = VECTOR('',#12197,1.);
#12197 = DIRECTION('',(-1.,0.));
#12198 = ( GEOMETRIC_REPRESENTATION_CONTEXT(2) 
PARAMETRIC_REPRESENTATION_CONTEXT() REPRESENTATION_CONTEXT('2D SPACE',''
  ) );
#12199 = PCURVE('',#12200,#12205);
#12200 = PLANE('',#12201);
#12201 = AXIS2_PLACEMENT_3D('',#12202,#12203,#12204);
#12202 = CARTESIAN_POINT('',(5.33,5.805,3.465));
#12203 = DIRECTION('',(-1.405203111349E-19,-0.707106781187,
    -0.707106781187));
#12204 = DIRECTION('',(1.,-9.936286489792E-20,-9.936286489792E-20));
#12205 = DEFINITIONAL_REPRESENTATION('',(#12206),#12210);
#12206 = LINE('',#12207,#12208);
#12207 = CARTESIAN_POINT('',(1.714249448452E-38,-3.535533905933E-02));
#12208 = VECTOR('',#12209,1.);
#12209 = DIRECTION('',(-1.,4.090203188068E-37));
#12210 = ( GEOMETRIC_REPRESENTATION_CONTEXT(2) 
PARAMETRIC_REPRESENTATION_CONTEXT() REPRESENTATION_CONTEXT('2D SPACE',''
  ) );
#12211 = ORIENTED_EDGE('',*,*,#12212,.F.);
#12212 = EDGE_CURVE('',#12127,#12185,#12213,.T.);
#12213 = SURFACE_CURVE('',#12214,(#12218,#12225),.PCURVE_S1.);
#12214 = LINE('',#12215,#12216);
#12215 = CARTESIAN_POINT('',(5.38,-4.33,3.44));
#12216 = VECTOR('',#12217,1.);
#12217 = DIRECTION('',(0.,1.,0.));
#12218 = PCURVE('',#11770,#12219);
#12219 = DEFINITIONAL_REPRESENTATION('',(#12220),#12224);
#12220 = LINE('',#12221,#12222);
#12221 = CARTESIAN_POINT('',(10.93,0.22));
#12222 = VECTOR('',#12223,1.);
#12223 = DIRECTION('',(0.,1.));
#12224 = ( GEOMETRIC_REPRESENTATION_CONTEXT(2) 
PARAMETRIC_REPRESENTATION_CONTEXT() REPRESENTATION_CONTEXT('2D SPACE',''
  ) );
#12225 = PCURVE('',#12226,#12231);
#12226 = PLANE('',#12227);
#12227 = AXIS2_PLACEMENT_3D('',#12228,#12229,#12230);
#12228 = CARTESIAN_POINT('',(5.355,-4.33,3.465));
#12229 = DIRECTION('',(-0.707106781187,-1.405203111349E-19,
    -0.707106781187));
#12230 = DIRECTION('',(9.936286489792E-20,-1.,9.936286489792E-20));
#12231 = DEFINITIONAL_REPRESENTATION('',(#12232),#12236);
#12232 = LINE('',#12233,#12234);
#12233 = CARTESIAN_POINT('',(-4.428834151536E-35,-3.535533905933E-02));
#12234 = VECTOR('',#12235,1.);
#12235 = DIRECTION('',(-1.,-4.090203188068E-37));
#12236 = ( GEOMETRIC_REPRESENTATION_CONTEXT(2) 
PARAMETRIC_REPRESENTATION_CONTEXT() REPRESENTATION_CONTEXT('2D SPACE',''
  ) );
#12237 = ADVANCED_FACE('',(#12238),#11744,.F.);
#12238 = FACE_BOUND('',#12239,.T.);
#12239 = EDGE_LOOP('',(#12240,#12241,#12242,#12263));
#12240 = ORIENTED_EDGE('',*,*,#11728,.F.);
#12241 = ORIENTED_EDGE('',*,*,#11971,.T.);
#12242 = ORIENTED_EDGE('',*,*,#12243,.T.);
#12243 = EDGE_CURVE('',#11949,#12081,#12244,.T.);
#12244 = SURFACE_CURVE('',#12245,(#12249,#12256),.PCURVE_S1.);
#12245 = LINE('',#12246,#12247);
#12246 = CARTESIAN_POINT('',(1.925,2.375,-0.135));
#12247 = VECTOR('',#12248,1.);
#12248 = DIRECTION('',(-0.57735026919,-0.57735026919,-0.57735026919));
#12249 = PCURVE('',#11744,#12250);
#12250 = DEFINITIONAL_REPRESENTATION('',(#12251),#12255);
#12251 = LINE('',#12252,#12253);
#12252 = CARTESIAN_POINT('',(-7.475,5.091168824543));
#12253 = VECTOR('',#12254,1.);
#12254 = DIRECTION('',(0.57735026919,0.816496580928));
#12255 = ( GEOMETRIC_REPRESENTATION_CONTEXT(2) 
PARAMETRIC_REPRESENTATION_CONTEXT() REPRESENTATION_CONTEXT('2D SPACE',''
  ) );
#12256 = PCURVE('',#12012,#12257);
#12257 = DEFINITIONAL_REPRESENTATION('',(#12258),#12262);
#12258 = LINE('',#12259,#12260);
#12259 = CARTESIAN_POINT('',(-6.925,-5.091168824543));
#12260 = VECTOR('',#12261,1.);
#12261 = DIRECTION('',(0.57735026919,-0.816496580928));
#12262 = ( GEOMETRIC_REPRESENTATION_CONTEXT(2) 
PARAMETRIC_REPRESENTATION_CONTEXT() REPRESENTATION_CONTEXT('2D SPACE',''
  ) );
#12263 = ORIENTED_EDGE('',*,*,#12103,.F.);
#12264 = ADVANCED_FACE('',(#12265),#11851,.T.);
#12265 = FACE_BOUND('',#12266,.T.);
#12266 = EDGE_LOOP('',(#12267,#12290,#12313,#12334));
#12267 = ORIENTED_EDGE('',*,*,#12268,.F.);
#12268 = EDGE_CURVE('',#12269,#11834,#12271,.T.);
#12269 = VERTEX_POINT('',#12270);
#12270 = CARTESIAN_POINT('',(5.33,-4.33,3.49));
#12271 = SURFACE_CURVE('',#12272,(#12276,#12283),.PCURVE_S1.);
#12272 = LINE('',#12273,#12274);
#12273 = CARTESIAN_POINT('',(5.33,-4.33,2.44));
#12274 = VECTOR('',#12275,1.);
#12275 = DIRECTION('',(0.,0.,1.));
#12276 = PCURVE('',#11851,#12277);
#12277 = DEFINITIONAL_REPRESENTATION('',(#12278),#12282);
#12278 = LINE('',#12279,#12280);
#12279 = CARTESIAN_POINT('',(0.,10.66));
#12280 = VECTOR('',#12281,1.);
#12281 = DIRECTION('',(1.,0.));
#12282 = ( GEOMETRIC_REPRESENTATION_CONTEXT(2) 
PARAMETRIC_REPRESENTATION_CONTEXT() REPRESENTATION_CONTEXT('2D SPACE',''
  ) );
#12283 = PCURVE('',#11933,#12284);
#12284 = DEFINITIONAL_REPRESENTATION('',(#12285),#12289);
#12285 = LINE('',#12286,#12287);
#12286 = CARTESIAN_POINT('',(0.,0.));
#12287 = VECTOR('',#12288,1.);
#12288 = DIRECTION('',(1.,0.));
#12289 = ( GEOMETRIC_REPRESENTATION_CONTEXT(2) 
PARAMETRIC_REPRESENTATION_CONTEXT() REPRESENTATION_CONTEXT('2D SPACE',''
  ) );
#12290 = ORIENTED_EDGE('',*,*,#12291,.T.);
#12291 = EDGE_CURVE('',#12269,#12292,#12294,.T.);
#12292 = VERTEX_POINT('',#12293);
#12293 = CARTESIAN_POINT('',(-5.33,-4.33,3.49));
#12294 = SURFACE_CURVE('',#12295,(#12299,#12306),.PCURVE_S1.);
#12295 = LINE('',#12296,#12297);
#12296 = CARTESIAN_POINT('',(5.33,-4.33,3.49));
#12297 = VECTOR('',#12298,1.);
#12298 = DIRECTION('',(-1.,0.,0.));
#12299 = PCURVE('',#11851,#12300);
#12300 = DEFINITIONAL_REPRESENTATION('',(#12301),#12305);
#12301 = LINE('',#12302,#12303);
#12302 = CARTESIAN_POINT('',(1.05,10.66));
#12303 = VECTOR('',#12304,1.);
#12304 = DIRECTION('',(0.,-1.));
#12305 = ( GEOMETRIC_REPRESENTATION_CONTEXT(2) 
PARAMETRIC_REPRESENTATION_CONTEXT() REPRESENTATION_CONTEXT('2D SPACE',''
  ) );
#12306 = PCURVE('',#12144,#12307);
#12307 = DEFINITIONAL_REPRESENTATION('',(#12308),#12312);
#12308 = LINE('',#12309,#12310);
#12309 = CARTESIAN_POINT('',(-1.714249448452E-38,3.535533905933E-02));
#12310 = VECTOR('',#12311,1.);
#12311 = DIRECTION('',(-1.,4.090203188068E-37));
#12312 = ( GEOMETRIC_REPRESENTATION_CONTEXT(2) 
PARAMETRIC_REPRESENTATION_CONTEXT() REPRESENTATION_CONTEXT('2D SPACE',''
  ) );
#12313 = ORIENTED_EDGE('',*,*,#12314,.T.);
#12314 = EDGE_CURVE('',#12292,#11836,#12315,.T.);
#12315 = SURFACE_CURVE('',#12316,(#12320,#12327),.PCURVE_S1.);
#12316 = LINE('',#12317,#12318);
#12317 = CARTESIAN_POINT('',(-5.33,-4.33,2.44));
#12318 = VECTOR('',#12319,1.);
#12319 = DIRECTION('',(0.,0.,1.));
#12320 = PCURVE('',#11851,#12321);
#12321 = DEFINITIONAL_REPRESENTATION('',(#12322),#12326);
#12322 = LINE('',#12323,#12324);
#12323 = CARTESIAN_POINT('',(0.,0.));
#12324 = VECTOR('',#12325,1.);
#12325 = DIRECTION('',(1.,0.));
#12326 = ( GEOMETRIC_REPRESENTATION_CONTEXT(2) 
PARAMETRIC_REPRESENTATION_CONTEXT() REPRESENTATION_CONTEXT('2D SPACE',''
  ) );
#12327 = PCURVE('',#11879,#12328);
#12328 = DEFINITIONAL_REPRESENTATION('',(#12329),#12333);
#12329 = LINE('',#12330,#12331);
#12330 = CARTESIAN_POINT('',(0.,0.));
#12331 = VECTOR('',#12332,1.);
#12332 = DIRECTION('',(1.,0.));
#12333 = ( GEOMETRIC_REPRESENTATION_CONTEXT(2) 
PARAMETRIC_REPRESENTATION_CONTEXT() REPRESENTATION_CONTEXT('2D SPACE',''
  ) );
#12334 = ORIENTED_EDGE('',*,*,#11833,.F.);
#12335 = ADVANCED_FACE('',(#12336),#11933,.F.);
#12336 = FACE_BOUND('',#12337,.F.);
#12337 = EDGE_LOOP('',(#12338,#12339,#12362,#12383));
#12338 = ORIENTED_EDGE('',*,*,#12268,.F.);
#12339 = ORIENTED_EDGE('',*,*,#12340,.T.);
#12340 = EDGE_CURVE('',#12269,#12341,#12343,.T.);
#12341 = VERTEX_POINT('',#12342);
#12342 = CARTESIAN_POINT('',(5.33,5.78,3.49));
#12343 = SURFACE_CURVE('',#12344,(#12348,#12355),.PCURVE_S1.);
#12344 = LINE('',#12345,#12346);
#12345 = CARTESIAN_POINT('',(5.33,-4.33,3.49));
#12346 = VECTOR('',#12347,1.);
#12347 = DIRECTION('',(0.,1.,0.));
#12348 = PCURVE('',#11933,#12349);
#12349 = DEFINITIONAL_REPRESENTATION('',(#12350),#12354);
#12350 = LINE('',#12351,#12352);
#12351 = CARTESIAN_POINT('',(1.05,0.));
#12352 = VECTOR('',#12353,1.);
#12353 = DIRECTION('',(0.,-1.));
#12354 = ( GEOMETRIC_REPRESENTATION_CONTEXT(2) 
PARAMETRIC_REPRESENTATION_CONTEXT() REPRESENTATION_CONTEXT('2D SPACE',''
  ) );
#12355 = PCURVE('',#12226,#12356);
#12356 = DEFINITIONAL_REPRESENTATION('',(#12357),#12361);
#12357 = LINE('',#12358,#12359);
#12358 = CARTESIAN_POINT('',(1.714249448452E-38,3.535533905933E-02));
#12359 = VECTOR('',#12360,1.);
#12360 = DIRECTION('',(-1.,-4.090203188068E-37));
#12361 = ( GEOMETRIC_REPRESENTATION_CONTEXT(2) 
PARAMETRIC_REPRESENTATION_CONTEXT() REPRESENTATION_CONTEXT('2D SPACE',''
  ) );
#12362 = ORIENTED_EDGE('',*,*,#12363,.T.);
#12363 = EDGE_CURVE('',#12341,#11892,#12364,.T.);
#12364 = SURFACE_CURVE('',#12365,(#12369,#12376),.PCURVE_S1.);
#12365 = LINE('',#12366,#12367);
#12366 = CARTESIAN_POINT('',(5.33,5.78,2.44));
#12367 = VECTOR('',#12368,1.);
#12368 = DIRECTION('',(0.,0.,1.));
#12369 = PCURVE('',#11933,#12370);
#12370 = DEFINITIONAL_REPRESENTATION('',(#12371),#12375);
#12371 = LINE('',#12372,#12373);
#12372 = CARTESIAN_POINT('',(0.,-10.11));
#12373 = VECTOR('',#12374,1.);
#12374 = DIRECTION('',(1.,0.));
#12375 = ( GEOMETRIC_REPRESENTATION_CONTEXT(2) 
PARAMETRIC_REPRESENTATION_CONTEXT() REPRESENTATION_CONTEXT('2D SPACE',''
  ) );
#12376 = PCURVE('',#11907,#12377);
#12377 = DEFINITIONAL_REPRESENTATION('',(#12378),#12382);
#12378 = LINE('',#12379,#12380);
#12379 = CARTESIAN_POINT('',(0.,10.66));
#12380 = VECTOR('',#12381,1.);
#12381 = DIRECTION('',(1.,0.));
#12382 = ( GEOMETRIC_REPRESENTATION_CONTEXT(2) 
PARAMETRIC_REPRESENTATION_CONTEXT() REPRESENTATION_CONTEXT('2D SPACE',''
  ) );
#12383 = ORIENTED_EDGE('',*,*,#11919,.F.);
#12384 = ADVANCED_FACE('',(#12385),#11907,.F.);
#12385 = FACE_BOUND('',#12386,.F.);
#12386 = EDGE_LOOP('',(#12387,#12388,#12411,#12432));
#12387 = ORIENTED_EDGE('',*,*,#12363,.F.);
#12388 = ORIENTED_EDGE('',*,*,#12389,.T.);
#12389 = EDGE_CURVE('',#12341,#12390,#12392,.T.);
#12390 = VERTEX_POINT('',#12391);
#12391 = CARTESIAN_POINT('',(-5.33,5.78,3.49));
#12392 = SURFACE_CURVE('',#12393,(#12397,#12404),.PCURVE_S1.);
#12393 = LINE('',#12394,#12395);
#12394 = CARTESIAN_POINT('',(5.33,5.78,3.49));
#12395 = VECTOR('',#12396,1.);
#12396 = DIRECTION('',(-1.,0.,0.));
#12397 = PCURVE('',#11907,#12398);
#12398 = DEFINITIONAL_REPRESENTATION('',(#12399),#12403);
#12399 = LINE('',#12400,#12401);
#12400 = CARTESIAN_POINT('',(1.05,10.66));
#12401 = VECTOR('',#12402,1.);
#12402 = DIRECTION('',(0.,-1.));
#12403 = ( GEOMETRIC_REPRESENTATION_CONTEXT(2) 
PARAMETRIC_REPRESENTATION_CONTEXT() REPRESENTATION_CONTEXT('2D SPACE',''
  ) );
#12404 = PCURVE('',#12200,#12405);
#12405 = DEFINITIONAL_REPRESENTATION('',(#12406),#12410);
#12406 = LINE('',#12407,#12408);
#12407 = CARTESIAN_POINT('',(-1.714249448452E-38,3.535533905933E-02));
#12408 = VECTOR('',#12409,1.);
#12409 = DIRECTION('',(-1.,4.090203188068E-37));
#12410 = ( GEOMETRIC_REPRESENTATION_CONTEXT(2) 
PARAMETRIC_REPRESENTATION_CONTEXT() REPRESENTATION_CONTEXT('2D SPACE',''
  ) );
#12411 = ORIENTED_EDGE('',*,*,#12412,.T.);
#12412 = EDGE_CURVE('',#12390,#11864,#12413,.T.);
#12413 = SURFACE_CURVE('',#12414,(#12418,#12425),.PCURVE_S1.);
#12414 = LINE('',#12415,#12416);
#12415 = CARTESIAN_POINT('',(-5.33,5.78,2.44));
#12416 = VECTOR('',#12417,1.);
#12417 = DIRECTION('',(0.,0.,1.));
#12418 = PCURVE('',#11907,#12419);
#12419 = DEFINITIONAL_REPRESENTATION('',(#12420),#12424);
#12420 = LINE('',#12421,#12422);
#12421 = CARTESIAN_POINT('',(0.,0.));
#12422 = VECTOR('',#12423,1.);
#12423 = DIRECTION('',(1.,0.));
#12424 = ( GEOMETRIC_REPRESENTATION_CONTEXT(2) 
PARAMETRIC_REPRESENTATION_CONTEXT() REPRESENTATION_CONTEXT('2D SPACE',''
  ) );
#12425 = PCURVE('',#11879,#12426);
#12426 = DEFINITIONAL_REPRESENTATION('',(#12427),#12431);
#12427 = LINE('',#12428,#12429);
#12428 = CARTESIAN_POINT('',(0.,-10.11));
#12429 = VECTOR('',#12430,1.);
#12430 = DIRECTION('',(1.,0.));
#12431 = ( GEOMETRIC_REPRESENTATION_CONTEXT(2) 
PARAMETRIC_REPRESENTATION_CONTEXT() REPRESENTATION_CONTEXT('2D SPACE',''
  ) );
#12432 = ORIENTED_EDGE('',*,*,#11891,.F.);
#12433 = ADVANCED_FACE('',(#12434),#11879,.T.);
#12434 = FACE_BOUND('',#12435,.T.);
#12435 = EDGE_LOOP('',(#12436,#12437,#12458,#12459));
#12436 = ORIENTED_EDGE('',*,*,#12314,.F.);
#12437 = ORIENTED_EDGE('',*,*,#12438,.T.);
#12438 = EDGE_CURVE('',#12292,#12390,#12439,.T.);
#12439 = SURFACE_CURVE('',#12440,(#12444,#12451),.PCURVE_S1.);
#12440 = LINE('',#12441,#12442);
#12441 = CARTESIAN_POINT('',(-5.33,-4.33,3.49));
#12442 = VECTOR('',#12443,1.);
#12443 = DIRECTION('',(0.,1.,0.));
#12444 = PCURVE('',#11879,#12445);
#12445 = DEFINITIONAL_REPRESENTATION('',(#12446),#12450);
#12446 = LINE('',#12447,#12448);
#12447 = CARTESIAN_POINT('',(1.05,0.));
#12448 = VECTOR('',#12449,1.);
#12449 = DIRECTION('',(0.,-1.));
#12450 = ( GEOMETRIC_REPRESENTATION_CONTEXT(2) 
PARAMETRIC_REPRESENTATION_CONTEXT() REPRESENTATION_CONTEXT('2D SPACE',''
  ) );
#12451 = PCURVE('',#12172,#12452);
#12452 = DEFINITIONAL_REPRESENTATION('',(#12453),#12457);
#12453 = LINE('',#12454,#12455);
#12454 = CARTESIAN_POINT('',(1.714249448452E-38,3.535533905933E-02));
#12455 = VECTOR('',#12456,1.);
#12456 = DIRECTION('',(-1.,-4.090203188068E-37));
#12457 = ( GEOMETRIC_REPRESENTATION_CONTEXT(2) 
PARAMETRIC_REPRESENTATION_CONTEXT() REPRESENTATION_CONTEXT('2D SPACE',''
  ) );
#12458 = ORIENTED_EDGE('',*,*,#12412,.T.);
#12459 = ORIENTED_EDGE('',*,*,#11863,.F.);
#12460 = ADVANCED_FACE('',(#12461),#12012,.F.);
#12461 = FACE_BOUND('',#12462,.T.);
#12462 = EDGE_LOOP('',(#12463,#12464,#12465,#12466));
#12463 = ORIENTED_EDGE('',*,*,#12031,.T.);
#12464 = ORIENTED_EDGE('',*,*,#12080,.T.);
#12465 = ORIENTED_EDGE('',*,*,#12243,.F.);
#12466 = ORIENTED_EDGE('',*,*,#11998,.F.);
#12467 = ADVANCED_FACE('',(#12468),#12144,.F.);
#12468 = FACE_BOUND('',#12469,.T.);
#12469 = EDGE_LOOP('',(#12470,#12491,#12492,#12513));
#12470 = ORIENTED_EDGE('',*,*,#12471,.F.);
#12471 = EDGE_CURVE('',#12127,#12269,#12472,.T.);
#12472 = SURFACE_CURVE('',#12473,(#12477,#12484),.PCURVE_S1.);
#12473 = LINE('',#12474,#12475);
#12474 = CARTESIAN_POINT('',(5.346666666667,-4.346666666667,
    3.473333333333));
#12475 = VECTOR('',#12476,1.);
#12476 = DIRECTION('',(-0.57735026919,0.57735026919,0.57735026919));
#12477 = PCURVE('',#12144,#12478);
#12478 = DEFINITIONAL_REPRESENTATION('',(#12479),#12483);
#12479 = LINE('',#12480,#12481);
#12480 = CARTESIAN_POINT('',(1.666666666667E-02,1.178511301978E-02));
#12481 = VECTOR('',#12482,1.);
#12482 = DIRECTION('',(-0.57735026919,0.816496580928));
#12483 = ( GEOMETRIC_REPRESENTATION_CONTEXT(2) 
PARAMETRIC_REPRESENTATION_CONTEXT() REPRESENTATION_CONTEXT('2D SPACE',''
  ) );
#12484 = PCURVE('',#12226,#12485);
#12485 = DEFINITIONAL_REPRESENTATION('',(#12486),#12490);
#12486 = LINE('',#12487,#12488);
#12487 = CARTESIAN_POINT('',(1.666666666667E-02,1.178511301978E-02));
#12488 = VECTOR('',#12489,1.);
#12489 = DIRECTION('',(-0.57735026919,0.816496580928));
#12490 = ( GEOMETRIC_REPRESENTATION_CONTEXT(2) 
PARAMETRIC_REPRESENTATION_CONTEXT() REPRESENTATION_CONTEXT('2D SPACE',''
  ) );
#12491 = ORIENTED_EDGE('',*,*,#12126,.T.);
#12492 = ORIENTED_EDGE('',*,*,#12493,.T.);
#12493 = EDGE_CURVE('',#12129,#12292,#12494,.T.);
#12494 = SURFACE_CURVE('',#12495,(#12499,#12506),.PCURVE_S1.);
#12495 = LINE('',#12496,#12497);
#12496 = CARTESIAN_POINT('',(-3.57,-2.57,5.25));
#12497 = VECTOR('',#12498,1.);
#12498 = DIRECTION('',(0.57735026919,0.57735026919,0.57735026919));
#12499 = PCURVE('',#12144,#12500);
#12500 = DEFINITIONAL_REPRESENTATION('',(#12501),#12505);
#12501 = LINE('',#12502,#12503);
#12502 = CARTESIAN_POINT('',(-8.9,2.524371208836));
#12503 = VECTOR('',#12504,1.);
#12504 = DIRECTION('',(0.57735026919,0.816496580928));
#12505 = ( GEOMETRIC_REPRESENTATION_CONTEXT(2) 
PARAMETRIC_REPRESENTATION_CONTEXT() REPRESENTATION_CONTEXT('2D SPACE',''
  ) );
#12506 = PCURVE('',#12172,#12507);
#12507 = DEFINITIONAL_REPRESENTATION('',(#12508),#12512);
#12508 = LINE('',#12509,#12510);
#12509 = CARTESIAN_POINT('',(-1.76,2.524371208836));
#12510 = VECTOR('',#12511,1.);
#12511 = DIRECTION('',(-0.57735026919,0.816496580928));
#12512 = ( GEOMETRIC_REPRESENTATION_CONTEXT(2) 
PARAMETRIC_REPRESENTATION_CONTEXT() REPRESENTATION_CONTEXT('2D SPACE',''
  ) );
#12513 = ORIENTED_EDGE('',*,*,#12291,.F.);
#12514 = ADVANCED_FACE('',(#12515),#12226,.T.);
#12515 = FACE_BOUND('',#12516,.F.);
#12516 = EDGE_LOOP('',(#12517,#12518,#12519,#12540));
#12517 = ORIENTED_EDGE('',*,*,#12471,.F.);
#12518 = ORIENTED_EDGE('',*,*,#12212,.T.);
#12519 = ORIENTED_EDGE('',*,*,#12520,.T.);
#12520 = EDGE_CURVE('',#12185,#12341,#12521,.T.);
#12521 = SURFACE_CURVE('',#12522,(#12526,#12533),.PCURVE_S1.);
#12522 = LINE('',#12523,#12524);
#12523 = CARTESIAN_POINT('',(3.661666666667,4.111666666667,
    5.158333333333));
#12524 = VECTOR('',#12525,1.);
#12525 = DIRECTION('',(-0.57735026919,-0.57735026919,0.57735026919));
#12526 = PCURVE('',#12226,#12527);
#12527 = DEFINITIONAL_REPRESENTATION('',(#12528),#12532);
#12528 = LINE('',#12529,#12530);
#12529 = CARTESIAN_POINT('',(-8.441666666667,2.394734965618));
#12530 = VECTOR('',#12531,1.);
#12531 = DIRECTION('',(0.57735026919,0.816496580928));
#12532 = ( GEOMETRIC_REPRESENTATION_CONTEXT(2) 
PARAMETRIC_REPRESENTATION_CONTEXT() REPRESENTATION_CONTEXT('2D SPACE',''
  ) );
#12533 = PCURVE('',#12200,#12534);
#12534 = DEFINITIONAL_REPRESENTATION('',(#12535),#12539);
#12535 = LINE('',#12536,#12537);
#12536 = CARTESIAN_POINT('',(-1.668333333333,2.394734965618));
#12537 = VECTOR('',#12538,1.);
#12538 = DIRECTION('',(-0.57735026919,0.816496580928));
#12539 = ( GEOMETRIC_REPRESENTATION_CONTEXT(2) 
PARAMETRIC_REPRESENTATION_CONTEXT() REPRESENTATION_CONTEXT('2D SPACE',''
  ) );
#12540 = ORIENTED_EDGE('',*,*,#12340,.F.);
#12541 = ADVANCED_FACE('',(#12542),#12172,.F.);
#12542 = FACE_BOUND('',#12543,.T.);
#12543 = EDGE_LOOP('',(#12544,#12545,#12546,#12567));
#12544 = ORIENTED_EDGE('',*,*,#12493,.F.);
#12545 = ORIENTED_EDGE('',*,*,#12156,.T.);
#12546 = ORIENTED_EDGE('',*,*,#12547,.T.);
#12547 = EDGE_CURVE('',#12157,#12390,#12548,.T.);
#12548 = SURFACE_CURVE('',#12549,(#12553,#12560),.PCURVE_S1.);
#12549 = LINE('',#12550,#12551);
#12550 = CARTESIAN_POINT('',(-1.885,2.335,6.935));
#12551 = VECTOR('',#12552,1.);
#12552 = DIRECTION('',(0.57735026919,-0.57735026919,0.57735026919));
#12553 = PCURVE('',#12172,#12554);
#12554 = DEFINITIONAL_REPRESENTATION('',(#12555),#12559);
#12555 = LINE('',#12556,#12557);
#12556 = CARTESIAN_POINT('',(-6.665,4.907321061435));
#12557 = VECTOR('',#12558,1.);
#12558 = DIRECTION('',(0.57735026919,0.816496580928));
#12559 = ( GEOMETRIC_REPRESENTATION_CONTEXT(2) 
PARAMETRIC_REPRESENTATION_CONTEXT() REPRESENTATION_CONTEXT('2D SPACE',''
  ) );
#12560 = PCURVE('',#12200,#12561);
#12561 = DEFINITIONAL_REPRESENTATION('',(#12562),#12566);
#12562 = LINE('',#12563,#12564);
#12563 = CARTESIAN_POINT('',(-7.215,4.907321061435));
#12564 = VECTOR('',#12565,1.);
#12565 = DIRECTION('',(0.57735026919,0.816496580928));
#12566 = ( GEOMETRIC_REPRESENTATION_CONTEXT(2) 
PARAMETRIC_REPRESENTATION_CONTEXT() REPRESENTATION_CONTEXT('2D SPACE',''
  ) );
#12567 = ORIENTED_EDGE('',*,*,#12438,.F.);
#12568 = ADVANCED_FACE('',(#12569),#12200,.T.);
#12569 = FACE_BOUND('',#12570,.F.);
#12570 = EDGE_LOOP('',(#12571,#12572,#12573,#12574));
#12571 = ORIENTED_EDGE('',*,*,#12520,.F.);
#12572 = ORIENTED_EDGE('',*,*,#12184,.T.);
#12573 = ORIENTED_EDGE('',*,*,#12547,.T.);
#12574 = ORIENTED_EDGE('',*,*,#12389,.F.);
#12575 = ( GEOMETRIC_REPRESENTATION_CONTEXT(3) 
GLOBAL_UNCERTAINTY_ASSIGNED_CONTEXT((#12579)) 
GLOBAL_UNIT_ASSIGNED_CONTEXT((#12576,#12577,#12578)) 
REPRESENTATION_CONTEXT('Context #1',
  '3D Context with UNIT and UNCERTAINTY') );
#12576 = ( LENGTH_UNIT() NAMED_UNIT(*) SI_UNIT(.MILLI.,.METRE.) );
#12577 = ( NAMED_UNIT(*) PLANE_ANGLE_UNIT() SI_UNIT($,.RADIAN.) );
#12578 = ( NAMED_UNIT(*) SI_UNIT($,.STERADIAN.) SOLID_ANGLE_UNIT() );
#12579 = UNCERTAINTY_MEASURE_WITH_UNIT(LENGTH_MEASURE(5.E-05),#12576,
  'distance_accuracy_value','confusion accuracy');
#12580 = CONTEXT_DEPENDENT_SHAPE_REPRESENTATION(#12581,#12583);
#12581 = ( REPRESENTATION_RELATIONSHIP('','',#11496,#10) 
REPRESENTATION_RELATIONSHIP_WITH_TRANSFORMATION(#12582) 
SHAPE_REPRESENTATION_RELATIONSHIP() );
#12582 = ITEM_DEFINED_TRANSFORMATION('','',#11,#67);
#12583 = PRODUCT_DEFINITION_SHAPE('Placement','Placement of an item',
  #12584);
#12584 = NEXT_ASSEMBLY_USAGE_OCCURRENCE('206','trim_9','',#5,#11491,$);
#12585 = PRODUCT_RELATED_PRODUCT_CATEGORY('part',$,(#11493));
#12586 = SHAPE_DEFINITION_REPRESENTATION(#12587,#12593);
#12587 = PRODUCT_DEFINITION_SHAPE('','',#12588);
#12588 = PRODUCT_DEFINITION('design','',#12589,#12592);
#12589 = PRODUCT_DEFINITION_FORMATION('','',#12590);
#12590 = PRODUCT('roof_0','roof_0','',(#12591));
#12591 = PRODUCT_CONTEXT('',#2,'mechanical');
#12592 = PRODUCT_DEFINITION_CONTEXT('part definition',#2,'design');
#12593 = ADVANCED_BREP_SHAPE_REPRESENTATION('',(#11,#12594),#12916);
#12594 = MANIFOLD_SOLID_BREP('',#12595);
#12595 = CLOSED_SHELL('',(#12596,#12713,#12787,#12856,#12902,#12909));
#12596 = ADVANCED_FACE('',(#12597),#12611,.T.);
#12597 = FACE_BOUND('',#12598,.T.);
#12598 = EDGE_LOOP('',(#12599,#12634,#12661,#12688));
#12599 = ORIENTED_EDGE('',*,*,#12600,.T.);
#12600 = EDGE_CURVE('',#12601,#12603,#12605,.T.);
#12601 = VERTEX_POINT('',#12602);
#12602 = CARTESIAN_POINT('',(-5.55,-4.55,3.6));
#12603 = VERTEX_POINT('',#12604);
#12604 = CARTESIAN_POINT('',(5.55,-4.55,3.6));
#12605 = SURFACE_CURVE('',#12606,(#12610,#12622),.PCURVE_S1.);
#12606 = LINE('',#12607,#12608);
#12607 = CARTESIAN_POINT('',(-5.55,-4.55,3.6));
#12608 = VECTOR('',#12609,1.);
#12609 = DIRECTION('',(1.,0.,0.));
#12610 = PCURVE('',#12611,#12616);
#12611 = B_SPLINE_SURFACE_WITH_KNOTS('',1,1,(
    (#12612,#12613)
    ,(#12614,#12615
    )),.UNSPECIFIED.,.F.,.F.,.F.,(2,2),(2,2),(0.,11.1),(0.,1.),
  .PIECEWISE_BEZIER_KNOTS.);
#12612 = CARTESIAN_POINT('',(-5.55,-4.55,3.6));
#12613 = CARTESIAN_POINT('',(-0.275,0.7245,5.3));
#12614 = CARTESIAN_POINT('',(5.55,-4.55,3.6));
#12615 = CARTESIAN_POINT('',(0.275,0.7245,5.3));
#12616 = DEFINITIONAL_REPRESENTATION('',(#12617),#12621);
#12617 = LINE('',#12618,#12619);
#12618 = CARTESIAN_POINT('',(0.,0.));
#12619 = VECTOR('',#12620,1.);
#12620 = DIRECTION('',(1.,0.));
#12621 = ( GEOMETRIC_REPRESENTATION_CONTEXT(2) 
PARAMETRIC_REPRESENTATION_CONTEXT() REPRESENTATION_CONTEXT('2D SPACE',''
  ) );
#12622 = PCURVE('',#12623,#12628);
#12623 = PLANE('',#12624);
#12624 = AXIS2_PLACEMENT_3D('',#12625,#12626,#12627);
#12625 = CARTESIAN_POINT('',(-5.55,-4.55,3.6));
#12626 = DIRECTION('',(0.,0.,-1.));
#12627 = DIRECTION('',(0.724836376368,0.688921060422,0.));
#12628 = DEFINITIONAL_REPRESENTATION('',(#12629),#12633);
#12629 = LINE('',#12630,#12631);
#12630 = CARTESIAN_POINT('',(0.,0.));
#12631 = VECTOR('',#12632,1.);
#12632 = DIRECTION('',(0.724836376368,0.688921060422));
#12633 = ( GEOMETRIC_REPRESENTATION_CONTEXT(2) 
PARAMETRIC_REPRESENTATION_CONTEXT() REPRESENTATION_CONTEXT('2D SPACE',''
  ) );
#12634 = ORIENTED_EDGE('',*,*,#12635,.T.);
#12635 = EDGE_CURVE('',#12603,#12636,#12638,.T.);
#12636 = VERTEX_POINT('',#12637);
#12637 = CARTESIAN_POINT('',(0.275,0.7245,5.3));
#12638 = SURFACE_CURVE('',#12639,(#12642,#12649),.PCURVE_S1.);
#12639 = B_SPLINE_CURVE_WITH_KNOTS('',1,(#12640,#12641),.UNSPECIFIED.,
  .F.,.F.,(2,2),(0.,1.),.PIECEWISE_BEZIER_KNOTS.);
#12640 = CARTESIAN_POINT('',(5.55,-4.55,3.6));
#12641 = CARTESIAN_POINT('',(0.275,0.7245,5.3));
#12642 = PCURVE('',#12611,#12643);
#12643 = DEFINITIONAL_REPRESENTATION('',(#12644),#12648);
#12644 = LINE('',#12645,#12646);
#12645 = CARTESIAN_POINT('',(11.1,0.));
#12646 = VECTOR('',#12647,1.);
#12647 = DIRECTION('',(0.,1.));
#12648 = ( GEOMETRIC_REPRESENTATION_CONTEXT(2) 
PARAMETRIC_REPRESENTATION_CONTEXT() REPRESENTATION_CONTEXT('2D SPACE',''
  ) );
#12649 = PCURVE('',#12650,#12655);
#12650 = B_SPLINE_SURFACE_WITH_KNOTS('',1,1,(
    (#12651,#12652)
    ,(#12653,#12654
    )),.UNSPECIFIED.,.F.,.F.,.F.,(2,2),(2,2),(0.,10.55),(0.,1.),
  .PIECEWISE_BEZIER_KNOTS.);
#12651 = CARTESIAN_POINT('',(5.55,-4.55,3.6));
#12652 = CARTESIAN_POINT('',(0.275,0.7245,5.3));
#12653 = CARTESIAN_POINT('',(5.55,6.,3.6));
#12654 = CARTESIAN_POINT('',(0.275,0.7255,5.3));
#12655 = DEFINITIONAL_REPRESENTATION('',(#12656),#12660);
#12656 = LINE('',#12657,#12658);
#12657 = CARTESIAN_POINT('',(0.,0.));
#12658 = VECTOR('',#12659,1.);
#12659 = DIRECTION('',(0.,1.));
#12660 = ( GEOMETRIC_REPRESENTATION_CONTEXT(2) 
PARAMETRIC_REPRESENTATION_CONTEXT() REPRESENTATION_CONTEXT('2D SPACE',''
  ) );
#12661 = ORIENTED_EDGE('',*,*,#12662,.F.);
#12662 = EDGE_CURVE('',#12663,#12636,#12665,.T.);
#12663 = VERTEX_POINT('',#12664);
#12664 = CARTESIAN_POINT('',(-0.275,0.7245,5.3));
#12665 = SURFACE_CURVE('',#12666,(#12670,#12676),.PCURVE_S1.);
#12666 = LINE('',#12667,#12668);
#12667 = CARTESIAN_POINT('',(-0.275,0.7245,5.3));
#12668 = VECTOR('',#12669,1.);
#12669 = DIRECTION('',(1.,0.,0.));
#12670 = PCURVE('',#12611,#12671);
#12671 = DEFINITIONAL_REPRESENTATION('',(#12672),#12675);
#12672 = B_SPLINE_CURVE_WITH_KNOTS('',1,(#12673,#12674),.UNSPECIFIED.,
  .F.,.F.,(2,2),(0.,0.55),.PIECEWISE_BEZIER_KNOTS.);
#12673 = CARTESIAN_POINT('',(0.,1.));
#12674 = CARTESIAN_POINT('',(11.1,1.));
#12675 = ( GEOMETRIC_REPRESENTATION_CONTEXT(2) 
PARAMETRIC_REPRESENTATION_CONTEXT() REPRESENTATION_CONTEXT('2D SPACE',''
  ) );
#12676 = PCURVE('',#12677,#12682);
#12677 = PLANE('',#12678);
#12678 = AXIS2_PLACEMENT_3D('',#12679,#12680,#12681);
#12679 = CARTESIAN_POINT('',(-0.275,0.7245,5.3));
#12680 = DIRECTION('',(0.,0.,-1.));
#12681 = DIRECTION('',(0.999998347112,1.81817881293E-03,0.));
#12682 = DEFINITIONAL_REPRESENTATION('',(#12683),#12687);
#12683 = LINE('',#12684,#12685);
#12684 = CARTESIAN_POINT('',(0.,0.));
#12685 = VECTOR('',#12686,1.);
#12686 = DIRECTION('',(0.999998347112,1.81817881293E-03));
#12687 = ( GEOMETRIC_REPRESENTATION_CONTEXT(2) 
PARAMETRIC_REPRESENTATION_CONTEXT() REPRESENTATION_CONTEXT('2D SPACE',''
  ) );
#12688 = ORIENTED_EDGE('',*,*,#12689,.F.);
#12689 = EDGE_CURVE('',#12601,#12663,#12690,.T.);
#12690 = SURFACE_CURVE('',#12691,(#12694,#12701),.PCURVE_S1.);
#12691 = B_SPLINE_CURVE_WITH_KNOTS('',1,(#12692,#12693),.UNSPECIFIED.,
  .F.,.F.,(2,2),(0.,1.),.PIECEWISE_BEZIER_KNOTS.);
#12692 = CARTESIAN_POINT('',(-5.55,-4.55,3.6));
#12693 = CARTESIAN_POINT('',(-0.275,0.7245,5.3));
#12694 = PCURVE('',#12611,#12695);
#12695 = DEFINITIONAL_REPRESENTATION('',(#12696),#12700);
#12696 = LINE('',#12697,#12698);
#12697 = CARTESIAN_POINT('',(0.,0.));
#12698 = VECTOR('',#12699,1.);
#12699 = DIRECTION('',(0.,1.));
#12700 = ( GEOMETRIC_REPRESENTATION_CONTEXT(2) 
PARAMETRIC_REPRESENTATION_CONTEXT() REPRESENTATION_CONTEXT('2D SPACE',''
  ) );
#12701 = PCURVE('',#12702,#12707);
#12702 = B_SPLINE_SURFACE_WITH_KNOTS('',1,1,(
    (#12703,#12704)
    ,(#12705,#12706
    )),.UNSPECIFIED.,.F.,.F.,.F.,(2,2),(2,2),(0.,10.55),(0.,1.),
  .PIECEWISE_BEZIER_KNOTS.);
#12703 = CARTESIAN_POINT('',(-5.55,6.,3.6));
#12704 = CARTESIAN_POINT('',(-0.275,0.7255,5.3));
#12705 = CARTESIAN_POINT('',(-5.55,-4.55,3.6));
#12706 = CARTESIAN_POINT('',(-0.275,0.7245,5.3));
#12707 = DEFINITIONAL_REPRESENTATION('',(#12708),#12712);
#12708 = LINE('',#12709,#12710);
#12709 = CARTESIAN_POINT('',(10.55,0.));
#12710 = VECTOR('',#12711,1.);
#12711 = DIRECTION('',(0.,1.));
#12712 = ( GEOMETRIC_REPRESENTATION_CONTEXT(2) 
PARAMETRIC_REPRESENTATION_CONTEXT() REPRESENTATION_CONTEXT('2D SPACE',''
  ) );
#12713 = ADVANCED_FACE('',(#12714),#12650,.T.);
#12714 = FACE_BOUND('',#12715,.T.);
#12715 = EDGE_LOOP('',(#12716,#12739,#12766,#12786));
#12716 = ORIENTED_EDGE('',*,*,#12717,.T.);
#12717 = EDGE_CURVE('',#12603,#12718,#12720,.T.);
#12718 = VERTEX_POINT('',#12719);
#12719 = CARTESIAN_POINT('',(5.55,6.,3.6));
#12720 = SURFACE_CURVE('',#12721,(#12725,#12732),.PCURVE_S1.);
#12721 = LINE('',#12722,#12723);
#12722 = CARTESIAN_POINT('',(5.55,-4.55,3.6));
#12723 = VECTOR('',#12724,1.);
#12724 = DIRECTION('',(0.,1.,0.));
#12725 = PCURVE('',#12650,#12726);
#12726 = DEFINITIONAL_REPRESENTATION('',(#12727),#12731);
#12727 = LINE('',#12728,#12729);
#12728 = CARTESIAN_POINT('',(0.,0.));
#12729 = VECTOR('',#12730,1.);
#12730 = DIRECTION('',(1.,0.));
#12731 = ( GEOMETRIC_REPRESENTATION_CONTEXT(2) 
PARAMETRIC_REPRESENTATION_CONTEXT() REPRESENTATION_CONTEXT('2D SPACE',''
  ) );
#12732 = PCURVE('',#12623,#12733);
#12733 = DEFINITIONAL_REPRESENTATION('',(#12734),#12738);
#12734 = LINE('',#12735,#12736);
#12735 = CARTESIAN_POINT('',(8.045683777689,7.647023770686));
#12736 = VECTOR('',#12737,1.);
#12737 = DIRECTION('',(0.688921060422,-0.724836376368));
#12738 = ( GEOMETRIC_REPRESENTATION_CONTEXT(2) 
PARAMETRIC_REPRESENTATION_CONTEXT() REPRESENTATION_CONTEXT('2D SPACE',''
  ) );
#12739 = ORIENTED_EDGE('',*,*,#12740,.T.);
#12740 = EDGE_CURVE('',#12718,#12741,#12743,.T.);
#12741 = VERTEX_POINT('',#12742);
#12742 = CARTESIAN_POINT('',(0.275,0.7255,5.3));
#12743 = SURFACE_CURVE('',#12744,(#12747,#12754),.PCURVE_S1.);
#12744 = B_SPLINE_CURVE_WITH_KNOTS('',1,(#12745,#12746),.UNSPECIFIED.,
  .F.,.F.,(2,2),(0.,1.),.PIECEWISE_BEZIER_KNOTS.);
#12745 = CARTESIAN_POINT('',(5.55,6.,3.6));
#12746 = CARTESIAN_POINT('',(0.275,0.7255,5.3));
#12747 = PCURVE('',#12650,#12748);
#12748 = DEFINITIONAL_REPRESENTATION('',(#12749),#12753);
#12749 = LINE('',#12750,#12751);
#12750 = CARTESIAN_POINT('',(10.55,0.));
#12751 = VECTOR('',#12752,1.);
#12752 = DIRECTION('',(0.,1.));
#12753 = ( GEOMETRIC_REPRESENTATION_CONTEXT(2) 
PARAMETRIC_REPRESENTATION_CONTEXT() REPRESENTATION_CONTEXT('2D SPACE',''
  ) );
#12754 = PCURVE('',#12755,#12760);
#12755 = B_SPLINE_SURFACE_WITH_KNOTS('',1,1,(
    (#12756,#12757)
    ,(#12758,#12759
    )),.UNSPECIFIED.,.F.,.F.,.F.,(2,2),(2,2),(0.,11.1),(0.,1.),
  .PIECEWISE_BEZIER_KNOTS.);
#12756 = CARTESIAN_POINT('',(5.55,6.,3.6));
#12757 = CARTESIAN_POINT('',(0.275,0.7255,5.3));
#12758 = CARTESIAN_POINT('',(-5.55,6.,3.6));
#12759 = CARTESIAN_POINT('',(-0.275,0.7255,5.3));
#12760 = DEFINITIONAL_REPRESENTATION('',(#12761),#12765);
#12761 = LINE('',#12762,#12763);
#12762 = CARTESIAN_POINT('',(0.,0.));
#12763 = VECTOR('',#12764,1.);
#12764 = DIRECTION('',(0.,1.));
#12765 = ( GEOMETRIC_REPRESENTATION_CONTEXT(2) 
PARAMETRIC_REPRESENTATION_CONTEXT() REPRESENTATION_CONTEXT('2D SPACE',''
  ) );
#12766 = ORIENTED_EDGE('',*,*,#12767,.F.);
#12767 = EDGE_CURVE('',#12636,#12741,#12768,.T.);
#12768 = SURFACE_CURVE('',#12769,(#12773,#12779),.PCURVE_S1.);
#12769 = LINE('',#12770,#12771);
#12770 = CARTESIAN_POINT('',(0.275,0.7245,5.3));
#12771 = VECTOR('',#12772,1.);
#12772 = DIRECTION('',(0.,1.,0.));
#12773 = PCURVE('',#12650,#12774);
#12774 = DEFINITIONAL_REPRESENTATION('',(#12775),#12778);
#12775 = B_SPLINE_CURVE_WITH_KNOTS('',1,(#12776,#12777),.UNSPECIFIED.,
  .F.,.F.,(2,2),(0.,1.E-03),.PIECEWISE_BEZIER_KNOTS.);
#12776 = CARTESIAN_POINT('',(0.,1.));
#12777 = CARTESIAN_POINT('',(10.55,1.));
#12778 = ( GEOMETRIC_REPRESENTATION_CONTEXT(2) 
PARAMETRIC_REPRESENTATION_CONTEXT() REPRESENTATION_CONTEXT('2D SPACE',''
  ) );
#12779 = PCURVE('',#12677,#12780);
#12780 = DEFINITIONAL_REPRESENTATION('',(#12781),#12785);
#12781 = LINE('',#12782,#12783);
#12782 = CARTESIAN_POINT('',(0.549999090911,9.999983471115E-04));
#12783 = VECTOR('',#12784,1.);
#12784 = DIRECTION('',(1.81817881293E-03,-0.999998347112));
#12785 = ( GEOMETRIC_REPRESENTATION_CONTEXT(2) 
PARAMETRIC_REPRESENTATION_CONTEXT() REPRESENTATION_CONTEXT('2D SPACE',''
  ) );
#12786 = ORIENTED_EDGE('',*,*,#12635,.F.);
#12787 = ADVANCED_FACE('',(#12788),#12755,.T.);
#12788 = FACE_BOUND('',#12789,.T.);
#12789 = EDGE_LOOP('',(#12790,#12813,#12835,#12855));
#12790 = ORIENTED_EDGE('',*,*,#12791,.T.);
#12791 = EDGE_CURVE('',#12718,#12792,#12794,.T.);
#12792 = VERTEX_POINT('',#12793);
#12793 = CARTESIAN_POINT('',(-5.55,6.,3.6));
#12794 = SURFACE_CURVE('',#12795,(#12799,#12806),.PCURVE_S1.);
#12795 = LINE('',#12796,#12797);
#12796 = CARTESIAN_POINT('',(5.55,6.,3.6));
#12797 = VECTOR('',#12798,1.);
#12798 = DIRECTION('',(-1.,0.,0.));
#12799 = PCURVE('',#12755,#12800);
#12800 = DEFINITIONAL_REPRESENTATION('',(#12801),#12805);
#12801 = LINE('',#12802,#12803);
#12802 = CARTESIAN_POINT('',(0.,0.));
#12803 = VECTOR('',#12804,1.);
#12804 = DIRECTION('',(1.,0.));
#12805 = ( GEOMETRIC_REPRESENTATION_CONTEXT(2) 
PARAMETRIC_REPRESENTATION_CONTEXT() REPRESENTATION_CONTEXT('2D SPACE',''
  ) );
#12806 = PCURVE('',#12623,#12807);
#12807 = DEFINITIONAL_REPRESENTATION('',(#12808),#12812);
#12808 = LINE('',#12809,#12810);
#12809 = CARTESIAN_POINT('',(15.313800965143,-4.445940719301E-16));
#12810 = VECTOR('',#12811,1.);
#12811 = DIRECTION('',(-0.724836376368,-0.688921060422));
#12812 = ( GEOMETRIC_REPRESENTATION_CONTEXT(2) 
PARAMETRIC_REPRESENTATION_CONTEXT() REPRESENTATION_CONTEXT('2D SPACE',''
  ) );
#12813 = ORIENTED_EDGE('',*,*,#12814,.T.);
#12814 = EDGE_CURVE('',#12792,#12815,#12817,.T.);
#12815 = VERTEX_POINT('',#12816);
#12816 = CARTESIAN_POINT('',(-0.275,0.7255,5.3));
#12817 = SURFACE_CURVE('',#12818,(#12821,#12828),.PCURVE_S1.);
#12818 = B_SPLINE_CURVE_WITH_KNOTS('',1,(#12819,#12820),.UNSPECIFIED.,
  .F.,.F.,(2,2),(0.,1.),.PIECEWISE_BEZIER_KNOTS.);
#12819 = CARTESIAN_POINT('',(-5.55,6.,3.6));
#12820 = CARTESIAN_POINT('',(-0.275,0.7255,5.3));
#12821 = PCURVE('',#12755,#12822);
#12822 = DEFINITIONAL_REPRESENTATION('',(#12823),#12827);
#12823 = LINE('',#12824,#12825);
#12824 = CARTESIAN_POINT('',(11.1,0.));
#12825 = VECTOR('',#12826,1.);
#12826 = DIRECTION('',(0.,1.));
#12827 = ( GEOMETRIC_REPRESENTATION_CONTEXT(2) 
PARAMETRIC_REPRESENTATION_CONTEXT() REPRESENTATION_CONTEXT('2D SPACE',''
  ) );
#12828 = PCURVE('',#12702,#12829);
#12829 = DEFINITIONAL_REPRESENTATION('',(#12830),#12834);
#12830 = LINE('',#12831,#12832);
#12831 = CARTESIAN_POINT('',(0.,0.));
#12832 = VECTOR('',#12833,1.);
#12833 = DIRECTION('',(0.,1.));
#12834 = ( GEOMETRIC_REPRESENTATION_CONTEXT(2) 
PARAMETRIC_REPRESENTATION_CONTEXT() REPRESENTATION_CONTEXT('2D SPACE',''
  ) );
#12835 = ORIENTED_EDGE('',*,*,#12836,.F.);
#12836 = EDGE_CURVE('',#12741,#12815,#12837,.T.);
#12837 = SURFACE_CURVE('',#12838,(#12842,#12848),.PCURVE_S1.);
#12838 = LINE('',#12839,#12840);
#12839 = CARTESIAN_POINT('',(0.275,0.7255,5.3));
#12840 = VECTOR('',#12841,1.);
#12841 = DIRECTION('',(-1.,0.,0.));
#12842 = PCURVE('',#12755,#12843);
#12843 = DEFINITIONAL_REPRESENTATION('',(#12844),#12847);
#12844 = B_SPLINE_CURVE_WITH_KNOTS('',1,(#12845,#12846),.UNSPECIFIED.,
  .F.,.F.,(2,2),(0.,0.55),.PIECEWISE_BEZIER_KNOTS.);
#12845 = CARTESIAN_POINT('',(0.,1.));
#12846 = CARTESIAN_POINT('',(11.1,1.));
#12847 = ( GEOMETRIC_REPRESENTATION_CONTEXT(2) 
PARAMETRIC_REPRESENTATION_CONTEXT() REPRESENTATION_CONTEXT('2D SPACE',''
  ) );
#12848 = PCURVE('',#12677,#12849);
#12849 = DEFINITIONAL_REPRESENTATION('',(#12850),#12854);
#12850 = LINE('',#12851,#12852);
#12851 = CARTESIAN_POINT('',(0.55000090909,1.101789119828E-16));
#12852 = VECTOR('',#12853,1.);
#12853 = DIRECTION('',(-0.999998347112,-1.81817881293E-03));
#12854 = ( GEOMETRIC_REPRESENTATION_CONTEXT(2) 
PARAMETRIC_REPRESENTATION_CONTEXT() REPRESENTATION_CONTEXT('2D SPACE',''
  ) );
#12855 = ORIENTED_EDGE('',*,*,#12740,.F.);
#12856 = ADVANCED_FACE('',(#12857),#12702,.T.);
#12857 = FACE_BOUND('',#12858,.T.);
#12858 = EDGE_LOOP('',(#12859,#12880,#12881,#12901));
#12859 = ORIENTED_EDGE('',*,*,#12860,.T.);
#12860 = EDGE_CURVE('',#12792,#12601,#12861,.T.);
#12861 = SURFACE_CURVE('',#12862,(#12866,#12873),.PCURVE_S1.);
#12862 = LINE('',#12863,#12864);
#12863 = CARTESIAN_POINT('',(-5.55,6.,3.6));
#12864 = VECTOR('',#12865,1.);
#12865 = DIRECTION('',(0.,-1.,0.));
#12866 = PCURVE('',#12702,#12867);
#12867 = DEFINITIONAL_REPRESENTATION('',(#12868),#12872);
#12868 = LINE('',#12869,#12870);
#12869 = CARTESIAN_POINT('',(0.,0.));
#12870 = VECTOR('',#12871,1.);
#12871 = DIRECTION('',(1.,0.));
#12872 = ( GEOMETRIC_REPRESENTATION_CONTEXT(2) 
PARAMETRIC_REPRESENTATION_CONTEXT() REPRESENTATION_CONTEXT('2D SPACE',''
  ) );
#12873 = PCURVE('',#12623,#12874);
#12874 = DEFINITIONAL_REPRESENTATION('',(#12875),#12879);
#12875 = LINE('',#12876,#12877);
#12876 = CARTESIAN_POINT('',(7.268117187454,-7.647023770686));
#12877 = VECTOR('',#12878,1.);
#12878 = DIRECTION('',(-0.688921060422,0.724836376368));
#12879 = ( GEOMETRIC_REPRESENTATION_CONTEXT(2) 
PARAMETRIC_REPRESENTATION_CONTEXT() REPRESENTATION_CONTEXT('2D SPACE',''
  ) );
#12880 = ORIENTED_EDGE('',*,*,#12689,.T.);
#12881 = ORIENTED_EDGE('',*,*,#12882,.F.);
#12882 = EDGE_CURVE('',#12815,#12663,#12883,.T.);
#12883 = SURFACE_CURVE('',#12884,(#12888,#12894),.PCURVE_S1.);
#12884 = LINE('',#12885,#12886);
#12885 = CARTESIAN_POINT('',(-0.275,0.7255,5.3));
#12886 = VECTOR('',#12887,1.);
#12887 = DIRECTION('',(0.,-1.,0.));
#12888 = PCURVE('',#12702,#12889);
#12889 = DEFINITIONAL_REPRESENTATION('',(#12890),#12893);
#12890 = B_SPLINE_CURVE_WITH_KNOTS('',1,(#12891,#12892),.UNSPECIFIED.,
  .F.,.F.,(2,2),(0.,1.E-03),.PIECEWISE_BEZIER_KNOTS.);
#12891 = CARTESIAN_POINT('',(0.,1.));
#12892 = CARTESIAN_POINT('',(10.55,1.));
#12893 = ( GEOMETRIC_REPRESENTATION_CONTEXT(2) 
PARAMETRIC_REPRESENTATION_CONTEXT() REPRESENTATION_CONTEXT('2D SPACE',''
  ) );
#12894 = PCURVE('',#12677,#12895);
#12895 = DEFINITIONAL_REPRESENTATION('',(#12896),#12900);
#12896 = LINE('',#12897,#12898);
#12897 = CARTESIAN_POINT('',(1.81817881293E-06,-9.999983471114E-04));
#12898 = VECTOR('',#12899,1.);
#12899 = DIRECTION('',(-1.81817881293E-03,0.999998347112));
#12900 = ( GEOMETRIC_REPRESENTATION_CONTEXT(2) 
PARAMETRIC_REPRESENTATION_CONTEXT() REPRESENTATION_CONTEXT('2D SPACE',''
  ) );
#12901 = ORIENTED_EDGE('',*,*,#12814,.F.);
#12902 = ADVANCED_FACE('',(#12903),#12623,.T.);
#12903 = FACE_BOUND('',#12904,.F.);
#12904 = EDGE_LOOP('',(#12905,#12906,#12907,#12908));
#12905 = ORIENTED_EDGE('',*,*,#12600,.T.);
#12906 = ORIENTED_EDGE('',*,*,#12717,.T.);
#12907 = ORIENTED_EDGE('',*,*,#12791,.T.);
#12908 = ORIENTED_EDGE('',*,*,#12860,.T.);
#12909 = ADVANCED_FACE('',(#12910),#12677,.F.);
#12910 = FACE_BOUND('',#12911,.T.);
#12911 = EDGE_LOOP('',(#12912,#12913,#12914,#12915));
#12912 = ORIENTED_EDGE('',*,*,#12662,.T.);
#12913 = ORIENTED_EDGE('',*,*,#12767,.T.);
#12914 = ORIENTED_EDGE('',*,*,#12836,.T.);
#12915 = ORIENTED_EDGE('',*,*,#12882,.T.);
#12916 = ( GEOMETRIC_REPRESENTATION_CONTEXT(3) 
GLOBAL_UNCERTAINTY_ASSIGNED_CONTEXT((#12920)) 
GLOBAL_UNIT_ASSIGNED_CONTEXT((#12917,#12918,#12919)) 
REPRESENTATION_CONTEXT('Context #1',
  '3D Context with UNIT and UNCERTAINTY') );
#12917 = ( LENGTH_UNIT() NAMED_UNIT(*) SI_UNIT(.MILLI.,.METRE.) );
#12918 = ( NAMED_UNIT(*) PLANE_ANGLE_UNIT() SI_UNIT($,.RADIAN.) );
#12919 = ( NAMED_UNIT(*) SI_UNIT($,.STERADIAN.) SOLID_ANGLE_UNIT() );
#12920 = UNCERTAINTY_MEASURE_WITH_UNIT(LENGTH_MEASURE(1.E-07),#12917,
  'distance_accuracy_value','confusion accuracy');
#12921 = CONTEXT_DEPENDENT_SHAPE_REPRESENTATION(#12922,#12924);
#12922 = ( REPRESENTATION_RELATIONSHIP('','',#12593,#10) 
REPRESENTATION_RELATIONSHIP_WITH_TRANSFORMATION(#12923) 
SHAPE_REPRESENTATION_RELATIONSHIP() );
#12923 = ITEM_DEFINED_TRANSFORMATION('','',#11,#71);
#12924 = PRODUCT_DEFINITION_SHAPE('Placement','Placement of an item',
  #12925);
#12925 = NEXT_ASSEMBLY_USAGE_OCCURRENCE('207','roof_0','',#5,#12588,$);
#12926 = PRODUCT_RELATED_PRODUCT_CATEGORY('part',$,(#12590));
#12927 = SHAPE_DEFINITION_REPRESENTATION(#12928,#12934);
#12928 = PRODUCT_DEFINITION_SHAPE('','',#12929);
#12929 = PRODUCT_DEFINITION('design','',#12930,#12933);
#12930 = PRODUCT_DEFINITION_FORMATION('','',#12931);
#12931 = PRODUCT('roof_1','roof_1','',(#12932));
#12932 = PRODUCT_CONTEXT('',#2,'mechanical');
#12933 = PRODUCT_DEFINITION_CONTEXT('part definition',#2,'design');
#12934 = ADVANCED_BREP_SHAPE_REPRESENTATION('',(#11,#12935),#13421);
#12935 = MANIFOLD_SOLID_BREP('',#12936);
#12936 = CLOSED_SHELL('',(#12937,#13113,#13189,#13238,#13287,#13336,
    #13385,#13412));
#12937 = ADVANCED_FACE('',(#12938),#12952,.F.);
#12938 = FACE_BOUND('',#12939,.F.);
#12939 = EDGE_LOOP('',(#12940,#12975,#13003,#13031,#13059,#13087));
#12940 = ORIENTED_EDGE('',*,*,#12941,.F.);
#12941 = EDGE_CURVE('',#12942,#12944,#12946,.T.);
#12942 = VERTEX_POINT('',#12943);
#12943 = CARTESIAN_POINT('',(-0.5,0.585,5.25));
#12944 = VERTEX_POINT('',#12945);
#12945 = CARTESIAN_POINT('',(-0.5,0.585,5.306));
#12946 = SURFACE_CURVE('',#12947,(#12951,#12963),.PCURVE_S1.);
#12947 = LINE('',#12948,#12949);
#12948 = CARTESIAN_POINT('',(-0.5,0.585,5.25));
#12949 = VECTOR('',#12950,1.);
#12950 = DIRECTION('',(0.,0.,1.));
#12951 = PCURVE('',#12952,#12957);
#12952 = PLANE('',#12953);
#12953 = AXIS2_PLACEMENT_3D('',#12954,#12955,#12956);
#12954 = CARTESIAN_POINT('',(-0.5,0.585,5.25));
#12955 = DIRECTION('',(1.,0.,0.));
#12956 = DIRECTION('',(0.,0.,1.));
#12957 = DEFINITIONAL_REPRESENTATION('',(#12958),#12962);
#12958 = LINE('',#12959,#12960);
#12959 = CARTESIAN_POINT('',(0.,0.));
#12960 = VECTOR('',#12961,1.);
#12961 = DIRECTION('',(1.,0.));
#12962 = ( GEOMETRIC_REPRESENTATION_CONTEXT(2) 
PARAMETRIC_REPRESENTATION_CONTEXT() REPRESENTATION_CONTEXT('2D SPACE',''
  ) );
#12963 = PCURVE('',#12964,#12969);
#12964 = PLANE('',#12965);
#12965 = AXIS2_PLACEMENT_3D('',#12966,#12967,#12968);
#12966 = CARTESIAN_POINT('',(-0.5,0.585,5.25));
#12967 = DIRECTION('',(0.,1.,0.));
#12968 = DIRECTION('',(0.,0.,1.));
#12969 = DEFINITIONAL_REPRESENTATION('',(#12970),#12974);
#12970 = LINE('',#12971,#12972);
#12971 = CARTESIAN_POINT('',(0.,0.));
#12972 = VECTOR('',#12973,1.);
#12973 = DIRECTION('',(1.,0.));
#12974 = ( GEOMETRIC_REPRESENTATION_CONTEXT(2) 
PARAMETRIC_REPRESENTATION_CONTEXT() REPRESENTATION_CONTEXT('2D SPACE',''
  ) );
#12975 = ORIENTED_EDGE('',*,*,#12976,.T.);
#12976 = EDGE_CURVE('',#12942,#12977,#12979,.T.);
#12977 = VERTEX_POINT('',#12978);
#12978 = CARTESIAN_POINT('',(-0.5,0.865,5.25));
#12979 = SURFACE_CURVE('',#12980,(#12984,#12991),.PCURVE_S1.);
#12980 = LINE('',#12981,#12982);
#12981 = CARTESIAN_POINT('',(-0.5,0.585,5.25));
#12982 = VECTOR('',#12983,1.);
#12983 = DIRECTION('',(0.,1.,0.));
#12984 = PCURVE('',#12952,#12985);
#12985 = DEFINITIONAL_REPRESENTATION('',(#12986),#12990);
#12986 = LINE('',#12987,#12988);
#12987 = CARTESIAN_POINT('',(0.,0.));
#12988 = VECTOR('',#12989,1.);
#12989 = DIRECTION('',(0.,-1.));
#12990 = ( GEOMETRIC_REPRESENTATION_CONTEXT(2) 
PARAMETRIC_REPRESENTATION_CONTEXT() REPRESENTATION_CONTEXT('2D SPACE',''
  ) );
#12991 = PCURVE('',#12992,#12997);
#12992 = PLANE('',#12993);
#12993 = AXIS2_PLACEMENT_3D('',#12994,#12995,#12996);
#12994 = CARTESIAN_POINT('',(-0.5,0.585,5.25));
#12995 = DIRECTION('',(0.,0.,1.));
#12996 = DIRECTION('',(1.,0.,0.));
#12997 = DEFINITIONAL_REPRESENTATION('',(#12998),#13002);
#12998 = LINE('',#12999,#13000);
#12999 = CARTESIAN_POINT('',(0.,0.));
#13000 = VECTOR('',#13001,1.);
#13001 = DIRECTION('',(0.,1.));
#13002 = ( GEOMETRIC_REPRESENTATION_CONTEXT(2) 
PARAMETRIC_REPRESENTATION_CONTEXT() REPRESENTATION_CONTEXT('2D SPACE',''
  ) );
#13003 = ORIENTED_EDGE('',*,*,#13004,.T.);
#13004 = EDGE_CURVE('',#12977,#13005,#13007,.T.);
#13005 = VERTEX_POINT('',#13006);
#13006 = CARTESIAN_POINT('',(-0.5,0.865,5.306));
#13007 = SURFACE_CURVE('',#13008,(#13012,#13019),.PCURVE_S1.);
#13008 = LINE('',#13009,#13010);
#13009 = CARTESIAN_POINT('',(-0.5,0.865,5.25));
#13010 = VECTOR('',#13011,1.);
#13011 = DIRECTION('',(0.,0.,1.));
#13012 = PCURVE('',#12952,#13013);
#13013 = DEFINITIONAL_REPRESENTATION('',(#13014),#13018);
#13014 = LINE('',#13015,#13016);
#13015 = CARTESIAN_POINT('',(0.,-0.28));
#13016 = VECTOR('',#13017,1.);
#13017 = DIRECTION('',(1.,0.));
#13018 = ( GEOMETRIC_REPRESENTATION_CONTEXT(2) 
PARAMETRIC_REPRESENTATION_CONTEXT() REPRESENTATION_CONTEXT('2D SPACE',''
  ) );
#13019 = PCURVE('',#13020,#13025);
#13020 = PLANE('',#13021);
#13021 = AXIS2_PLACEMENT_3D('',#13022,#13023,#13024);
#13022 = CARTESIAN_POINT('',(-0.5,0.865,5.25));
#13023 = DIRECTION('',(0.,1.,0.));
#13024 = DIRECTION('',(0.,0.,1.));
#13025 = DEFINITIONAL_REPRESENTATION('',(#13026),#13030);
#13026 = LINE('',#13027,#13028);
#13027 = CARTESIAN_POINT('',(0.,0.));
#13028 = VECTOR('',#13029,1.);
#13029 = DIRECTION('',(1.,0.));
#13030 = ( GEOMETRIC_REPRESENTATION_CONTEXT(2) 
PARAMETRIC_REPRESENTATION_CONTEXT() REPRESENTATION_CONTEXT('2D SPACE',''
  ) );
#13031 = ORIENTED_EDGE('',*,*,#13032,.T.);
#13032 = EDGE_CURVE('',#13005,#13033,#13035,.T.);
#13033 = VERTEX_POINT('',#13034);
#13034 = CARTESIAN_POINT('',(-0.5,0.781,5.39));
#13035 = SURFACE_CURVE('',#13036,(#13040,#13047),.PCURVE_S1.);
#13036 = LINE('',#13037,#13038);
#13037 = CARTESIAN_POINT('',(-0.5,0.788,5.383));
#13038 = VECTOR('',#13039,1.);
#13039 = DIRECTION('',(0.,-0.707106781187,0.707106781187));
#13040 = PCURVE('',#12952,#13041);
#13041 = DEFINITIONAL_REPRESENTATION('',(#13042),#13046);
#13042 = LINE('',#13043,#13044);
#13043 = CARTESIAN_POINT('',(0.133,-0.203));
#13044 = VECTOR('',#13045,1.);
#13045 = DIRECTION('',(0.707106781187,0.707106781187));
#13046 = ( GEOMETRIC_REPRESENTATION_CONTEXT(2) 
PARAMETRIC_REPRESENTATION_CONTEXT() REPRESENTATION_CONTEXT('2D SPACE',''
  ) );
#13047 = PCURVE('',#13048,#13053);
#13048 = PLANE('',#13049);
#13049 = AXIS2_PLACEMENT_3D('',#13050,#13051,#13052);
#13050 = CARTESIAN_POINT('',(-0.5,0.823,5.348));
#13051 = DIRECTION('',(-2.501393603763E-19,0.707106781187,0.707106781187
    ));
#13052 = DIRECTION('',(-1.,-1.768752379637E-19,-1.768752379637E-19));
#13053 = DEFINITIONAL_REPRESENTATION('',(#13054),#13058);
#13054 = LINE('',#13055,#13056);
#13055 = CARTESIAN_POINT('',(-8.975727154572E-36,4.949747468306E-02));
#13056 = VECTOR('',#13057,1.);
#13057 = DIRECTION('',(-1.132982174457E-35,1.));
#13058 = ( GEOMETRIC_REPRESENTATION_CONTEXT(2) 
PARAMETRIC_REPRESENTATION_CONTEXT() REPRESENTATION_CONTEXT('2D SPACE',''
  ) );
#13059 = ORIENTED_EDGE('',*,*,#13060,.F.);
#13060 = EDGE_CURVE('',#13061,#13033,#13063,.T.);
#13061 = VERTEX_POINT('',#13062);
#13062 = CARTESIAN_POINT('',(-0.5,0.669,5.39));
#13063 = SURFACE_CURVE('',#13064,(#13068,#13075),.PCURVE_S1.);
#13064 = LINE('',#13065,#13066);
#13065 = CARTESIAN_POINT('',(-0.5,0.585,5.39));
#13066 = VECTOR('',#13067,1.);
#13067 = DIRECTION('',(0.,1.,0.));
#13068 = PCURVE('',#12952,#13069);
#13069 = DEFINITIONAL_REPRESENTATION('',(#13070),#13074);
#13070 = LINE('',#13071,#13072);
#13071 = CARTESIAN_POINT('',(0.14,0.));
#13072 = VECTOR('',#13073,1.);
#13073 = DIRECTION('',(0.,-1.));
#13074 = ( GEOMETRIC_REPRESENTATION_CONTEXT(2) 
PARAMETRIC_REPRESENTATION_CONTEXT() REPRESENTATION_CONTEXT('2D SPACE',''
  ) );
#13075 = PCURVE('',#13076,#13081);
#13076 = PLANE('',#13077);
#13077 = AXIS2_PLACEMENT_3D('',#13078,#13079,#13080);
#13078 = CARTESIAN_POINT('',(-0.5,0.585,5.39));
#13079 = DIRECTION('',(0.,0.,1.));
#13080 = DIRECTION('',(1.,0.,0.));
#13081 = DEFINITIONAL_REPRESENTATION('',(#13082),#13086);
#13082 = LINE('',#13083,#13084);
#13083 = CARTESIAN_POINT('',(0.,0.));
#13084 = VECTOR('',#13085,1.);
#13085 = DIRECTION('',(0.,1.));
#13086 = ( GEOMETRIC_REPRESENTATION_CONTEXT(2) 
PARAMETRIC_REPRESENTATION_CONTEXT() REPRESENTATION_CONTEXT('2D SPACE',''
  ) );
#13087 = ORIENTED_EDGE('',*,*,#13088,.F.);
#13088 = EDGE_CURVE('',#12944,#13061,#13089,.T.);
#13089 = SURFACE_CURVE('',#13090,(#13094,#13101),.PCURVE_S1.);
#13090 = LINE('',#13091,#13092);
#13091 = CARTESIAN_POINT('',(-0.5,0.592,5.313));
#13092 = VECTOR('',#13093,1.);
#13093 = DIRECTION('',(-0.,0.707106781187,0.707106781187));
#13094 = PCURVE('',#12952,#13095);
#13095 = DEFINITIONAL_REPRESENTATION('',(#13096),#13100);
#13096 = LINE('',#13097,#13098);
#13097 = CARTESIAN_POINT('',(6.3E-02,-7.E-03));
#13098 = VECTOR('',#13099,1.);
#13099 = DIRECTION('',(0.707106781187,-0.707106781187));
#13100 = ( GEOMETRIC_REPRESENTATION_CONTEXT(2) 
PARAMETRIC_REPRESENTATION_CONTEXT() REPRESENTATION_CONTEXT('2D SPACE',''
  ) );
#13101 = PCURVE('',#13102,#13107);
#13102 = PLANE('',#13103);
#13103 = AXIS2_PLACEMENT_3D('',#13104,#13105,#13106);
#13104 = CARTESIAN_POINT('',(-0.5,0.627,5.348));
#13105 = DIRECTION('',(2.501393603763E-19,0.707106781187,-0.707106781187
    ));
#13106 = DIRECTION('',(-1.,1.768752379637E-19,-1.768752379637E-19));
#13107 = DEFINITIONAL_REPRESENTATION('',(#13108),#13112);
#13108 = LINE('',#13109,#13110);
#13109 = CARTESIAN_POINT('',(-4.956759581121E-35,-4.949747468306E-02));
#13110 = VECTOR('',#13111,1.);
#13111 = DIRECTION('',(-1.132982174457E-35,1.));
#13112 = ( GEOMETRIC_REPRESENTATION_CONTEXT(2) 
PARAMETRIC_REPRESENTATION_CONTEXT() REPRESENTATION_CONTEXT('2D SPACE',''
  ) );
#13113 = ADVANCED_FACE('',(#13114),#12964,.F.);
#13114 = FACE_BOUND('',#13115,.F.);
#13115 = EDGE_LOOP('',(#13116,#13146,#13167,#13168));
#13116 = ORIENTED_EDGE('',*,*,#13117,.F.);
#13117 = EDGE_CURVE('',#13118,#13120,#13122,.T.);
#13118 = VERTEX_POINT('',#13119);
#13119 = CARTESIAN_POINT('',(0.5,0.585,5.25));
#13120 = VERTEX_POINT('',#13121);
#13121 = CARTESIAN_POINT('',(0.5,0.585,5.306));
#13122 = SURFACE_CURVE('',#13123,(#13127,#13134),.PCURVE_S1.);
#13123 = LINE('',#13124,#13125);
#13124 = CARTESIAN_POINT('',(0.5,0.585,5.25));
#13125 = VECTOR('',#13126,1.);
#13126 = DIRECTION('',(0.,0.,1.));
#13127 = PCURVE('',#12964,#13128);
#13128 = DEFINITIONAL_REPRESENTATION('',(#13129),#13133);
#13129 = LINE('',#13130,#13131);
#13130 = CARTESIAN_POINT('',(0.,1.));
#13131 = VECTOR('',#13132,1.);
#13132 = DIRECTION('',(1.,0.));
#13133 = ( GEOMETRIC_REPRESENTATION_CONTEXT(2) 
PARAMETRIC_REPRESENTATION_CONTEXT() REPRESENTATION_CONTEXT('2D SPACE',''
  ) );
#13134 = PCURVE('',#13135,#13140);
#13135 = PLANE('',#13136);
#13136 = AXIS2_PLACEMENT_3D('',#13137,#13138,#13139);
#13137 = CARTESIAN_POINT('',(0.5,0.585,5.25));
#13138 = DIRECTION('',(1.,0.,0.));
#13139 = DIRECTION('',(0.,0.,1.));
#13140 = DEFINITIONAL_REPRESENTATION('',(#13141),#13145);
#13141 = LINE('',#13142,#13143);
#13142 = CARTESIAN_POINT('',(0.,0.));
#13143 = VECTOR('',#13144,1.);
#13144 = DIRECTION('',(1.,0.));
#13145 = ( GEOMETRIC_REPRESENTATION_CONTEXT(2) 
PARAMETRIC_REPRESENTATION_CONTEXT() REPRESENTATION_CONTEXT('2D SPACE',''
  ) );
#13146 = ORIENTED_EDGE('',*,*,#13147,.F.);
#13147 = EDGE_CURVE('',#12942,#13118,#13148,.T.);
#13148 = SURFACE_CURVE('',#13149,(#13153,#13160),.PCURVE_S1.);
#13149 = LINE('',#13150,#13151);
#13150 = CARTESIAN_POINT('',(-0.5,0.585,5.25));
#13151 = VECTOR('',#13152,1.);
#13152 = DIRECTION('',(1.,0.,0.));
#13153 = PCURVE('',#12964,#13154);
#13154 = DEFINITIONAL_REPRESENTATION('',(#13155),#13159);
#13155 = LINE('',#13156,#13157);
#13156 = CARTESIAN_POINT('',(0.,0.));
#13157 = VECTOR('',#13158,1.);
#13158 = DIRECTION('',(0.,1.));
#13159 = ( GEOMETRIC_REPRESENTATION_CONTEXT(2) 
PARAMETRIC_REPRESENTATION_CONTEXT() REPRESENTATION_CONTEXT('2D SPACE',''
  ) );
#13160 = PCURVE('',#12992,#13161);
#13161 = DEFINITIONAL_REPRESENTATION('',(#13162),#13166);
#13162 = LINE('',#13163,#13164);
#13163 = CARTESIAN_POINT('',(0.,0.));
#13164 = VECTOR('',#13165,1.);
#13165 = DIRECTION('',(1.,0.));
#13166 = ( GEOMETRIC_REPRESENTATION_CONTEXT(2) 
PARAMETRIC_REPRESENTATION_CONTEXT() REPRESENTATION_CONTEXT('2D SPACE',''
  ) );
#13167 = ORIENTED_EDGE('',*,*,#12941,.T.);
#13168 = ORIENTED_EDGE('',*,*,#13169,.T.);
#13169 = EDGE_CURVE('',#12944,#13120,#13170,.T.);
#13170 = SURFACE_CURVE('',#13171,(#13175,#13182),.PCURVE_S1.);
#13171 = LINE('',#13172,#13173);
#13172 = CARTESIAN_POINT('',(-0.5,0.585,5.306));
#13173 = VECTOR('',#13174,1.);
#13174 = DIRECTION('',(1.,0.,0.));
#13175 = PCURVE('',#12964,#13176);
#13176 = DEFINITIONAL_REPRESENTATION('',(#13177),#13181);
#13177 = LINE('',#13178,#13179);
#13178 = CARTESIAN_POINT('',(5.6E-02,0.));
#13179 = VECTOR('',#13180,1.);
#13180 = DIRECTION('',(0.,1.));
#13181 = ( GEOMETRIC_REPRESENTATION_CONTEXT(2) 
PARAMETRIC_REPRESENTATION_CONTEXT() REPRESENTATION_CONTEXT('2D SPACE',''
  ) );
#13182 = PCURVE('',#13102,#13183);
#13183 = DEFINITIONAL_REPRESENTATION('',(#13184),#13188);
#13184 = LINE('',#13185,#13186);
#13185 = CARTESIAN_POINT('',(-4.220513094133E-36,-5.939696961967E-02));
#13186 = VECTOR('',#13187,1.);
#13187 = DIRECTION('',(-1.,-5.693154802513E-36));
#13188 = ( GEOMETRIC_REPRESENTATION_CONTEXT(2) 
PARAMETRIC_REPRESENTATION_CONTEXT() REPRESENTATION_CONTEXT('2D SPACE',''
  ) );
#13189 = ADVANCED_FACE('',(#13190),#13102,.F.);
#13190 = FACE_BOUND('',#13191,.T.);
#13191 = EDGE_LOOP('',(#13192,#13193,#13194,#13217));
#13192 = ORIENTED_EDGE('',*,*,#13088,.F.);
#13193 = ORIENTED_EDGE('',*,*,#13169,.T.);
#13194 = ORIENTED_EDGE('',*,*,#13195,.T.);
#13195 = EDGE_CURVE('',#13120,#13196,#13198,.T.);
#13196 = VERTEX_POINT('',#13197);
#13197 = CARTESIAN_POINT('',(0.5,0.669,5.39));
#13198 = SURFACE_CURVE('',#13199,(#13203,#13210),.PCURVE_S1.);
#13199 = LINE('',#13200,#13201);
#13200 = CARTESIAN_POINT('',(0.5,0.592,5.313));
#13201 = VECTOR('',#13202,1.);
#13202 = DIRECTION('',(-0.,0.707106781187,0.707106781187));
#13203 = PCURVE('',#13102,#13204);
#13204 = DEFINITIONAL_REPRESENTATION('',(#13205),#13209);
#13205 = LINE('',#13206,#13207);
#13206 = CARTESIAN_POINT('',(-1.,-4.949747468306E-02));
#13207 = VECTOR('',#13208,1.);
#13208 = DIRECTION('',(-1.132982174457E-35,1.));
#13209 = ( GEOMETRIC_REPRESENTATION_CONTEXT(2) 
PARAMETRIC_REPRESENTATION_CONTEXT() REPRESENTATION_CONTEXT('2D SPACE',''
  ) );
#13210 = PCURVE('',#13135,#13211);
#13211 = DEFINITIONAL_REPRESENTATION('',(#13212),#13216);
#13212 = LINE('',#13213,#13214);
#13213 = CARTESIAN_POINT('',(6.3E-02,-7.E-03));
#13214 = VECTOR('',#13215,1.);
#13215 = DIRECTION('',(0.707106781187,-0.707106781187));
#13216 = ( GEOMETRIC_REPRESENTATION_CONTEXT(2) 
PARAMETRIC_REPRESENTATION_CONTEXT() REPRESENTATION_CONTEXT('2D SPACE',''
  ) );
#13217 = ORIENTED_EDGE('',*,*,#13218,.F.);
#13218 = EDGE_CURVE('',#13061,#13196,#13219,.T.);
#13219 = SURFACE_CURVE('',#13220,(#13224,#13231),.PCURVE_S1.);
#13220 = LINE('',#13221,#13222);
#13221 = CARTESIAN_POINT('',(-0.5,0.669,5.39));
#13222 = VECTOR('',#13223,1.);
#13223 = DIRECTION('',(1.,0.,0.));
#13224 = PCURVE('',#13102,#13225);
#13225 = DEFINITIONAL_REPRESENTATION('',(#13226),#13230);
#13226 = LINE('',#13227,#13228);
#13227 = CARTESIAN_POINT('',(-1.533971290355E-35,5.939696961967E-02));
#13228 = VECTOR('',#13229,1.);
#13229 = DIRECTION('',(-1.,-5.693154802513E-36));
#13230 = ( GEOMETRIC_REPRESENTATION_CONTEXT(2) 
PARAMETRIC_REPRESENTATION_CONTEXT() REPRESENTATION_CONTEXT('2D SPACE',''
  ) );
#13231 = PCURVE('',#13076,#13232);
#13232 = DEFINITIONAL_REPRESENTATION('',(#13233),#13237);
#13233 = LINE('',#13234,#13235);
#13234 = CARTESIAN_POINT('',(0.,8.4E-02));
#13235 = VECTOR('',#13236,1.);
#13236 = DIRECTION('',(1.,0.));
#13237 = ( GEOMETRIC_REPRESENTATION_CONTEXT(2) 
PARAMETRIC_REPRESENTATION_CONTEXT() REPRESENTATION_CONTEXT('2D SPACE',''
  ) );
#13238 = ADVANCED_FACE('',(#13239),#12992,.F.);
#13239 = FACE_BOUND('',#13240,.F.);
#13240 = EDGE_LOOP('',(#13241,#13242,#13243,#13266));
#13241 = ORIENTED_EDGE('',*,*,#12976,.F.);
#13242 = ORIENTED_EDGE('',*,*,#13147,.T.);
#13243 = ORIENTED_EDGE('',*,*,#13244,.T.);
#13244 = EDGE_CURVE('',#13118,#13245,#13247,.T.);
#13245 = VERTEX_POINT('',#13246);
#13246 = CARTESIAN_POINT('',(0.5,0.865,5.25));
#13247 = SURFACE_CURVE('',#13248,(#13252,#13259),.PCURVE_S1.);
#13248 = LINE('',#13249,#13250);
#13249 = CARTESIAN_POINT('',(0.5,0.585,5.25));
#13250 = VECTOR('',#13251,1.);
#13251 = DIRECTION('',(0.,1.,0.));
#13252 = PCURVE('',#12992,#13253);
#13253 = DEFINITIONAL_REPRESENTATION('',(#13254),#13258);
#13254 = LINE('',#13255,#13256);
#13255 = CARTESIAN_POINT('',(1.,0.));
#13256 = VECTOR('',#13257,1.);
#13257 = DIRECTION('',(0.,1.));
#13258 = ( GEOMETRIC_REPRESENTATION_CONTEXT(2) 
PARAMETRIC_REPRESENTATION_CONTEXT() REPRESENTATION_CONTEXT('2D SPACE',''
  ) );
#13259 = PCURVE('',#13135,#13260);
#13260 = DEFINITIONAL_REPRESENTATION('',(#13261),#13265);
#13261 = LINE('',#13262,#13263);
#13262 = CARTESIAN_POINT('',(0.,0.));
#13263 = VECTOR('',#13264,1.);
#13264 = DIRECTION('',(0.,-1.));
#13265 = ( GEOMETRIC_REPRESENTATION_CONTEXT(2) 
PARAMETRIC_REPRESENTATION_CONTEXT() REPRESENTATION_CONTEXT('2D SPACE',''
  ) );
#13266 = ORIENTED_EDGE('',*,*,#13267,.F.);
#13267 = EDGE_CURVE('',#12977,#13245,#13268,.T.);
#13268 = SURFACE_CURVE('',#13269,(#13273,#13280),.PCURVE_S1.);
#13269 = LINE('',#13270,#13271);
#13270 = CARTESIAN_POINT('',(-0.5,0.865,5.25));
#13271 = VECTOR('',#13272,1.);
#13272 = DIRECTION('',(1.,0.,0.));
#13273 = PCURVE('',#12992,#13274);
#13274 = DEFINITIONAL_REPRESENTATION('',(#13275),#13279);
#13275 = LINE('',#13276,#13277);
#13276 = CARTESIAN_POINT('',(0.,0.28));
#13277 = VECTOR('',#13278,1.);
#13278 = DIRECTION('',(1.,0.));
#13279 = ( GEOMETRIC_REPRESENTATION_CONTEXT(2) 
PARAMETRIC_REPRESENTATION_CONTEXT() REPRESENTATION_CONTEXT('2D SPACE',''
  ) );
#13280 = PCURVE('',#13020,#13281);
#13281 = DEFINITIONAL_REPRESENTATION('',(#13282),#13286);
#13282 = LINE('',#13283,#13284);
#13283 = CARTESIAN_POINT('',(0.,0.));
#13284 = VECTOR('',#13285,1.);
#13285 = DIRECTION('',(0.,1.));
#13286 = ( GEOMETRIC_REPRESENTATION_CONTEXT(2) 
PARAMETRIC_REPRESENTATION_CONTEXT() REPRESENTATION_CONTEXT('2D SPACE',''
  ) );
#13287 = ADVANCED_FACE('',(#13288),#13076,.T.);
#13288 = FACE_BOUND('',#13289,.T.);
#13289 = EDGE_LOOP('',(#13290,#13291,#13292,#13315));
#13290 = ORIENTED_EDGE('',*,*,#13060,.F.);
#13291 = ORIENTED_EDGE('',*,*,#13218,.T.);
#13292 = ORIENTED_EDGE('',*,*,#13293,.T.);
#13293 = EDGE_CURVE('',#13196,#13294,#13296,.T.);
#13294 = VERTEX_POINT('',#13295);
#13295 = CARTESIAN_POINT('',(0.5,0.781,5.39));
#13296 = SURFACE_CURVE('',#13297,(#13301,#13308),.PCURVE_S1.);
#13297 = LINE('',#13298,#13299);
#13298 = CARTESIAN_POINT('',(0.5,0.585,5.39));
#13299 = VECTOR('',#13300,1.);
#13300 = DIRECTION('',(0.,1.,0.));
#13301 = PCURVE('',#13076,#13302);
#13302 = DEFINITIONAL_REPRESENTATION('',(#13303),#13307);
#13303 = LINE('',#13304,#13305);
#13304 = CARTESIAN_POINT('',(1.,0.));
#13305 = VECTOR('',#13306,1.);
#13306 = DIRECTION('',(0.,1.));
#13307 = ( GEOMETRIC_REPRESENTATION_CONTEXT(2) 
PARAMETRIC_REPRESENTATION_CONTEXT() REPRESENTATION_CONTEXT('2D SPACE',''
  ) );
#13308 = PCURVE('',#13135,#13309);
#13309 = DEFINITIONAL_REPRESENTATION('',(#13310),#13314);
#13310 = LINE('',#13311,#13312);
#13311 = CARTESIAN_POINT('',(0.14,0.));
#13312 = VECTOR('',#13313,1.);
#13313 = DIRECTION('',(0.,-1.));
#13314 = ( GEOMETRIC_REPRESENTATION_CONTEXT(2) 
PARAMETRIC_REPRESENTATION_CONTEXT() REPRESENTATION_CONTEXT('2D SPACE',''
  ) );
#13315 = ORIENTED_EDGE('',*,*,#13316,.F.);
#13316 = EDGE_CURVE('',#13033,#13294,#13317,.T.);
#13317 = SURFACE_CURVE('',#13318,(#13322,#13329),.PCURVE_S1.);
#13318 = LINE('',#13319,#13320);
#13319 = CARTESIAN_POINT('',(-0.5,0.781,5.39));
#13320 = VECTOR('',#13321,1.);
#13321 = DIRECTION('',(1.,0.,0.));
#13322 = PCURVE('',#13076,#13323);
#13323 = DEFINITIONAL_REPRESENTATION('',(#13324),#13328);
#13324 = LINE('',#13325,#13326);
#13325 = CARTESIAN_POINT('',(0.,0.196));
#13326 = VECTOR('',#13327,1.);
#13327 = DIRECTION('',(1.,0.));
#13328 = ( GEOMETRIC_REPRESENTATION_CONTEXT(2) 
PARAMETRIC_REPRESENTATION_CONTEXT() REPRESENTATION_CONTEXT('2D SPACE',''
  ) );
#13329 = PCURVE('',#13048,#13330);
#13330 = DEFINITIONAL_REPRESENTATION('',(#13331),#13335);
#13331 = LINE('',#13332,#13333);
#13332 = CARTESIAN_POINT('',(-1.533971290355E-35,5.939696961967E-02));
#13333 = VECTOR('',#13334,1.);
#13334 = DIRECTION('',(-1.,-5.693154802513E-36));
#13335 = ( GEOMETRIC_REPRESENTATION_CONTEXT(2) 
PARAMETRIC_REPRESENTATION_CONTEXT() REPRESENTATION_CONTEXT('2D SPACE',''
  ) );
#13336 = ADVANCED_FACE('',(#13337),#13020,.T.);
#13337 = FACE_BOUND('',#13338,.T.);
#13338 = EDGE_LOOP('',(#13339,#13362,#13363,#13364));
#13339 = ORIENTED_EDGE('',*,*,#13340,.F.);
#13340 = EDGE_CURVE('',#13245,#13341,#13343,.T.);
#13341 = VERTEX_POINT('',#13342);
#13342 = CARTESIAN_POINT('',(0.5,0.865,5.306));
#13343 = SURFACE_CURVE('',#13344,(#13348,#13355),.PCURVE_S1.);
#13344 = LINE('',#13345,#13346);
#13345 = CARTESIAN_POINT('',(0.5,0.865,5.25));
#13346 = VECTOR('',#13347,1.);
#13347 = DIRECTION('',(0.,0.,1.));
#13348 = PCURVE('',#13020,#13349);
#13349 = DEFINITIONAL_REPRESENTATION('',(#13350),#13354);
#13350 = LINE('',#13351,#13352);
#13351 = CARTESIAN_POINT('',(0.,1.));
#13352 = VECTOR('',#13353,1.);
#13353 = DIRECTION('',(1.,0.));
#13354 = ( GEOMETRIC_REPRESENTATION_CONTEXT(2) 
PARAMETRIC_REPRESENTATION_CONTEXT() REPRESENTATION_CONTEXT('2D SPACE',''
  ) );
#13355 = PCURVE('',#13135,#13356);
#13356 = DEFINITIONAL_REPRESENTATION('',(#13357),#13361);
#13357 = LINE('',#13358,#13359);
#13358 = CARTESIAN_POINT('',(0.,-0.28));
#13359 = VECTOR('',#13360,1.);
#13360 = DIRECTION('',(1.,0.));
#13361 = ( GEOMETRIC_REPRESENTATION_CONTEXT(2) 
PARAMETRIC_REPRESENTATION_CONTEXT() REPRESENTATION_CONTEXT('2D SPACE',''
  ) );
#13362 = ORIENTED_EDGE('',*,*,#13267,.F.);
#13363 = ORIENTED_EDGE('',*,*,#13004,.T.);
#13364 = ORIENTED_EDGE('',*,*,#13365,.T.);
#13365 = EDGE_CURVE('',#13005,#13341,#13366,.T.);
#13366 = SURFACE_CURVE('',#13367,(#13371,#13378),.PCURVE_S1.);
#13367 = LINE('',#13368,#13369);
#13368 = CARTESIAN_POINT('',(-0.5,0.865,5.306));
#13369 = VECTOR('',#13370,1.);
#13370 = DIRECTION('',(1.,0.,0.));
#13371 = PCURVE('',#13020,#13372);
#13372 = DEFINITIONAL_REPRESENTATION('',(#13373),#13377);
#13373 = LINE('',#13374,#13375);
#13374 = CARTESIAN_POINT('',(5.6E-02,0.));
#13375 = VECTOR('',#13376,1.);
#13376 = DIRECTION('',(0.,1.));
#13377 = ( GEOMETRIC_REPRESENTATION_CONTEXT(2) 
PARAMETRIC_REPRESENTATION_CONTEXT() REPRESENTATION_CONTEXT('2D SPACE',''
  ) );
#13378 = PCURVE('',#13048,#13379);
#13379 = DEFINITIONAL_REPRESENTATION('',(#13380),#13384);
#13380 = LINE('',#13381,#13382);
#13381 = CARTESIAN_POINT('',(-4.220513094133E-36,-5.939696961967E-02));
#13382 = VECTOR('',#13383,1.);
#13383 = DIRECTION('',(-1.,-5.693154802513E-36));
#13384 = ( GEOMETRIC_REPRESENTATION_CONTEXT(2) 
PARAMETRIC_REPRESENTATION_CONTEXT() REPRESENTATION_CONTEXT('2D SPACE',''
  ) );
#13385 = ADVANCED_FACE('',(#13386),#13048,.T.);
#13386 = FACE_BOUND('',#13387,.F.);
#13387 = EDGE_LOOP('',(#13388,#13389,#13390,#13411));
#13388 = ORIENTED_EDGE('',*,*,#13032,.F.);
#13389 = ORIENTED_EDGE('',*,*,#13365,.T.);
#13390 = ORIENTED_EDGE('',*,*,#13391,.T.);
#13391 = EDGE_CURVE('',#13341,#13294,#13392,.T.);
#13392 = SURFACE_CURVE('',#13393,(#13397,#13404),.PCURVE_S1.);
#13393 = LINE('',#13394,#13395);
#13394 = CARTESIAN_POINT('',(0.5,0.788,5.383));
#13395 = VECTOR('',#13396,1.);
#13396 = DIRECTION('',(0.,-0.707106781187,0.707106781187));
#13397 = PCURVE('',#13048,#13398);
#13398 = DEFINITIONAL_REPRESENTATION('',(#13399),#13403);
#13399 = LINE('',#13400,#13401);
#13400 = CARTESIAN_POINT('',(-1.,4.949747468306E-02));
#13401 = VECTOR('',#13402,1.);
#13402 = DIRECTION('',(-1.132982174457E-35,1.));
#13403 = ( GEOMETRIC_REPRESENTATION_CONTEXT(2) 
PARAMETRIC_REPRESENTATION_CONTEXT() REPRESENTATION_CONTEXT('2D SPACE',''
  ) );
#13404 = PCURVE('',#13135,#13405);
#13405 = DEFINITIONAL_REPRESENTATION('',(#13406),#13410);
#13406 = LINE('',#13407,#13408);
#13407 = CARTESIAN_POINT('',(0.133,-0.203));
#13408 = VECTOR('',#13409,1.);
#13409 = DIRECTION('',(0.707106781187,0.707106781187));
#13410 = ( GEOMETRIC_REPRESENTATION_CONTEXT(2) 
PARAMETRIC_REPRESENTATION_CONTEXT() REPRESENTATION_CONTEXT('2D SPACE',''
  ) );
#13411 = ORIENTED_EDGE('',*,*,#13316,.F.);
#13412 = ADVANCED_FACE('',(#13413),#13135,.T.);
#13413 = FACE_BOUND('',#13414,.T.);
#13414 = EDGE_LOOP('',(#13415,#13416,#13417,#13418,#13419,#13420));
#13415 = ORIENTED_EDGE('',*,*,#13117,.F.);
#13416 = ORIENTED_EDGE('',*,*,#13244,.T.);
#13417 = ORIENTED_EDGE('',*,*,#13340,.T.);
#13418 = ORIENTED_EDGE('',*,*,#13391,.T.);
#13419 = ORIENTED_EDGE('',*,*,#13293,.F.);
#13420 = ORIENTED_EDGE('',*,*,#13195,.F.);
#13421 = ( GEOMETRIC_REPRESENTATION_CONTEXT(3) 
GLOBAL_UNCERTAINTY_ASSIGNED_CONTEXT((#13425)) 
GLOBAL_UNIT_ASSIGNED_CONTEXT((#13422,#13423,#13424)) 
REPRESENTATION_CONTEXT('Context #1',
  '3D Context with UNIT and UNCERTAINTY') );
#13422 = ( LENGTH_UNIT() NAMED_UNIT(*) SI_UNIT(.MILLI.,.METRE.) );
#13423 = ( NAMED_UNIT(*) PLANE_ANGLE_UNIT() SI_UNIT($,.RADIAN.) );
#13424 = ( NAMED_UNIT(*) SI_UNIT($,.STERADIAN.) SOLID_ANGLE_UNIT() );
#13425 = UNCERTAINTY_MEASURE_WITH_UNIT(LENGTH_MEASURE(5.E-05),#13422,
  'distance_accuracy_value','confusion accuracy');
#13426 = CONTEXT_DEPENDENT_SHAPE_REPRESENTATION(#13427,#13429);
#13427 = ( REPRESENTATION_RELATIONSHIP('','',#12934,#10) 
REPRESENTATION_RELATIONSHIP_WITH_TRANSFORMATION(#13428) 
SHAPE_REPRESENTATION_RELATIONSHIP() );
#13428 = ITEM_DEFINED_TRANSFORMATION('','',#11,#75);
#13429 = PRODUCT_DEFINITION_SHAPE('Placement','Placement of an item',
  #13430);
#13430 = NEXT_ASSEMBLY_USAGE_OCCURRENCE('208','roof_1','',#5,#12929,$);
#13431 = PRODUCT_RELATED_PRODUCT_CATEGORY('part',$,(#12931));
#13432 = MECHANICAL_DESIGN_GEOMETRIC_PRESENTATION_REPRESENTATION('',(
    #13433),#8485);
#13433 = STYLED_ITEM('color',(#13434),#7843);
#13434 = PRESENTATION_STYLE_ASSIGNMENT((#13435));
#13435 = SURFACE_STYLE_USAGE(.BOTH.,#13436);
#13436 = SURFACE_SIDE_STYLE('',(#13437));
#13437 = SURFACE_STYLE_FILL_AREA(#13438);
#13438 = FILL_AREA_STYLE('',(#13439));
#13439 = FILL_AREA_STYLE_COLOUR('',#13440);
#13440 = COLOUR_RGB('',0.78000000177,0.78000000177,0.78000000177);
#13441 = MECHANICAL_DESIGN_GEOMETRIC_PRESENTATION_REPRESENTATION('',(
    #13442),#7163);
#13442 = STYLED_ITEM('color',(#13443),#6521);
#13443 = PRESENTATION_STYLE_ASSIGNMENT((#13444));
#13444 = SURFACE_STYLE_USAGE(.BOTH.,#13445);
#13445 = SURFACE_SIDE_STYLE('',(#13446));
#13446 = SURFACE_STYLE_FILL_AREA(#13447);
#13447 = FILL_AREA_STYLE('',(#13448));
#13448 = FILL_AREA_STYLE_COLOUR('',#13440);
#13449 = MECHANICAL_DESIGN_GEOMETRIC_PRESENTATION_REPRESENTATION('',(
    #13450),#12916);
#13450 = STYLED_ITEM('color',(#13451),#12594);
#13451 = PRESENTATION_STYLE_ASSIGNMENT((#13452));
#13452 = SURFACE_STYLE_USAGE(.BOTH.,#13453);
#13453 = SURFACE_SIDE_STYLE('',(#13454));
#13454 = SURFACE_STYLE_FILL_AREA(#13455);
#13455 = FILL_AREA_STYLE('',(#13456));
#13456 = FILL_AREA_STYLE_COLOUR('',#13440);
#13457 = MECHANICAL_DESIGN_GEOMETRIC_PRESENTATION_REPRESENTATION('',(
    #13458),#11478);
#13458 = STYLED_ITEM('color',(#13459),#11148);
#13459 = PRESENTATION_STYLE_ASSIGNMENT((#13460));
#13460 = SURFACE_STYLE_USAGE(.BOTH.,#13461);
#13461 = SURFACE_SIDE_STYLE('',(#13462));
#13462 = SURFACE_STYLE_FILL_AREA(#13463);
#13463 = FILL_AREA_STYLE('',(#13464));
#13464 = FILL_AREA_STYLE_COLOUR('',#13440);
#13465 = MECHANICAL_DESIGN_GEOMETRIC_PRESENTATION_REPRESENTATION('',(
    #13466),#7824);
#13466 = STYLED_ITEM('color',(#13467),#7182);
#13467 = PRESENTATION_STYLE_ASSIGNMENT((#13468));
#13468 = SURFACE_STYLE_USAGE(.BOTH.,#13469);
#13469 = SURFACE_SIDE_STYLE('',(#13470));
#13470 = SURFACE_STYLE_FILL_AREA(#13471);
#13471 = FILL_AREA_STYLE('',(#13472));
#13472 = FILL_AREA_STYLE_COLOUR('',#13440);
#13473 = MECHANICAL_DESIGN_GEOMETRIC_PRESENTATION_REPRESENTATION('',(
    #13474),#9146);
#13474 = STYLED_ITEM('color',(#13475),#8504);
#13475 = PRESENTATION_STYLE_ASSIGNMENT((#13476));
#13476 = SURFACE_STYLE_USAGE(.BOTH.,#13477);
#13477 = SURFACE_SIDE_STYLE('',(#13478));
#13478 = SURFACE_STYLE_FILL_AREA(#13479);
#13479 = FILL_AREA_STYLE('',(#13480));
#13480 = FILL_AREA_STYLE_COLOUR('',#13440);
#13481 = MECHANICAL_DESIGN_GEOMETRIC_PRESENTATION_REPRESENTATION('',(
    #13482),#11129);
#13482 = STYLED_ITEM('color',(#13483),#10487);
#13483 = PRESENTATION_STYLE_ASSIGNMENT((#13484));
#13484 = SURFACE_STYLE_USAGE(.BOTH.,#13485);
#13485 = SURFACE_SIDE_STYLE('',(#13486));
#13486 = SURFACE_STYLE_FILL_AREA(#13487);
#13487 = FILL_AREA_STYLE('',(#13488));
#13488 = FILL_AREA_STYLE_COLOUR('',#13440);
#13489 = MECHANICAL_DESIGN_GEOMETRIC_PRESENTATION_REPRESENTATION('',(
    #13490),#988);
#13490 = STYLED_ITEM('color',(#13491),#658);
#13491 = PRESENTATION_STYLE_ASSIGNMENT((#13492));
#13492 = SURFACE_STYLE_USAGE(.BOTH.,#13493);
#13493 = SURFACE_SIDE_STYLE('',(#13494));
#13494 = SURFACE_STYLE_FILL_AREA(#13495);
#13495 = FILL_AREA_STYLE('',(#13496));
#13496 = FILL_AREA_STYLE_COLOUR('',#13440);
#13497 = MECHANICAL_DESIGN_GEOMETRIC_PRESENTATION_REPRESENTATION('',(
    #13498),#13421);
#13498 = STYLED_ITEM('color',(#13499),#12935);
#13499 = PRESENTATION_STYLE_ASSIGNMENT((#13500));
#13500 = SURFACE_STYLE_USAGE(.BOTH.,#13501);
#13501 = SURFACE_SIDE_STYLE('',(#13502));
#13502 = SURFACE_STYLE_FILL_AREA(#13503);
#13503 = FILL_AREA_STYLE('',(#13504));
#13504 = FILL_AREA_STYLE_COLOUR('',#13440);
#13505 = MECHANICAL_DESIGN_GEOMETRIC_PRESENTATION_REPRESENTATION('',(
    #13506),#6502);
#13506 = STYLED_ITEM('color',(#13507),#5860);
#13507 = PRESENTATION_STYLE_ASSIGNMENT((#13508));
#13508 = SURFACE_STYLE_USAGE(.BOTH.,#13509);
#13509 = SURFACE_SIDE_STYLE('',(#13510));
#13510 = SURFACE_STYLE_FILL_AREA(#13511);
#13511 = FILL_AREA_STYLE('',(#13512));
#13512 = FILL_AREA_STYLE_COLOUR('',#13440);
#13513 = MECHANICAL_DESIGN_GEOMETRIC_PRESENTATION_REPRESENTATION('',(
    #13514),#639);
#13514 = STYLED_ITEM('color',(#13515),#93);
#13515 = PRESENTATION_STYLE_ASSIGNMENT((#13516));
#13516 = SURFACE_STYLE_USAGE(.BOTH.,#13517);
#13517 = SURFACE_SIDE_STYLE('',(#13518));
#13518 = SURFACE_STYLE_FILL_AREA(#13519);
#13519 = FILL_AREA_STYLE('',(#13520));
#13520 = FILL_AREA_STYLE_COLOUR('',#13440);
#13521 = MECHANICAL_DESIGN_GEOMETRIC_PRESENTATION_REPRESENTATION('',(
    #13522),#1553);
#13522 = STYLED_ITEM('color',(#13523),#1007);
#13523 = PRESENTATION_STYLE_ASSIGNMENT((#13524));
#13524 = SURFACE_STYLE_USAGE(.BOTH.,#13525);
#13525 = SURFACE_SIDE_STYLE('',(#13526));
#13526 = SURFACE_STYLE_FILL_AREA(#13527);
#13527 = FILL_AREA_STYLE('',(#13528));
#13528 = FILL_AREA_STYLE_COLOUR('',#13440);
#13529 = MECHANICAL_DESIGN_GEOMETRIC_PRESENTATION_REPRESENTATION('',(
    #13530),#9807);
#13530 = STYLED_ITEM('color',(#13531),#9165);
#13531 = PRESENTATION_STYLE_ASSIGNMENT((#13532));
#13532 = SURFACE_STYLE_USAGE(.BOTH.,#13533);
#13533 = SURFACE_SIDE_STYLE('',(#13534));
#13534 = SURFACE_STYLE_FILL_AREA(#13535);
#13535 = FILL_AREA_STYLE('',(#13536));
#13536 = FILL_AREA_STYLE_COLOUR('',#13440);
#13537 = MECHANICAL_DESIGN_GEOMETRIC_PRESENTATION_REPRESENTATION('',(
    #13538),#10468);
#13538 = STYLED_ITEM('color',(#13539),#9826);
#13539 = PRESENTATION_STYLE_ASSIGNMENT((#13540));
#13540 = SURFACE_STYLE_USAGE(.BOTH.,#13541);
#13541 = SURFACE_SIDE_STYLE('',(#13542));
#13542 = SURFACE_STYLE_FILL_AREA(#13543);
#13543 = FILL_AREA_STYLE('',(#13544));
#13544 = FILL_AREA_STYLE_COLOUR('',#13440);
#13545 = MECHANICAL_DESIGN_GEOMETRIC_PRESENTATION_REPRESENTATION('',(
    #13546),#5841);
#13546 = STYLED_ITEM('color',(#13547),#1572);
#13547 = PRESENTATION_STYLE_ASSIGNMENT((#13548));
#13548 = SURFACE_STYLE_USAGE(.BOTH.,#13549);
#13549 = SURFACE_SIDE_STYLE('',(#13550));
#13550 = SURFACE_STYLE_FILL_AREA(#13551);
#13551 = FILL_AREA_STYLE('',(#13552));
#13552 = FILL_AREA_STYLE_COLOUR('',#13440);
#13553 = MECHANICAL_DESIGN_GEOMETRIC_PRESENTATION_REPRESENTATION('',(
    #13554),#12575);
#13554 = STYLED_ITEM('color',(#13555),#11497);
#13555 = PRESENTATION_STYLE_ASSIGNMENT((#13556));
#13556 = SURFACE_STYLE_USAGE(.BOTH.,#13557);
#13557 = SURFACE_SIDE_STYLE('',(#13558));
#13558 = SURFACE_STYLE_FILL_AREA(#13559);
#13559 = FILL_AREA_STYLE('',(#13560));
#13560 = FILL_AREA_STYLE_COLOUR('',#13440);
ENDSEC;
END-ISO-10303-21;
