# Blender 5.2.1 LTS
# www.blender.org
mtllib temple_dome.mtl
o temple_dome
v 2.579498 0.300000 -0.325866
v 2.600000 0.000000 0.000000
v 2.579498 0.000000 -0.325866
v 2.600000 0.300000 0.000000
v 2.518316 0.300000 -0.646594
v 2.518316 0.000000 -0.646594
v 2.417419 0.300000 -0.957124
v 2.417419 0.000000 -0.957124
v 2.278397 0.300000 -1.252560
v 2.278397 0.000000 -1.252560
v 2.103444 0.300000 -1.528242
v 2.103444 0.000000 -1.528242
v 1.895318 0.300000 -1.779822
v 1.895318 0.000000 -1.779822
v 1.657302 0.300000 -2.003335
v 1.657302 0.000000 -2.003335
v 1.393150 0.300000 -2.195253
v 1.393150 0.000000 -2.195253
v 1.107026 0.300000 -2.352550
v 1.107026 0.000000 -2.352550
v 0.803444 0.300000 -2.472747
v 0.803444 0.000000 -2.472747
v 0.487191 0.000000 -2.553947
v 0.487191 0.300000 -2.553947
v 0.163255 0.300000 -2.594869
v 0.163255 0.000000 -2.594869
v -0.163255 0.300000 -2.594869
v -0.163255 0.000000 -2.594869
v -0.487191 0.300000 -2.553947
v -0.487191 0.000000 -2.553947
v -0.803444 0.300000 -2.472747
v -0.803444 0.000000 -2.472747
v -1.107026 0.000000 -2.352550
v -1.107026 0.300000 -2.352550
v -1.393150 0.300000 -2.195253
v -1.393150 0.000000 -2.195253
v -1.657302 0.300000 -2.003335
v -1.657302 0.000000 -2.003335
v -1.895318 0.300000 -1.779822
v -1.895318 0.000000 -1.779822
v -2.103444 0.300000 -1.528242
v -2.103444 0.000000 -1.528242
v -2.278397 0.300000 -1.252560
v -2.278397 0.000000 -1.252560
v -2.417419 0.300000 -0.957124
v -2.417419 0.000000 -0.957124
v -2.518316 0.000000 -0.646594
v -2.518316 0.300000 -0.646594
v -2.579498 0.300000 -0.325866
v -2.579498 0.000000 -0.325866
v -2.600000 0.300000 0.000000
v -2.600000 0.000000 0.000000
v -2.579498 0.300000 0.325866
v -2.579498 0.000000 0.325866
v -2.518316 0.300000 0.646594
v -2.518316 0.000000 0.646594
v -2.417419 0.300000 0.957124
v -2.417419 0.000000 0.957124
v -2.278397 0.000000 1.252560
v -2.278397 0.300000 1.252560
v -2.103444 0.300000 1.528242
v -2.103444 0.000000 1.528242
v -1.895318 0.300000 1.779822
v -1.895318 0.000000 1.779822
v -1.657302 0.300000 2.003335
v -1.657302 0.000000 2.003335
v -1.393150 0.300000 2.195253
v -1.393150 0.000000 2.195253
v -1.107026 0.300000 2.352550
v -1.107026 0.000000 2.352550
v -0.803444 0.300000 2.472747
v -0.803444 0.000000 2.472747
v -0.487191 0.300000 2.553947
v -0.487191 0.000000 2.553947
v -0.163255 0.300000 2.594869
v -0.163255 0.000000 2.594869
v 0.163255 0.000000 2.594869
v 0.163255 0.300000 2.594869
v 0.487191 0.000000 2.553947
v 0.487191 0.300000 2.553947
v 0.803444 0.300000 2.472747
v 0.803444 0.000000 2.472747
v 1.107026 0.300000 2.352550
v 1.107026 0.000000 2.352550
v 1.393150 0.300000 2.195253
v 1.393150 0.000000 2.195253
v 1.657302 0.300000 2.003335
v 1.657302 0.000000 2.003335
v 1.895318 0.300000 1.779822
v 1.895318 0.000000 1.779822
v 2.103444 0.300000 1.528242
v 2.103444 0.000000 1.528242
v 2.278397 0.300000 1.252560
v 2.278397 0.000000 1.252560
v 2.417419 0.300000 0.957124
v 2.417419 0.000000 0.957124
v 2.518316 0.000000 0.646594
v 2.518316 0.300000 0.646594
v 2.579498 0.300000 0.325866
v 2.579498 0.000000 0.325866
v 2.504059 0.777041 -0.000000
v 2.381536 1.294977 -0.313535
v 2.402087 1.294977 0.000000
v 2.381536 1.294977 0.313535
v 2.464756 0.784383 -0.433834
v 2.320238 1.294977 -0.621706
v 2.346815 0.807820 -0.855958
v 2.219239 1.294977 -0.919239
v 2.170230 0.767628 -1.252922
v 2.080451 1.295174 -1.201174
v 1.905704 1.294977 -1.462298
v 1.917815 0.781198 -1.608835
v 1.698532 1.294977 -1.698532
v 1.604177 0.817536 -1.912206
v 1.462298 1.294977 -1.905704
v 1.255098 0.748900 -2.173303
v 1.201221 1.294781 -2.080621
v 0.919239 1.294977 -2.219239
v 0.854621 0.797594 -2.349432
v 0.621706 1.294977 -2.320238
v 0.433260 0.814350 -2.458737
v 0.313535 1.294977 -2.381536
v -0.000000 0.740464 -2.511345
v -0.000000 1.294977 -2.402087
v -0.313535 1.294977 -2.381536
v -0.433261 0.814348 -2.458737
v -0.621706 1.294977 -2.320238
v -0.854621 0.797593 -2.349433
v -0.919239 1.294977 -2.219239
v -1.255097 0.748899 -2.173303
v -1.201174 1.295174 -2.080451
v -1.462298 1.294977 -1.905704
v -1.604177 0.817536 -1.912206
v -1.698532 1.294977 -1.698532
v -1.917815 0.781199 -1.608835
v -1.905704 1.294977 -1.462298
v -2.170230 0.767629 -1.252922
v -2.080621 1.294781 -1.201221
v -2.219239 1.294977 -0.919239
v -2.346814 0.807821 -0.855959
v -2.320238 1.294977 -0.621706
v -2.464756 0.784384 -0.433833
v -2.381536 1.294977 -0.313535
v -2.504058 0.777043 0.000000
v -2.402087 1.294977 -0.000000
v -2.381536 1.294977 0.313535
v -2.464756 0.784383 0.433833
v -2.320238 1.294977 0.621706
v -2.346814 0.807820 0.855958
v -2.219239 1.294977 0.919239
v -2.170230 0.767628 1.252922
v -2.080451 1.295174 1.201174
v -1.905704 1.294977 1.462298
v -1.917815 0.781198 1.608835
v -1.698532 1.294977 1.698532
v -1.604177 0.817536 1.912206
v -1.462298 1.294977 1.905704
v -1.255097 0.748900 2.173303
v -1.201221 1.294781 2.080621
v -0.919239 1.294977 2.219239
v -0.854622 0.797593 2.349432
v -0.621706 1.294977 2.320238
v -0.433260 0.814350 2.458737
v -0.313535 1.294977 2.381536
v 0.000001 0.740464 2.511345
v -0.000000 1.294977 2.402087
v 0.313535 1.294977 2.381536
v 0.433260 0.814348 2.458737
v 0.621706 1.294977 2.320238
v 0.854621 0.797593 2.349433
v 0.919239 1.294977 2.219239
v 1.255097 0.748899 2.173303
v 1.201174 1.295174 2.080451
v 1.462298 1.294977 1.905704
v 1.604177 0.817536 1.912206
v 1.698532 1.294977 1.698532
v 1.917815 0.781199 1.608835
v 1.905704 1.294977 1.462298
v 2.170230 0.767629 1.252922
v 2.080621 1.294781 1.201221
v 2.219239 1.294977 0.919239
v 2.346814 0.807820 0.855958
v 2.320238 1.294977 0.621706
v 2.464756 0.784383 0.433834
v 2.168660 1.643414 0.000000
v 1.811921 2.137658 -0.323870
v 1.838622 2.138563 -0.000014
v 1.811921 2.137658 0.323869
v 2.128512 1.654392 -0.374991
v 1.756799 2.138478 -0.541901
v 2.006387 1.692984 -0.730873
v 1.693205 2.138120 -0.720313
v 1.820974 1.741734 -1.051339
v 1.538545 2.138464 -1.006989
v 1.636148 1.692984 -1.372145
v 1.334440 2.139034 -1.263612
v 1.389007 1.654391 -1.655850
v 1.092991 2.140116 -1.476233
v 1.084330 1.643415 -1.878114
v 0.919239 2.138478 -1.592168
v 0.731960 2.140116 -1.684674
v 0.739504 1.654391 -2.030841
v 0.427101 2.139034 -1.787465
v 0.370239 1.692986 -2.103018
v 0.102806 2.138464 -1.835914
v -0.000000 1.741738 -2.102677
v -0.222793 2.138120 -1.826514
v -0.370238 1.692987 -2.103017
v -0.409100 2.138478 -1.792383
v -0.739505 1.654391 -2.030841
v -0.625481 2.137658 -1.731105
v -1.084329 1.643415 -1.878114
v -0.919239 2.138478 -1.592168
v -1.186440 2.137658 -1.407235
v -1.389007 1.654393 -1.655849
v -1.347700 2.138478 -1.250482
v -1.636149 1.692983 -1.372146
v -1.519022 2.138478 -1.035651
v -1.820974 1.741733 -1.051340
v -1.641351 2.138464 -0.828924
v -2.006388 1.692983 -0.730873
v -1.761540 2.139034 -0.523853
v -2.128512 1.654391 -0.374991
v -1.824951 2.140116 -0.208441
v -2.168660 1.643415 0.000000
v -1.824951 2.140116 0.208441
v -2.128512 1.654392 0.374991
v -1.761540 2.139034 0.523853
v -2.006387 1.692984 0.730873
v -1.641351 2.138464 0.828924
v -1.820974 1.741734 1.051339
v -1.519022 2.138478 1.035651
v -1.636148 1.692984 1.372145
v -1.347700 2.138478 1.250482
v -1.389007 1.654391 1.655850
v -1.186441 2.137658 1.407235
v -1.084330 1.643415 1.878114
v -0.919239 2.138478 1.592168
v -0.625481 2.137658 1.731105
v -0.739504 1.654391 2.030841
v -0.409100 2.138478 1.792383
v -0.370239 1.692986 2.103018
v -0.222793 2.138120 1.826514
v 0.000000 1.741738 2.102677
v 0.102806 2.138464 1.835914
v 0.370238 1.692987 2.103017
v 0.427101 2.139034 1.787465
v 0.739505 1.654391 2.030841
v 0.731960 2.140116 1.684674
v 1.084329 1.643415 1.878114
v 0.919239 2.138478 1.592168
v 1.092991 2.140116 1.476233
v 1.389007 1.654393 1.655849
v 1.334440 2.139034 1.263613
v 1.636149 1.692983 1.372146
v 1.538545 2.138464 1.006990
v 1.820974 1.741733 1.051340
v 1.693205 2.138120 0.720313
v 2.006388 1.692983 0.730873
v 1.756799 2.138478 0.541901
v 2.128512 1.654391 0.374991
v 1.531733 2.343270 0.000000
v 0.958368 2.702961 -0.279155
v 0.994977 2.702087 0.000000
v 0.984034 2.704021 0.123294
v 0.861675 2.702087 -0.497488
v 0.707570 2.702760 -0.703544
v 0.497488 2.702087 -0.861675
v 0.385095 2.702235 -0.918660
v 0.121475 2.703773 -0.985502
v 0.000000 2.702087 -0.994977
v -0.294239 2.703103 -0.952631
v -0.765865 2.343272 -1.326517
v -0.497488 2.702087 -0.861675
v -0.630501 2.702344 -0.768883
v -0.776338 2.702435 -0.620122
v -0.861675 2.702087 -0.497488
v -0.917826 2.702477 -0.384011
v -0.986756 2.703526 -0.121466
v -0.954470 2.702978 0.290648
v -0.776338 2.702435 0.620122
v -0.861675 2.702087 0.497488
v -0.765865 2.343272 1.326517
v -0.630502 2.702344 0.768882
v -0.497488 2.702087 0.861675
v -0.294239 2.703103 0.952631
v -0.000000 2.702087 0.994977
v 0.121475 2.703773 0.985502
v 0.385094 2.702235 0.918660
v 0.497488 2.702087 0.861675
v 0.707570 2.702760 0.703544
v 0.861675 2.702087 0.497488
v 0.920649 2.702107 0.382243
v 0.958261 2.630267 -0.097754
v 0.945710 2.628123 0.194495
v 0.683276 2.629337 -0.683276
v 0.879964 2.627342 -0.406851
v 0.097753 2.630267 -0.958261
v 0.406851 2.627342 -0.879964
v -0.683276 2.629337 -0.683276
v -0.189113 2.628994 -0.943438
v -0.406851 2.627342 -0.879964
v -0.945710 2.628123 -0.194494
v -0.964642 2.628266 -0.000349
v -0.879964 2.627342 -0.406851
v -0.683276 2.629337 0.683276
v -0.945710 2.628123 0.194494
v -0.879964 2.627342 0.406851
v -0.189113 2.628994 0.943438
v 0.097753 2.630267 0.958261
v -0.406851 2.627342 0.879964
v 0.683276 2.629337 0.683276
v 0.406851 2.627342 0.879964
v 0.879964 2.627342 0.406851
v 1.754849 2.080924 -0.322678
v 1.781469 2.082393 -0.000000
v 1.754849 2.080924 0.322679
v 1.632069 2.082031 -0.717157
v 1.698866 2.081909 -0.537639
v 1.474658 2.082068 -1.000147
v 1.266284 2.082274 -1.253043
v 1.019844 2.082772 -1.460669
v 0.657914 2.082110 -1.656522
v 0.851253 2.081909 -1.565429
v 0.344575 2.082603 -1.747575
v 0.019864 2.081034 -1.783716
v -0.204355 2.081909 -1.770152
v -0.696020 2.081839 -1.640801
v -0.472173 2.081909 -1.718212
v -0.983983 2.082458 -1.484754
v -1.234442 2.083374 -1.283110
v -1.497500 2.083849 -0.961838
v -1.374724 2.081909 -1.133726
v -1.647269 2.082566 -0.677453
v -1.745315 2.081527 -0.364606
v -1.776681 2.081909 -0.136404
v -1.745315 2.081527 0.364606
v -1.781200 2.083916 0.061027
v -1.647269 2.082566 0.677453
v -1.497500 2.083849 0.961838
v -1.234442 2.083374 1.283111
v -1.374724 2.081909 1.133726
v -0.983983 2.082458 1.484754
v -0.696020 2.081839 1.640801
v -0.472173 2.081909 1.718212
v 0.019863 2.081034 1.783716
v -0.204355 2.081909 1.770152
v 0.344575 2.082603 1.747575
v 0.657914 2.082110 1.656522
v 1.019844 2.082772 1.460669
v 0.851253 2.081909 1.565429
v 1.266284 2.082274 1.253044
v 1.474658 2.082068 1.000148
v 1.632069 2.082031 0.717158
v 1.698866 2.081909 0.537639
v 2.299272 1.262324 -0.378824
v 2.327684 1.265247 0.000000
v 2.299272 1.262324 0.378825
v 2.245454 1.264362 -0.615094
v 1.953986 1.635311 -0.711801
v 2.143435 1.264362 -0.908895
v 1.764783 1.697527 -1.019134
v 2.003167 1.264362 -1.186477
v 1.827151 1.264362 -1.442887
v 1.571377 1.678736 -1.317392
v 1.618531 1.264362 -1.673548
v 1.336414 1.636933 -1.591891
v 1.381027 1.264362 -1.874345
v 1.152757 1.263192 -2.023937
v 0.804172 1.264830 -2.184688
v 0.539718 1.264362 -2.264754
v 0.367299 1.586046 -2.080551
v 0.233040 1.264362 -2.316484
v -0.000847 1.645741 -2.072663
v -0.077796 1.264362 -2.326876
v -0.400765 1.265836 -2.292315
v -0.689782 1.264362 -2.223647
v -0.705618 1.658966 -1.939341
v -0.980010 1.264362 -2.111868
v -1.034600 1.650054 -1.792574
v -1.252751 1.264362 -1.962402
v -1.497560 1.265692 -1.781568
v -1.771489 1.261807 -1.514091
v -1.919445 1.264362 -1.317625
v -1.834348 1.577305 -1.060051
v -2.077941 1.264362 -1.050031
v -2.189731 1.265408 -0.788916
v -2.281524 1.264362 -0.463740
v -2.019963 1.677780 -0.356701
v -2.322977 1.264362 -0.155505
v -2.067734 1.652944 0.000000
v -2.322977 1.264362 0.155505
v -2.019964 1.677780 0.356701
v -2.281524 1.264362 0.463740
v -2.189731 1.265408 0.788915
v -2.077941 1.264362 1.050031
v -1.834348 1.577305 1.060050
v -1.919445 1.264362 1.317625
v -1.771488 1.261807 1.514091
v -1.497560 1.265692 1.781568
v -1.252751 1.264362 1.962402
v -1.034600 1.650055 1.792574
v -0.980010 1.264362 2.111868
v -0.705618 1.658967 1.939341
v -0.689782 1.264362 2.223647
v -0.400765 1.265836 2.292315
v -0.077796 1.264362 2.326876
v -0.000846 1.645739 2.072664
v 0.233040 1.264362 2.316484
v 0.367300 1.586045 2.080551
v 0.539718 1.264362 2.264754
v 0.804172 1.264830 2.184688
v 1.152757 1.263192 2.023937
v 1.381027 1.264362 1.874345
v 1.336413 1.636935 1.591890
v 1.618531 1.264362 1.673548
v 1.571377 1.678736 1.317392
v 1.827151 1.264362 1.442887
v 1.764783 1.697527 1.019135
v 2.003167 1.264362 1.186477
v 2.143435 1.264362 0.908895
v 1.953985 1.635312 0.711800
v 2.245454 1.264362 0.615094
v 2.427358 0.760816 -0.000000
v 2.499311 0.300000 -0.322250
v 2.520000 0.300000 0.000000
v 2.499311 0.300000 0.322250
v 2.389301 0.767646 -0.420543
v 2.437583 0.300000 -0.639210
v 2.275466 0.788742 -0.829167
v 2.335830 0.300000 -0.945673
v 2.101796 0.762764 -1.213523
v 2.195723 0.300000 -1.236608
v 2.019562 0.300000 -1.507239
v 1.862476 0.745915 -1.561404
v 1.810240 0.300000 -1.753120
v 1.552850 0.809877 -1.853038
v 1.571194 0.300000 -1.970215
v 1.212610 0.762122 -2.102567
v 1.306349 0.300000 -2.154960
v 1.020054 0.300000 -2.304320
v 0.832212 0.731807 -2.286384
v 0.717010 0.300000 -2.415843
v 0.419729 0.812821 -2.380226
v 0.402192 0.300000 -2.487698
v 0.080770 0.300000 -2.518705
v 0.000173 0.773326 -2.424951
v -0.241978 0.300000 -2.508355
v -0.422790 0.725029 -2.397492
v -0.560753 0.300000 -2.456818
v -0.826628 0.811876 -2.271408
v -0.870320 0.300000 -2.364940
v -1.165596 0.300000 -2.234230
v -1.212186 0.774725 -2.099846
v -1.441734 0.300000 -2.066834
v -1.564286 0.731427 -1.863761
v -1.694198 0.300000 -1.865501
v -1.853371 0.799296 -1.555600
v -1.918844 0.300000 -1.633536
v -2.111982 0.300000 -1.374748
v -2.099585 0.775433 -1.212283
v -2.270442 0.300000 -1.093387
v -2.282746 0.753030 -0.830012
v -2.391620 0.300000 -0.794073
v -2.387886 0.773532 -0.421918
v -2.473529 0.300000 -0.481720
v -2.514822 0.300000 -0.161457
v -2.424381 0.775647 -0.000000
v -2.514822 0.300000 0.161457
v -2.387887 0.773529 0.421918
v -2.473529 0.300000 0.481720
v -2.391620 0.300000 0.794073
v -2.282746 0.753030 0.830011
v -2.270442 0.300000 1.093387
v -2.099585 0.775433 1.212283
v -2.111982 0.300000 1.374748
v -1.853370 0.799297 1.555600
v -1.918844 0.300000 1.633536
v -1.694198 0.300000 1.865501
v -1.564285 0.731428 1.863761
v -1.441734 0.300000 2.066834
v -1.212186 0.774727 2.099845
v -1.165596 0.300000 2.234230
v -0.826628 0.811876 2.271408
v -0.870320 0.300000 2.364940
v -0.560753 0.300000 2.456818
v -0.422790 0.725029 2.397492
v -0.241978 0.300000 2.508355
v 0.000174 0.773328 2.424950
v 0.080770 0.300000 2.518705
v 0.419729 0.812820 2.380226
v 0.402192 0.300000 2.487698
v 0.717010 0.300000 2.415843
v 0.832212 0.731807 2.286384
v 1.020054 0.300000 2.304320
v 1.212609 0.762122 2.102567
v 1.306349 0.300000 2.154960
v 1.571194 0.300000 1.970215
v 1.552850 0.809877 1.853038
v 1.810240 0.300000 1.753120
v 1.862477 0.745915 1.561404
v 2.019562 0.300000 1.507239
v 2.101795 0.762765 1.213523
v 2.195723 0.300000 1.236608
v 2.335830 0.300000 0.945673
v 2.275466 0.788742 0.829166
v 2.437583 0.300000 0.639210
v 2.389301 0.767647 0.420543
v 2.499311 0.000000 -0.322250
v 2.520000 0.000000 0.000000
v 2.437583 0.000000 -0.639210
v 2.335830 0.000000 -0.945673
v 2.195723 0.000000 -1.236608
v 2.019562 0.000000 -1.507239
v 1.810240 0.000000 -1.753120
v 1.571194 0.000000 -1.970215
v 1.306349 0.000000 -2.154960
v 1.020054 0.000000 -2.304320
v 0.717010 0.000000 -2.415843
v 0.402192 0.000000 -2.487698
v 0.080770 0.000000 -2.518705
v -0.241978 0.000000 -2.508355
v -0.560753 0.000000 -2.456818
v -0.870320 0.000000 -2.364940
v -1.165596 0.000000 -2.234230
v -1.441734 0.000000 -2.066834
v -1.694198 0.000000 -1.865501
v -1.918844 0.000000 -1.633536
v -2.111982 0.000000 -1.374748
v -2.270442 0.000000 -1.093387
v -2.391620 0.000000 -0.794073
v -2.473529 0.000000 -0.481720
v -2.514822 0.000000 -0.161457
v -2.514822 0.000000 0.161457
v -2.473529 0.000000 0.481720
v -2.391620 0.000000 0.794073
v -2.270442 0.000000 1.093387
v -2.111982 0.000000 1.374748
v -1.918844 0.000000 1.633536
v -1.694198 0.000000 1.865501
v -1.441734 0.000000 2.066834
v -1.165596 0.000000 2.234230
v -0.870320 0.000000 2.364940
v -0.560753 0.000000 2.456818
v -0.241978 0.000000 2.508355
v 0.080770 0.000000 2.518705
v 0.402192 0.000000 2.487698
v 0.717010 0.000000 2.415843
v 1.020054 0.000000 2.304320
v 1.306349 0.000000 2.154960
v 1.571194 0.000000 1.970215
v 1.810240 0.000000 1.753120
v 2.019562 0.000000 1.507239
v 2.195723 0.000000 1.236608
v 2.335830 0.000000 0.945673
v 2.437583 0.000000 0.639210
v 2.499311 0.000000 0.322250
v 2.400799 1.294752 -0.092367
v 2.598444 0.300000 -0.099977
v 1.837118 2.138478 -0.070693
v 0.994372 2.702093 -0.038262
v 1.018071 2.757526 -0.000001
v 0.000000 2.960000 0.000000
v 1.017185 2.757519 -0.039142
v 1.879778 2.180904 -0.072329
v 1.880904 2.180904 0.000000
v 2.456156 1.317939 -0.094494
v 2.457520 1.317938 0.000000
v 2.660374 0.300000 -0.000025
v 2.658033 0.300000 -0.102282
v 2.200330 0.300000 -1.385804
v 2.251666 0.300000 -1.300000
v 2.032547 1.294977 -1.280146
v 1.592387 2.138478 -0.919376
v 1.555644 2.138478 -0.979781
v 0.842072 2.702081 -0.530355
v 0.861451 2.757526 -0.542560
v 0.881560 2.757519 -0.508969
v 1.629138 2.180904 -0.940589
v 1.591544 2.180904 -1.002391
v 2.128526 1.318169 -1.228924
v 2.079452 1.317938 -1.309688
v 2.251113 0.300000 -1.417774
v 2.303627 0.300000 -1.330000
v 1.212639 0.300000 -2.300307
v 1.300000 0.300000 -2.251666
v 1.120165 1.294977 -2.124912
v 0.857436 2.138576 -1.626503
v 0.464049 2.702093 -0.880283
v 0.509066 2.757514 -0.881731
v 0.474695 2.757519 -0.900479
v 0.940580 2.180904 -1.629142
v 0.877122 2.180904 -1.663868
v 1.228896 1.318169 -2.128542
v 1.146015 1.317938 -2.173949
v 1.240634 0.300000 -2.353384
v 1.330000 0.300000 -2.303627
v -0.092367 1.294752 -2.400799
v -0.099977 0.300000 -2.598444
v 0.000000 0.300000 -2.600000
v -0.000011 2.138576 -1.838671
v -0.070693 2.138478 -1.837118
v -0.038262 2.702093 -0.994372
v -0.000001 2.757526 -1.018071
v -0.039142 2.757519 -1.017185
v -0.072329 2.180904 -1.879778
v 0.000000 2.180904 -1.880904
v -0.094494 1.317939 -2.456156
v 0.000000 1.317938 -2.457520
v -0.000025 0.300000 -2.660374
v -0.102282 0.300000 -2.658033
v -1.385804 0.300000 -2.200330
v -1.300000 0.300000 -2.251666
v -1.280146 1.294977 -2.032547
v -0.979911 2.138478 -1.555868
v -0.530355 2.702081 -0.842072
v -0.542560 2.757526 -0.861451
v -0.508969 2.757519 -0.881560
v -0.940589 2.180904 -1.629138
v -1.002391 2.180904 -1.591544
v -1.228924 1.318169 -2.128526
v -1.309688 1.317938 -2.079452
v -1.417774 0.300000 -2.251113
v -1.330000 0.300000 -2.303627
v -2.300307 0.300000 -1.212639
v -2.251666 0.300000 -1.300000
v -2.124912 1.294977 -1.120165
v -1.626503 2.138576 -0.857436
v -1.592168 2.138478 -0.919239
v -0.880282 2.702093 -0.464049
v -0.881731 2.757514 -0.509066
v -0.900479 2.757519 -0.474695
v -1.629142 2.180904 -0.940580
v -1.663868 2.180904 -0.877122
v -2.128542 1.318169 -1.228896
v -2.173949 1.317938 -1.146015
v -2.353384 0.300000 -1.240634
v -2.303627 0.300000 -1.330000
v -2.400799 1.294752 0.092367
v -2.598444 0.300000 0.099977
v -1.838642 2.138533 0.000015
v -1.837118 2.138478 0.070693
v -0.994372 2.702093 0.038263
v -0.994977 2.702087 -0.000000
v -1.018071 2.757526 0.000001
v -1.017185 2.757519 0.039142
v -1.879778 2.180904 0.072330
v -1.880904 2.180904 -0.000000
v -2.456156 1.317939 0.094494
v -2.457520 1.317938 -0.000000
v -2.660374 0.300000 0.000025
v -2.658033 0.300000 0.102282
v -2.200330 0.300000 1.385804
v -2.251666 0.300000 1.300000
v -2.032547 1.294977 1.280146
v -1.592387 2.138478 0.919376
v -1.555644 2.138478 0.979781
v -0.842072 2.702081 0.530355
v 0.000000 2.900000 0.000000
v -0.861450 2.757526 0.542560
v -0.881560 2.757519 0.508969
v -1.629138 2.180904 0.940589
v -1.591544 2.180904 1.002391
v -2.128526 1.318169 1.228924
v -2.079452 1.317938 1.309688
v -2.251113 0.300000 1.417774
v -2.303627 0.300000 1.330000
v -1.212639 0.300000 2.300307
v -1.300000 0.300000 2.251666
v -1.120165 1.294977 2.124912
v -0.857436 2.138576 1.626503
v -0.464049 2.702093 0.880282
v -0.509065 2.757514 0.881732
v -0.474695 2.757519 0.900479
v -0.940580 2.180904 1.629142
v -0.877122 2.180904 1.663868
v -1.228896 1.318169 2.128542
v -1.146015 1.317938 2.173949
v -1.240634 0.300000 2.353384
v -1.330000 0.300000 2.303627
v 0.092367 1.294752 2.400799
v 0.099977 0.300000 2.598444
v -0.000000 0.300000 2.600000
v 0.000011 2.138576 1.838671
v 0.070693 2.138478 1.837118
v 0.038262 2.702093 0.994372
v 0.000001 2.757526 1.018071
v 0.039142 2.757519 1.017185
v 0.072329 2.180904 1.879778
v -0.000000 2.180904 1.880904
v 0.094494 1.317939 2.456156
v -0.000000 1.317938 2.457520
v 0.000025 0.300000 2.660374
v 0.102282 0.300000 2.658033
v 1.385804 0.300000 2.200330
v 1.300000 0.300000 2.251666
v 1.280146 1.294977 2.032547
v 0.979911 2.138478 1.555868
v 0.530355 2.702081 0.842072
v 0.542560 2.757526 0.861451
v 0.508969 2.757519 0.881560
v 0.940589 2.180904 1.629138
v 1.002391 2.180904 1.591544
v 1.228924 1.318169 2.128526
v 1.309688 1.317938 2.079452
v 1.417774 0.300000 2.251113
v 1.330000 0.300000 2.303627
v 2.300307 0.300000 1.212639
v 2.251666 0.300000 1.300000
v 2.124912 1.294977 1.120165
v 1.626503 2.138576 0.857436
v 1.592168 2.138478 0.919239
v 0.880283 2.702093 0.464049
v 0.881732 2.757514 0.509065
v 0.900479 2.757519 0.474695
v 1.629142 2.180904 0.940580
v 1.663868 2.180904 0.877122
v 2.128542 1.318169 1.228896
v 2.173949 1.317938 1.146015
v 2.353384 0.300000 1.240634
v 2.303627 0.300000 1.330000
v 0.424290 2.900003 -0.160263
v 0.450000 3.301500 0.000000
v 0.450383 2.900000 0.032356
v 0.443163 3.301500 -0.078142
v 0.417371 3.200742 -0.172109
v 0.422862 3.301500 -0.153909
v 0.389711 3.301500 -0.225000
v 0.417014 3.000757 -0.172438
v 0.356671 3.200747 -0.275034
v 0.344720 3.301500 -0.289254
v 0.356689 3.000754 -0.275143
v 0.344720 2.900000 -0.289254
v 0.253212 2.900000 -0.373865
v 0.289254 3.301500 -0.344720
v 0.225000 3.301500 -0.389711
v 0.076066 2.900002 -0.446587
v 0.153909 3.301500 -0.422862
v 0.078142 3.301500 -0.443163
v -0.057421 3.200758 -0.449632
v 0.000000 3.301500 -0.450000
v 0.060000 3.200750 -0.445982
v 0.057421 3.000743 -0.449632
v -0.078142 3.301500 -0.443163
v -0.060000 3.000750 -0.445982
v -0.078142 2.900000 -0.443163
v -0.153909 3.301500 -0.422862
v -0.197171 2.900000 -0.406221
v -0.225000 3.301500 -0.389711
v -0.350808 2.900002 -0.286980
v -0.289254 3.301500 -0.344720
v -0.356627 3.200747 -0.275094
v -0.344720 3.301500 -0.289254
v -0.389711 3.301500 -0.225000
v -0.356725 3.000754 -0.275092
v -0.417213 3.200742 -0.172431
v -0.422862 3.301500 -0.153909
v -0.417190 3.000757 -0.172068
v -0.422862 2.900000 -0.153909
v -0.450383 2.900000 -0.032356
v -0.443163 3.301500 -0.078142
v -0.450000 3.301500 -0.000000
v -0.423936 2.900002 0.160319
v -0.443163 3.301500 0.078142
v -0.422862 3.301500 0.153909
v -0.417190 3.200743 0.172068
v -0.389711 3.301500 0.225000
v -0.417213 3.000758 0.172431
v -0.356671 3.200747 0.275034
v -0.344720 3.301500 0.289254
v -0.356689 3.000754 0.275143
v -0.344720 2.900000 0.289254
v -0.253212 2.900000 0.373865
v -0.289254 3.301500 0.344720
v -0.225000 3.301500 0.389711
v -0.153909 3.301500 0.422862
v -0.076105 2.900004 0.446898
v 0.057421 3.200758 0.449632
v -0.078142 3.301500 0.443163
v -0.060000 3.200750 0.445982
v -0.000000 3.301500 0.450000
v -0.057091 3.000740 0.449291
v 0.078142 3.301500 0.443163
v 0.060000 3.000750 0.445982
v 0.078142 2.900000 0.443163
v 0.197171 2.900000 0.406221
v 0.153909 3.301500 0.422862
v 0.225000 3.301500 0.389711
v 0.350808 2.900001 0.286980
v 0.289254 3.301500 0.344720
v 0.344720 3.301500 0.289254
v 0.356627 3.200747 0.275094
v 0.389711 3.301500 0.225000
v 0.356725 3.000754 0.275092
v 0.417014 3.200743 0.172438
v 0.422862 3.301500 0.153909
v 0.417371 3.000758 0.172109
v 0.422862 2.900000 0.153909
v 0.443163 3.301500 0.078142
v 0.186506 3.000750 -0.176962
v 0.186506 3.200750 -0.176962
v 0.246506 3.000750 -0.073038
v 0.246506 3.200750 -0.073038
v -0.060000 3.000750 -0.250000
v -0.060000 3.200750 -0.250000
v 0.060000 3.200750 -0.250000
v 0.060000 3.000750 -0.250000
v -0.246506 3.000750 -0.073038
v -0.246506 3.200750 -0.073038
v -0.186506 3.200750 -0.176962
v -0.186506 3.000750 -0.176962
v -0.186506 3.000750 0.176962
v -0.186506 3.200750 0.176962
v -0.246506 3.200750 0.073038
v -0.246506 3.000750 0.073038
v 0.060000 3.000750 0.250000
v 0.060000 3.200750 0.250000
v -0.060000 3.200750 0.250000
v -0.060000 3.000750 0.250000
v 0.246506 3.000750 0.073038
v 0.246506 3.200750 0.073038
v 0.186506 3.200750 0.176962
v 0.186506 3.000750 0.176962
v 0.247946 3.449999 -0.000000
v 0.230399 3.450013 -0.094001
v 0.159180 3.450002 -0.191861
v 0.049810 3.450010 -0.243854
v -0.044900 3.449998 -0.243848
v -0.141152 3.450091 -0.205472
v -0.219467 3.450011 -0.117332
v -0.248898 3.450010 -0.003665
v -0.231686 3.449995 0.088330
v -0.176067 3.450087 0.176403
v -0.067857 3.450094 0.239897
v 0.049810 3.450010 0.243854
v 0.159173 3.450011 0.191852
v 0.230399 3.450013 0.094001
v 0.007618 3.449835 -0.007559
v 0.036218 3.457084 0.007548
v 0.030487 3.458167 -0.025581
v 0.066245 3.479148 -0.019024
v 0.000793 3.457970 -0.038601
v 0.036269 3.474588 -0.051797
v -0.024879 3.453275 -0.016286
v 0.084625 3.506877 -0.010551
v 0.010675 3.487157 -0.074512
v -0.024797 3.481327 -0.065682
v 0.046877 3.499014 -0.066947
v 0.081056 3.523983 -0.039960
v -0.051797 3.474588 -0.036269
v 0.004220 3.453950 0.030836
v -0.058525 3.469376 0.003415
v -0.028064 3.457867 0.026827
v 0.089414 3.553502 -0.019122
v 0.085035 3.571288 0.014400
v 0.056307 3.541173 -0.072302
v -0.015622 3.524136 -0.088594
v -0.066947 3.499014 -0.046877
v 0.027527 3.548094 -0.087916
v -0.047284 3.516445 -0.073774
v 0.064648 3.604991 -0.010290
v -0.036269 3.474588 0.051797
v -0.073295 3.499413 0.039339
v -0.088333 3.516378 -0.012195
v 0.057790 3.580986 -0.057790
v -0.010675 3.487157 0.074512
v -0.076298 3.532063 -0.048512
v -0.003834 3.563277 -0.088206
v -0.051976 3.555982 -0.074229
v -0.088594 3.524136 0.015622
v 0.024797 3.481327 0.065682
v -0.046877 3.499014 0.066947
v 0.049173 3.469539 0.031324
v 0.040095 3.605453 -0.049145
v 0.015328 3.588575 -0.075817
v -0.075853 3.572370 -0.039709
v -0.011761 3.605894 -0.063252
v 0.025097 3.623722 -0.027148
v -0.035028 3.531821 0.084796
v -0.084457 3.578889 0.003196
v -0.074229 3.555982 0.051976
v -0.044352 3.598851 -0.054035
v 0.076197 3.494115 0.021813
v 0.015622 3.524136 0.088594
v 0.055082 3.508432 0.066221
v 0.008838 3.630253 0.005144
v -0.075817 3.588575 -0.015328
v -0.039709 3.572370 0.075853
v -0.010836 3.626578 -0.026545
v 0.082506 3.529025 0.038473
v 0.003834 3.563277 0.088206
v 0.051976 3.555982 0.074229
v -0.054035 3.598851 0.044352
v -0.044058 3.615511 -0.024102
v -0.045452 3.618941 0.010048
v -0.015328 3.588575 0.075817
v -0.022216 3.628082 -0.002301
v 0.075555 3.572103 0.040856
v 0.029118 3.592767 0.068896
v -0.017418 3.620372 0.039432
v 0.009240 3.613011 0.053810
v 0.054708 3.604562 0.034091
v 0.027195 3.623871 0.024668
v 0.044975 3.630049 -0.008247
v 0.004389 4.150056 0.001635
v 0.029365 3.630013 -0.035092
v -0.000405 3.630056 -0.045701
v -0.022744 3.630008 -0.038892
v -0.039963 3.630055 -0.022032
v -0.044882 3.630046 0.008616
v -0.029212 3.630048 0.035220
v 0.000450 3.630051 0.045707
v 0.022744 3.630008 0.038892
v 0.039921 3.630055 0.022086
v -0.004560 4.150160 0.001541
v -0.000085 4.150012 -0.004302
v -0.045000 3.185750 -0.430000
v -0.045000 3.015750 -0.430000
v -0.045000 3.015750 -0.400000
v -0.045000 3.185750 -0.400000
v 0.045000 3.185750 -0.430000
v 0.045000 3.185750 -0.400000
v 0.045000 3.015750 -0.430000
v 0.045000 3.015750 -0.400000
v -0.394891 3.185750 -0.176029
v -0.394891 3.015750 -0.176029
v -0.368910 3.015750 -0.161029
v -0.368910 3.185750 -0.161029
v -0.349891 3.185750 -0.253971
v -0.323910 3.185750 -0.238971
v -0.349891 3.015750 -0.253971
v -0.323910 3.015750 -0.238971
v -0.349891 3.185750 0.253971
v -0.349891 3.015750 0.253971
v -0.323910 3.015750 0.238971
v -0.323910 3.185750 0.238971
v -0.394891 3.185750 0.176029
v -0.368910 3.185750 0.161029
v -0.394891 3.015750 0.176029
v -0.368910 3.015750 0.161029
v 0.045000 3.185750 0.430000
v 0.045000 3.015750 0.430000
v 0.045000 3.015750 0.400000
v 0.045000 3.185750 0.400000
v -0.045000 3.185750 0.430000
v -0.045000 3.185750 0.400000
v -0.045000 3.015750 0.430000
v -0.045000 3.015750 0.400000
v 0.394891 3.185750 0.176029
v 0.394891 3.015750 0.176029
v 0.368910 3.015750 0.161029
v 0.368910 3.185750 0.161029
v 0.349891 3.185750 0.253971
v 0.323910 3.185750 0.238971
v 0.349891 3.015750 0.253971
v 0.323910 3.015750 0.238971
v 0.349891 3.185750 -0.253971
v 0.349891 3.015750 -0.253971
v 0.323910 3.015750 -0.238971
v 0.323910 3.185750 -0.238971
v 0.394891 3.185750 -0.176029
v 0.368910 3.185750 -0.161029
v 0.394891 3.015750 -0.176029
v 0.368910 3.015750 -0.161029
vn 0.9988 -0.0115 0.0476
vn 1.0000 0.0006 -0.0045
vn 0.9844 0.0030 0.1762
vn -0.9988 -0.0117 -0.0468
vn -1.0000 0.0006 0.0045
vn -0.9844 0.0030 -0.1762
vn 0.9806 0.1962 -0.0000
vn 0.9951 0.0987 -0.0000
vn 0.9875 0.0987 -0.1231
vn 0.9176 0.3796 -0.1177
vn 0.9252 0.3795 -0.0000
vn 0.9875 0.0987 0.1231
vn 0.9176 0.3796 0.1177
vn 0.9659 0.1961 -0.1691
vn 0.9638 0.0981 -0.2480
vn 0.8936 0.3796 -0.2395
vn 0.9211 0.1942 -0.3374
vn 0.9243 0.0995 -0.3684
vn 0.8538 0.3795 -0.3565
vn 0.8497 0.1962 -0.4894
vn 0.8730 0.0995 -0.4775
vn 0.8056 0.0983 -0.5843
vn 0.8012 0.3796 -0.4626
vn 0.7356 0.3794 -0.5612
vn 0.7514 0.1964 -0.6299
vn 0.7245 0.0983 -0.6822
vn 0.6543 0.3796 -0.6541
vn 0.6300 0.1938 -0.7520
vn 0.6338 0.0987 -0.7672
vn 0.5348 0.0988 -0.8392
vn 0.5610 0.3797 -0.7356
vn 0.4907 0.1980 -0.8485
vn 0.4235 0.0982 -0.9005
vn 0.4626 0.3794 -0.8013
vn 0.3566 0.3797 -0.8536
vn 0.3350 0.1950 -0.9218
vn 0.3056 0.0990 -0.9470
vn 0.2393 0.3796 -0.8937
vn 0.1704 0.1938 -0.9661
vn 0.1877 0.0989 -0.9772
vn 0.0637 0.0983 -0.9931
vn 0.1179 0.3795 -0.9177
vn -0.0000 0.1988 -0.9800
vn -0.0637 0.0983 -0.9931
vn -0.0000 0.3796 -0.9251
vn -0.1179 0.3795 -0.9177
vn -0.1704 0.1938 -0.9661
vn -0.1877 0.0989 -0.9772
vn -0.3056 0.0990 -0.9470
vn -0.2393 0.3796 -0.8937
vn -0.3350 0.1950 -0.9218
vn -0.4235 0.0982 -0.9005
vn -0.3566 0.3797 -0.8536
vn -0.4907 0.1980 -0.8485
vn -0.5348 0.0988 -0.8392
vn -0.4626 0.3797 -0.8012
vn -0.5610 0.3797 -0.7357
vn -0.6300 0.1938 -0.7520
vn -0.6338 0.0987 -0.7672
vn -0.7245 0.0983 -0.6822
vn -0.6543 0.3796 -0.6541
vn -0.7514 0.1964 -0.6299
vn -0.8056 0.0983 -0.5843
vn -0.7356 0.3795 -0.5612
vn -0.8497 0.1962 -0.4894
vn -0.8730 0.0995 -0.4775
vn -0.9243 0.0995 -0.3685
vn -0.8013 0.3793 -0.4626
vn -0.8538 0.3795 -0.3565
vn -0.9211 0.1942 -0.3374
vn -0.9638 0.0981 -0.2480
vn -0.8936 0.3796 -0.2395
vn -0.9659 0.1961 -0.1691
vn -0.9875 0.0987 -0.1231
vn -0.9176 0.3796 -0.1177
vn -0.9806 0.1962 -0.0000
vn -0.9951 0.0987 -0.0000
vn -0.9875 0.0987 0.1231
vn -0.9252 0.3795 -0.0000
vn -0.9176 0.3796 0.1177
vn -0.9659 0.1961 0.1691
vn -0.9638 0.0981 0.2480
vn -0.8936 0.3796 0.2395
vn -0.9211 0.1942 0.3374
vn -0.9243 0.0995 0.3684
vn -0.8538 0.3795 0.3565
vn -0.8497 0.1962 0.4894
vn -0.8730 0.0995 0.4775
vn -0.8056 0.0983 0.5843
vn -0.8012 0.3796 0.4626
vn -0.7356 0.3794 0.5612
vn -0.7514 0.1964 0.6299
vn -0.7245 0.0983 0.6822
vn -0.6543 0.3796 0.6541
vn -0.6300 0.1938 0.7520
vn -0.6338 0.0987 0.7672
vn -0.5348 0.0988 0.8392
vn -0.5610 0.3797 0.7356
vn -0.4907 0.1980 0.8485
vn -0.4235 0.0982 0.9005
vn -0.4626 0.3794 0.8013
vn -0.3566 0.3797 0.8536
vn -0.3350 0.1950 0.9218
vn -0.3056 0.0990 0.9470
vn -0.2393 0.3796 0.8937
vn -0.1704 0.1938 0.9661
vn -0.1877 0.0989 0.9772
vn -0.0637 0.0983 0.9931
vn -0.1179 0.3795 0.9177
vn -0.0000 0.1988 0.9800
vn 0.0637 0.0983 0.9931
vn -0.0000 0.3796 0.9251
vn 0.1179 0.3795 0.9177
vn 0.1704 0.1938 0.9661
vn 0.1877 0.0989 0.9772
vn 0.3056 0.0990 0.9470
vn 0.2393 0.3796 0.8937
vn 0.3350 0.1950 0.9218
vn 0.4235 0.0982 0.9005
vn 0.3566 0.3797 0.8536
vn 0.4907 0.1980 0.8485
vn 0.5348 0.0988 0.8392
vn 0.4626 0.3797 0.8012
vn 0.5610 0.3797 0.7357
vn 0.6300 0.1938 0.7520
vn 0.6338 0.0987 0.7672
vn 0.7245 0.0983 0.6822
vn 0.6543 0.3796 0.6541
vn 0.7514 0.1964 0.6299
vn 0.8056 0.0983 0.5843
vn 0.7356 0.3795 0.5612
vn 0.8497 0.1962 0.4894
vn 0.8730 0.0995 0.4775
vn 0.9243 0.0995 0.3685
vn 0.8013 0.3793 0.4626
vn 0.8538 0.3795 0.3565
vn 0.9211 0.1942 0.3374
vn 0.9638 0.0981 0.2480
vn 0.8936 0.3796 0.2395
vn 0.9659 0.1961 0.1691
vn 0.8294 0.5587 -0.0000
vn 0.7039 0.6997 -0.1225
vn 0.7121 0.7021 -0.0000
vn 0.7035 0.7000 0.1233
vn 0.8173 0.5584 -0.1424
vn 0.7979 0.5531 -0.2397
vn 0.7808 0.5563 -0.2844
vn 0.6548 0.7008 -0.2831
vn 0.7203 0.5551 -0.4159
vn 0.5939 0.7032 -0.3909
vn 0.6364 0.5574 -0.5333
vn 0.5165 0.7032 -0.4886
vn 0.5329 0.5580 -0.6361
vn 0.4228 0.7066 -0.5674
vn 0.4153 0.5568 -0.7194
vn 0.4160 0.5549 -0.7205
vn 0.2796 0.7068 -0.6498
vn 0.2844 0.5580 -0.7796
vn 0.1653 0.7035 -0.6912
vn 0.1437 0.5574 -0.8177
vn 0.0414 0.7029 -0.7101
vn -0.0000 0.5550 -0.8318
vn -0.0825 0.7012 -0.7082
vn -0.1441 0.5563 -0.8184
vn -0.1913 0.5531 -0.8108
vn -0.2853 0.5584 -0.7790
vn -0.2457 0.6996 -0.6710
vn -0.4146 0.5589 -0.7181
vn -0.3561 0.7020 -0.6167
vn -0.4532 0.7016 -0.5499
vn -0.5320 0.5584 -0.6366
vn -0.5237 0.7037 -0.4802
vn -0.6365 0.5569 -0.5336
vn -0.5851 0.7041 -0.4023
vn -0.7207 0.5545 -0.4160
vn -0.6373 0.7037 -0.3141
vn -0.7800 0.5574 -0.2845
vn -0.6813 0.7035 -0.2024
vn -0.8173 0.5580 -0.1434
vn -0.7025 0.7068 -0.0829
vn -0.8307 0.5567 -0.0000
vn -0.8321 0.5546 -0.0000
vn -0.7025 0.7069 0.0828
vn -0.8173 0.5580 0.1434
vn -0.6816 0.7031 0.2026
vn -0.7800 0.5574 0.2845
vn -0.6372 0.7037 0.3141
vn -0.7207 0.5545 0.4160
vn -0.5851 0.7041 0.4023
vn -0.6365 0.5569 0.5336
vn -0.5237 0.7037 0.4802
vn -0.5320 0.5584 0.6366
vn -0.4532 0.7016 0.5499
vn -0.4146 0.5589 0.7182
vn -0.3561 0.7020 0.6167
vn -0.2457 0.6996 0.6710
vn -0.2853 0.5584 0.7790
vn -0.1913 0.5531 0.8108
vn -0.1441 0.5563 0.8184
vn -0.0825 0.7012 0.7082
vn -0.0000 0.5550 0.8318
vn 0.0414 0.7029 0.7101
vn 0.1437 0.5574 0.8177
vn 0.1653 0.7035 0.6912
vn 0.2844 0.5580 0.7796
vn 0.2796 0.7068 0.6498
vn 0.4153 0.5568 0.7193
vn 0.4160 0.5549 0.7205
vn 0.4228 0.7066 0.5674
vn 0.5329 0.5580 0.6361
vn 0.5165 0.7032 0.4886
vn 0.6364 0.5574 0.5333
vn 0.5939 0.7032 0.3909
vn 0.7203 0.5551 0.4159
vn 0.6545 0.7014 0.2823
vn 0.7808 0.5563 0.2844
vn 0.7979 0.5531 0.2397
vn 0.8173 0.5584 0.1424
vn 0.5543 0.8323 -0.0047
vn 0.3758 0.9205 -0.1072
vn 0.3467 0.9379 -0.0135
vn 0.3821 0.9225 0.0548
vn -0.0555 0.9983 0.0178
vn 0.2753 0.9476 -0.1619
vn 0.2775 0.9209 -0.2737
vn 0.0601 0.9927 -0.1042
vn 0.1645 0.9496 -0.2669
vn 0.1447 0.9211 -0.3614
vn 0.0542 0.9225 -0.3821
vn -0.0150 0.9399 -0.3410
vn 0.0124 0.9983 0.0570
vn -0.1118 0.9204 -0.3747
vn -0.2768 0.8317 -0.4813
vn -0.1592 0.9471 -0.2787
vn -0.2477 0.9211 -0.3005
vn -0.3034 0.9207 -0.2454
vn -0.2750 0.9472 -0.1648
vn -0.3622 0.9211 -0.1427
vn -0.3835 0.9219 -0.0540
vn -0.1149 0.9934 -0.0000
vn -0.3381 0.9410 0.0149
vn -0.3749 0.9205 0.1100
vn -0.3036 0.9212 0.2435
vn -0.2788 0.9468 0.1606
vn -0.2768 0.8317 0.4813
vn -0.2477 0.9211 0.3005
vn -0.1592 0.9471 0.2787
vn -0.1118 0.9204 0.3747
vn 0.0124 0.9983 -0.0570
vn -0.0150 0.9399 0.3410
vn 0.0542 0.9225 0.3821
vn 0.1447 0.9211 0.3614
vn 0.0601 0.9927 0.1042
vn 0.1645 0.9496 0.2669
vn 0.2772 0.9204 0.2756
vn 0.2649 0.9504 0.1632
vn -0.0555 0.9983 -0.0178
vn 0.3631 0.9205 0.1441
vn 0.0002 1.0000 -0.0001
vn -0.3892 -0.9032 0.1808
vn -0.4232 -0.9049 0.0445
vn -0.0001 -1.0000 -0.0000
vn -0.3013 -0.9047 0.3012
vn -0.1809 -0.9033 0.3890
vn -0.0438 -0.9048 0.4235
vn 0.0774 -0.9047 0.4189
vn 0.1860 -0.9032 0.3868
vn 0.3015 -0.9045 0.3015
vn 0.3854 -0.9035 0.1874
vn 0.4181 -0.9043 0.0860
vn 0.4266 -0.9044 0.0001
vn 0.4181 -0.9043 -0.0859
vn 0.3854 -0.9035 -0.1874
vn 0.3015 -0.9045 -0.3015
vn 0.1860 -0.9032 -0.3868
vn 0.0774 -0.9047 -0.4189
vn -0.0438 -0.9048 -0.4235
vn -0.1809 -0.9033 -0.3890
vn -0.3013 -0.9047 -0.3012
vn -0.3861 -0.9033 -0.1872
vn -0.4203 -0.9039 -0.0796
vn -0.7120 -0.7022 -0.0006
vn -0.7030 -0.6997 0.1273
vn -0.6509 -0.7018 0.2896
vn -0.5873 -0.7035 0.4002
vn 0.0350 -0.9993 -0.0137
vn -0.5057 -0.7034 0.4994
vn -0.4078 -0.7070 0.5778
vn -0.2583 -0.7050 0.6605
vn -0.1389 -0.7029 0.6976
vn -0.0203 -0.9990 0.0409
vn -0.0157 -0.7020 0.7120
vn 0.2841 -0.7035 0.6514
vn 0.1849 -0.7043 0.6853
vn 0.0858 -0.7042 0.7048
vn 0.3932 -0.7035 0.5920
vn 0.4872 -0.7074 0.5120
vn 0.5964 -0.7068 0.3806
vn 0.6580 -0.7029 0.2699
vn 0.0931 -0.9926 0.0777
vn 0.6929 -0.7056 0.1482
vn 0.6954 -0.7028 -0.1498
vn 0.7066 -0.7072 -0.0259
vn 0.0739 -0.9972 0.0118
vn 0.6580 -0.7029 -0.2699
vn 0.5964 -0.7068 -0.3806
vn 0.4872 -0.7074 -0.5120
vn 0.3932 -0.7035 -0.5920
vn 0.0932 -0.9926 -0.0777
vn 0.2841 -0.7035 -0.6514
vn -0.0157 -0.7020 -0.7120
vn 0.0858 -0.7042 -0.7048
vn 0.1849 -0.7043 -0.6853
vn -0.1389 -0.7029 -0.6976
vn -0.2583 -0.7050 -0.6605
vn -0.4078 -0.7070 -0.5778
vn -0.5057 -0.7034 -0.4994
vn -0.0203 -0.9990 -0.0409
vn -0.5873 -0.7035 -0.4002
vn -0.6509 -0.7018 -0.2896
vn -0.7027 -0.7002 -0.1267
vn 0.0350 -0.9993 0.0137
vn -0.9249 -0.3803 -0.0000
vn -0.9140 -0.3804 0.1409
vn -0.7950 -0.5540 0.2469
vn -0.7816 -0.5553 0.2842
vn -0.8508 -0.3795 0.3634
vn -0.8890 -0.3865 0.2456
vn -0.7200 -0.5550 0.4165
vn -0.7951 -0.3794 0.4731
vn -0.7281 -0.3794 0.5709
vn -0.6373 -0.5562 0.5333
vn -0.6441 -0.3795 0.6641
vn -0.5351 -0.5559 0.6362
vn -0.5462 -0.3843 0.7443
vn -0.4510 -0.3796 0.8078
vn -0.3950 -0.5547 0.7324
vn -0.3260 -0.3814 0.8650
vn -0.1456 -0.5581 0.8169
vn -0.2172 -0.3843 0.8973
vn -0.0914 -0.3796 0.9206
vn -0.0017 -0.5552 0.8317
vn 0.0369 -0.3811 0.9238
vn 0.1568 -0.3832 0.9103
vn 0.2863 -0.5545 0.7814
vn 0.3896 -0.3795 0.8392
vn 0.2696 -0.3823 0.8838
vn 0.4141 -0.5556 0.7210
vn 0.5011 -0.3821 0.7765
vn 0.5979 -0.3811 0.7052
vn 0.6979 -0.3789 0.6077
vn 0.6434 -0.5556 0.5267
vn 0.7198 -0.5558 0.4159
vn 0.7603 -0.3873 0.5214
vn 0.8260 -0.3841 0.4126
vn 0.8704 -0.3831 0.3094
vn 0.8205 -0.5538 0.1421
vn 0.8295 -0.5542 0.0690
vn 0.9230 -0.3795 0.0632
vn 0.9051 -0.3804 0.1902
vn 0.8307 -0.5568 -0.0001
vn 0.9230 -0.3795 -0.0632
vn 0.8201 -0.5543 -0.1417
vn 0.9051 -0.3804 -0.1902
vn 0.8704 -0.3831 -0.3094
vn 0.7198 -0.5558 -0.4159
vn 0.8260 -0.3841 -0.4126
vn 0.7603 -0.3873 -0.5214
vn 0.6979 -0.3789 -0.6077
vn 0.6434 -0.5556 -0.5267
vn 0.5979 -0.3811 -0.7052
vn 0.4141 -0.5556 -0.7210
vn 0.5011 -0.3821 -0.7765
vn 0.3896 -0.3795 -0.8392
vn 0.2863 -0.5545 -0.7814
vn 0.2696 -0.3823 -0.8838
vn 0.1568 -0.3832 -0.9103
vn -0.0017 -0.5552 -0.8317
vn 0.0369 -0.3811 -0.9238
vn -0.0914 -0.3796 -0.9206
vn -0.1456 -0.5581 -0.8169
vn -0.2172 -0.3843 -0.8973
vn -0.3260 -0.3814 -0.8650
vn -0.3950 -0.5547 -0.7324
vn -0.4510 -0.3796 -0.8078
vn -0.5351 -0.5559 -0.6362
vn -0.5462 -0.3843 -0.7443
vn -0.6441 -0.3795 -0.6641
vn -0.6373 -0.5562 -0.5333
vn -0.7281 -0.3794 -0.5709
vn -0.7200 -0.5550 -0.4165
vn -0.7951 -0.3794 -0.4731
vn -0.8508 -0.3795 -0.3634
vn -0.7816 -0.5553 -0.2842
vn -0.7950 -0.5540 -0.2469
vn -0.8890 -0.3865 -0.2456
vn -0.9140 -0.3804 -0.1409
vn -0.9802 -0.1980 -0.0000
vn -0.9872 -0.0985 0.1256
vn -0.9951 -0.0986 -0.0000
vn -0.9872 -0.0985 -0.1256
vn -0.9660 -0.1962 0.1682
vn -0.9626 -0.0978 0.2527
vn -0.9213 -0.1945 0.3367
vn -0.9216 -0.0989 0.3753
vn -0.8492 -0.1961 0.4903
vn -0.8676 -0.0988 0.4874
vn -0.7984 -0.0982 0.5941
vn -0.7518 -0.1978 0.6290
vn -0.7144 -0.0979 0.6929
vn -0.6295 -0.1929 0.7527
vn -0.6187 -0.0994 0.7793
vn -0.4894 -0.1964 0.8496
vn -0.5177 -0.0994 0.8498
vn -0.4037 -0.0981 0.9096
vn -0.3365 -0.1994 0.9203
vn -0.2820 -0.0981 0.9544
vn -0.1699 -0.1929 0.9664
vn -0.1575 -0.0989 0.9825
vn -0.0339 -0.0989 0.9945
vn -0.0002 -0.1956 0.9807
vn 0.0951 -0.0980 0.9906
vn 0.1701 -0.1990 0.9651
vn 0.2230 -0.0983 0.9698
vn 0.3355 -0.1932 0.9220
vn 0.3440 -0.0986 0.9338
vn 0.4588 -0.0985 0.8831
vn 0.4902 -0.1956 0.8494
vn 0.5694 -0.0980 0.8162
vn 0.6310 -0.1990 0.7498
vn 0.6705 -0.0987 0.7354
vn 0.7502 -0.1942 0.6321
vn 0.7573 -0.0987 0.6456
vn 0.8333 -0.0982 0.5441
vn 0.8492 -0.1957 0.4904
vn 0.8969 -0.0980 0.4313
vn 0.9220 -0.1969 0.3334
vn 0.9451 -0.0992 0.3115
vn 0.9655 -0.1955 0.1722
vn 0.9764 -0.0991 0.1919
vn 0.9931 -0.0981 0.0647
vn 0.9807 -0.1956 -0.0000
vn 0.9931 -0.0981 -0.0647
vn 0.9655 -0.1955 -0.1722
vn 0.9764 -0.0991 -0.1919
vn 0.9451 -0.0992 -0.3115
vn 0.9220 -0.1969 -0.3334
vn 0.8969 -0.0980 -0.4313
vn 0.8492 -0.1957 -0.4904
vn 0.8333 -0.0982 -0.5441
vn 0.7502 -0.1942 -0.6321
vn 0.7573 -0.0987 -0.6456
vn 0.6705 -0.0987 -0.7354
vn 0.6310 -0.1990 -0.7498
vn 0.5694 -0.0980 -0.8162
vn 0.4902 -0.1956 -0.8494
vn 0.4588 -0.0985 -0.8831
vn 0.3355 -0.1932 -0.9220
vn 0.3440 -0.0986 -0.9338
vn 0.2230 -0.0983 -0.9698
vn 0.1701 -0.1990 -0.9651
vn 0.0951 -0.0980 -0.9906
vn -0.0002 -0.1956 -0.9807
vn -0.0339 -0.0989 -0.9945
vn -0.1699 -0.1929 -0.9664
vn -0.1575 -0.0989 -0.9825
vn -0.2820 -0.0981 -0.9544
vn -0.3365 -0.1994 -0.9203
vn -0.4037 -0.0981 -0.9096
vn -0.4894 -0.1964 -0.8497
vn -0.5177 -0.0994 -0.8498
vn -0.6187 -0.0994 -0.7793
vn -0.6295 -0.1929 -0.7527
vn -0.7144 -0.0979 -0.6929
vn -0.7518 -0.1978 -0.6290
vn -0.7984 -0.0982 -0.5941
vn -0.8492 -0.1961 -0.4903
vn -0.8676 -0.0988 -0.4874
vn -0.9216 -0.0989 -0.3753
vn -0.9213 -0.1945 -0.3367
vn -0.9626 -0.0978 -0.2527
vn -0.9660 -0.1962 -0.1682
vn 0.5408 -0.0114 -0.8411
vn 0.4961 0.0006 -0.8682
vn 0.6447 0.0030 -0.7644
vn -0.0000 -1.0000 -0.0000
vn -0.0138 -0.3822 -0.9240
vn -0.0163 -0.7059 -0.7082
vn -0.0140 -0.3812 -0.9244
vn 0.7082 -0.7058 -0.0156
vn 0.3850 -0.9229 -0.0060
vn 0.7080 -0.7060 -0.0158
vn -0.1951 -0.9808 0.0029
vn -0.3850 -0.9229 0.0060
vn -0.3843 -0.9232 0.0059
vn 0.3842 0.9232 -0.0089
vn 0.1951 0.9808 -0.0046
vn 0.3849 0.9229 -0.0088
vn -0.0111 0.7056 -0.7085
vn -0.0089 0.9232 -0.3842
vn -0.0088 0.9229 -0.3849
vn 0.3447 -0.7059 -0.6188
vn 0.4438 -0.3823 -0.8105
vn 0.4443 -0.3814 -0.8106
vn -0.0000 -0.0000 1.0000
vn 0.0004 0.0001 1.0000
vn -0.0002 -0.0002 1.0000
vn -0.0384 -0.0000 -0.9993
vn -0.0387 -0.0000 -0.9993
vn -0.0385 -0.0000 -0.9993
vn -0.0384 0.0001 -0.9993
vn 0.5039 0.1948 0.8415
vn 0.4807 0.3819 0.7894
vn 0.4805 0.3821 0.7894
vn 0.4797 -0.3820 0.7899
vn 0.3639 -0.7057 0.6079
vn 0.4801 -0.3817 0.7898
vn -0.1675 -0.9808 0.1001
vn -0.3307 -0.9228 0.1975
vn -0.3299 -0.9233 0.1969
vn 0.3304 0.9229 -0.1977
vn 0.1675 0.9808 -0.1001
vn 0.3298 0.9232 -0.1973
vn 0.3307 -0.9228 -0.1975
vn 0.6050 -0.7061 -0.3680
vn 0.6054 -0.7056 -0.3682
vn -0.8415 0.1948 0.5039
vn -0.7894 0.3819 0.4807
vn -0.7894 0.3821 0.4805
vn 0.5000 -0.0000 0.8660
vn 0.4999 -0.0000 0.8661
vn 0.5000 -0.0001 0.8660
vn -0.5329 -0.0000 -0.8462
vn -0.5328 -0.0000 -0.8463
vn 0.8570 -0.1947 0.4771
vn 0.8106 -0.3814 0.4443
vn 0.8572 -0.1948 0.4768
vn -0.6188 -0.7059 -0.3447
vn -0.8105 -0.3823 -0.4438
vn -0.8106 -0.3814 -0.4443
vn -0.7085 0.7056 0.0111
vn -0.3842 0.9232 0.0089
vn -0.3849 0.9229 0.0088
vn -0.0950 -0.9808 0.1704
vn -0.1874 -0.9229 0.3364
vn -0.1871 -0.9232 0.3358
vn 0.1841 0.9232 -0.3372
vn 0.0936 0.9808 -0.1712
vn 0.1846 0.9228 -0.3382
vn -0.7082 -0.7059 0.0157
vn -0.7080 -0.7060 0.0159
vn -0.4768 0.1948 0.8572
vn -0.4433 0.3819 0.8110
vn -0.4434 0.3821 0.8108
vn 0.8660 -0.0000 0.5000
vn 0.8660 -0.0000 0.5001
vn 0.8661 -0.0000 0.5000
vn 0.8661 -0.0000 0.4999
vn -0.8846 -0.0000 -0.4663
vn -0.8845 -0.0000 -0.4665
vn -0.8847 -0.0001 -0.4662
vn -0.9240 -0.3822 0.0138
vn -0.9244 -0.3812 0.0140
vn 0.0029 -0.9808 0.1951
vn 0.0060 -0.9229 0.3850
vn 0.0059 -0.9232 0.3843
vn -0.0046 0.9808 -0.1951
vn 0.9806 0.1947 -0.0220
vn 0.9242 0.3818 -0.0136
vn 0.9240 0.3822 -0.0134
vn 1.0000 -0.0000 -0.0000
vn 1.0000 0.0001 -0.0004
vn 1.0000 -0.0001 0.0001
vn -0.9993 -0.0000 0.0384
vn -0.9993 -0.0000 0.0387
vn -0.9993 -0.0000 0.0385
vn -0.9993 0.0001 0.0384
vn -0.8417 -0.1948 0.5036
vn -0.7898 -0.3821 0.4798
vn -0.8415 -0.1949 0.5039
vn -0.6050 -0.7061 0.3680
vn -0.6054 -0.7056 0.3682
vn 0.1001 -0.9808 0.1675
vn 0.1975 -0.9228 0.3308
vn 0.1969 -0.9232 0.3299
vn -0.1977 0.9229 -0.3304
vn -0.1001 0.9808 -0.1675
vn -0.1973 0.9232 -0.3298
vn -0.3298 0.9232 0.1973
vn -0.6054 0.7056 0.3682
vn -0.3304 0.9229 0.1977
vn 0.8415 0.1948 -0.5039
vn 0.7894 0.3819 -0.4807
vn 0.7894 0.3821 -0.4805
vn 0.8660 -0.0000 -0.5000
vn 0.8661 -0.0000 -0.4999
vn 0.8660 -0.0000 -0.5001
vn -0.8462 -0.0000 0.5329
vn -0.8463 -0.0000 0.5328
vn -0.8463 -0.0000 0.5327
vn -0.8461 -0.0001 0.5330
vn 0.8417 -0.1948 -0.5036
vn 0.7898 -0.3821 -0.4798
vn 0.8415 -0.1949 -0.5039
vn -0.3447 -0.7059 0.6188
vn -0.4438 -0.3823 0.8105
vn -0.4443 -0.3814 0.8106
vn 0.1704 -0.9808 0.0950
vn 0.3364 -0.9229 0.1874
vn 0.3358 -0.9232 0.1871
vn -0.3372 0.9232 -0.1841
vn -0.1712 0.9808 -0.0936
vn -0.3382 0.9228 -0.1846
vn 0.4768 0.1948 -0.8572
vn 0.4433 0.3819 -0.8110
vn 0.4434 0.3821 -0.8108
vn 0.5000 -0.0000 -0.8660
vn 0.5001 -0.0000 -0.8660
vn 0.4999 -0.0000 -0.8661
vn -0.4663 -0.0000 0.8846
vn -0.4665 -0.0000 0.8845
vn -0.4662 -0.0001 0.8847
vn 0.0138 -0.3822 0.9240
vn 0.0163 -0.7059 0.7082
vn 0.0140 -0.3812 0.9244
vn 0.9240 -0.3822 -0.0138
vn 0.9244 -0.3812 -0.0140
vn -0.0060 -0.9229 -0.3850
vn -0.0165 -0.7060 -0.7080
vn 0.1951 -0.9808 -0.0029
vn 0.3843 -0.9232 -0.0059
vn -0.1951 0.9808 0.0046
vn 0.0111 0.7056 0.7085
vn 0.0089 0.9232 0.3842
vn 0.0088 0.9229 0.3849
vn 0.0220 0.1947 0.9806
vn 0.0136 0.3818 0.9242
vn 0.0133 0.3822 0.9240
vn -0.0000 -0.0000 -1.0000
vn -0.0004 0.0001 -1.0000
vn 0.0002 -0.0002 -1.0000
vn 0.0384 -0.0000 0.9993
vn 0.0387 -0.0000 0.9993
vn 0.0385 -0.0000 0.9993
vn -0.5036 -0.1948 -0.8417
vn -0.4797 -0.3820 -0.7899
vn -0.5039 -0.1949 -0.8415
vn -0.3639 -0.7057 -0.6079
vn -0.4801 -0.3817 -0.7898
vn 0.1973 0.9232 0.3298
vn 0.3682 0.7056 0.6054
vn 0.1977 0.9229 0.3304
vn 0.1675 -0.9808 -0.1001
vn 0.3298 -0.9233 -0.1969
vn -0.1675 0.9808 0.1001
vn 0.6054 0.7056 -0.3682
vn -0.5000 -0.0000 -0.8660
vn -0.4999 -0.0000 -0.8661
vn -0.5000 -0.0001 -0.8660
vn 0.5329 -0.0000 0.8462
vn 0.5328 -0.0000 0.8463
vn -0.8570 -0.1947 -0.4771
vn -0.8572 -0.1948 -0.4768
vn 0.6188 -0.7059 0.3447
vn 0.8105 -0.3823 0.4438
vn 0.0950 -0.9808 -0.1704
vn 0.1874 -0.9229 -0.3364
vn 0.1871 -0.9232 -0.3358
vn -0.1841 0.9232 0.3372
vn -0.0936 0.9808 0.1712
vn -0.1846 0.9228 0.3382
vn 0.4771 -0.1947 -0.8570
vn 0.4768 -0.1948 -0.8572
vn -0.9806 0.1947 0.0220
vn -0.9242 0.3818 0.0136
vn -0.9240 0.3822 0.0134
vn -0.8660 -0.0000 -0.5000
vn -0.8660 -0.0000 -0.5001
vn -0.8661 -0.0000 -0.5000
vn -0.8661 -0.0000 -0.4999
vn 0.8846 -0.0000 0.4663
vn 0.8845 -0.0000 0.4665
vn 0.8847 -0.0001 0.4662
vn 0.0165 -0.7060 0.7080
vn -0.0029 -0.9808 -0.1951
vn -0.0059 -0.9232 -0.3843
vn 0.0046 0.9808 0.1951
vn 0.7085 0.7056 -0.0111
vn -0.0220 0.1947 -0.9806
vn -0.0136 0.3818 -0.9242
vn -0.0133 0.3822 -0.9240
vn -1.0000 -0.0000 -0.0000
vn -1.0000 0.0001 0.0004
vn -1.0000 -0.0001 -0.0001
vn 0.9993 -0.0000 -0.0384
vn 0.9993 -0.0000 -0.0387
vn 0.9993 -0.0000 -0.0385
vn 0.9993 0.0001 -0.0384
vn 0.5036 -0.1948 0.8417
vn 0.5039 -0.1949 0.8415
vn -0.1001 -0.9808 -0.1675
vn -0.1975 -0.9228 -0.3308
vn -0.1969 -0.9232 -0.3299
vn 0.1001 0.9808 0.1675
vn -0.3682 0.7056 -0.6054
vn 0.8572 0.1948 0.4768
vn 0.8110 0.3819 0.4433
vn 0.8108 0.3821 0.4434
vn -0.5039 0.1948 -0.8415
vn -0.4807 0.3819 -0.7894
vn -0.4805 0.3821 -0.7894
vn -0.8660 -0.0000 0.5000
vn -0.8661 -0.0000 0.4999
vn -0.8660 -0.0000 0.5001
vn 0.8462 -0.0000 -0.5329
vn 0.8463 -0.0000 -0.5328
vn 0.8463 -0.0000 -0.5327
vn 0.8461 -0.0001 -0.5330
vn -0.4771 -0.1947 0.8570
vn -0.4768 -0.1948 0.8572
vn -0.1704 -0.9808 -0.0950
vn -0.3364 -0.9229 -0.1874
vn -0.3358 -0.9232 -0.1871
vn 0.3372 0.9232 0.1841
vn 0.1712 0.9808 0.0936
vn 0.3382 0.9228 0.1846
vn -0.8572 0.1948 -0.4768
vn -0.8110 0.3819 -0.4433
vn -0.8108 0.3821 -0.4434
vn -0.5000 -0.0000 0.8660
vn -0.5001 -0.0000 0.8660
vn -0.4999 -0.0000 0.8661
vn 0.4663 -0.0000 -0.8846
vn 0.4665 -0.0000 -0.8845
vn 0.4662 -0.0001 -0.8847
vn 0.8645 0.0040 -0.5027
vn 0.9416 0.0159 -0.3363
vn 0.9347 -0.0033 -0.3554
vn 0.8837 0.0068 -0.4680
vn 0.9414 -0.0130 -0.3369
vn 0.7966 -0.0042 -0.6045
vn 0.7627 0.0072 -0.6467
vn 0.7985 -0.0061 -0.6020
vn 0.7680 -0.0157 -0.6402
vn -0.2243 -0.0024 -0.9745
vn 0.0287 -0.0200 -0.9994
vn 0.1620 -0.0016 -0.9868
vn 0.0830 0.0134 -0.9965
vn 0.1873 -0.0227 -0.9820
vn 0.1407 -0.0020 -0.9901
vn -0.1878 0.0194 -0.9820
vn -0.1118 -0.0085 -0.9937
vn -0.1680 -0.0158 -0.9857
vn -0.8645 0.0040 -0.5027
vn -0.7641 0.0110 -0.6450
vn -0.8150 0.0012 -0.5795
vn -0.7618 -0.0134 -0.6477
vn -0.8829 0.0036 -0.4696
vn -0.9332 -0.0029 -0.3594
vn -0.9425 0.0118 -0.3340
vn -0.9289 -0.0073 -0.3702
vn -0.9390 -0.0195 -0.3432
vn -0.8647 0.0031 0.5022
vn -0.9416 0.0150 0.3365
vn -0.9206 0.0019 0.3905
vn -0.9416 -0.0149 0.3365
vn -0.8720 -0.0007 0.4895
vn -0.7968 -0.0044 0.6042
vn -0.7627 0.0072 0.6467
vn -0.7986 -0.0068 0.6018
vn -0.7685 -0.0158 0.6396
vn 0.2243 -0.0024 0.9745
vn -0.1618 -0.0009 0.9868
vn -0.0549 0.0180 0.9983
vn -0.0287 -0.0200 0.9994
vn -0.0948 -0.0046 0.9955
vn -0.1854 -0.0199 0.9825
vn 0.1878 0.0194 0.9820
vn 0.1107 -0.0087 0.9938
vn 0.1678 -0.0147 0.9857
vn 0.8647 0.0031 0.5022
vn 0.7641 0.0110 0.6450
vn 0.8152 0.0010 0.5792
vn 0.7615 -0.0137 0.6480
vn 0.8826 0.0036 0.4701
vn 0.9304 -0.0030 0.3665
vn 0.9423 0.0111 0.3346
vn 0.9325 -0.0069 0.3610
vn 0.9392 -0.0203 0.3427
vn -0.0000 1.0000 -0.0000
vn 0.0001 1.0000 -0.0000
vn 0.9855 -0.0021 -0.1694
vn 0.0001 -1.0000 -0.0000
vn -0.0001 1.0000 -0.0000
vn -0.0000 1.0000 0.0001
vn 0.5804 0.8143 -0.0000
vn 0.5922 0.8058 -0.0000
vn 0.5821 0.8066 -0.1027
vn 0.5821 0.8066 0.1027
vn 0.5308 0.8164 -0.2277
vn 0.5582 0.8048 -0.2019
vn 0.5081 0.8080 -0.2981
vn 0.4531 0.8086 -0.3752
vn 0.3669 0.8182 -0.4426
vn 0.3825 0.8039 -0.4555
vn 0.2902 0.8087 -0.5116
vn 0.1264 0.8162 -0.5638
vn 0.2054 0.8086 -0.5514
vn 0.1023 0.8046 -0.5850
vn -0.0003 0.8064 -0.5914
vn -0.1087 0.8147 -0.5696
vn -0.1026 0.8058 -0.5832
vn -0.2027 0.8071 -0.5545
vn -0.3304 0.8170 -0.4726
vn -0.2946 0.8049 -0.5151
vn -0.3831 0.8055 -0.4520
vn -0.4505 0.8080 -0.3798
vn -0.5085 0.8176 -0.2700
vn -0.5137 0.8047 -0.2977
vn -0.5547 0.8083 -0.1974
vn -0.5787 0.8086 -0.1062
vn -0.5779 0.8159 -0.0190
vn -0.5940 0.8044 0.0005
vn -0.5824 0.8063 0.1034
vn -0.5402 0.8146 0.2113
vn -0.5566 0.8058 0.2021
vn -0.5104 0.8073 0.2962
vn -0.4018 0.8177 0.4123
vn -0.4559 0.8053 0.3790
vn -0.3791 0.8052 0.4559
vn -0.2946 0.8085 0.5095
vn -0.1589 0.8187 0.5518
vn -0.2052 0.8047 0.5571
vn -0.0998 0.8057 0.5839
vn -0.0016 0.8079 0.5893
vn 0.1180 0.8178 0.5633
vn 0.1023 0.8046 0.5850
vn 0.2054 0.8086 0.5514
vn 0.2902 0.8087 0.5116
vn 0.3669 0.8182 0.4426
vn 0.3825 0.8039 0.4555
vn 0.4531 0.8086 0.3752
vn 0.5307 0.8164 0.2277
vn 0.5081 0.8080 0.2981
vn 0.5582 0.8048 0.2019
vn -0.0005 1.0000 0.0002
vn -0.0001 1.0000 0.0004
vn 0.0003 1.0000 -0.0013
vn 0.0003 1.0000 0.0007
vn 0.0001 1.0000 0.0003
vn 0.0001 1.0000 0.0001
vn -0.0003 1.0000 -0.0004
vn -0.0002 1.0000 -0.0004
vn 0.0003 1.0000 -0.0000
vn 0.0005 1.0000 0.0001
vn 0.3485 -0.8936 -0.2830
vn 0.4111 -0.9080 0.0808
vn 0.0672 -0.9960 -0.0585
vn -0.0091 -0.8890 -0.4579
vn 0.7118 -0.6666 -0.2215
vn 0.4060 -0.7251 -0.5562
vn -0.2767 -0.9440 -0.1796
vn 0.9390 -0.3310 -0.0932
vn 0.8264 -0.5029 0.2533
vn 0.1137 -0.5506 -0.8270
vn -0.2808 -0.6455 -0.7102
vn 0.5300 -0.4212 -0.7361
vn 0.8645 -0.1743 -0.4714
vn -0.5724 -0.7212 -0.3902
vn 0.0448 -0.9335 0.3557
vn 0.9633 0.1610 -0.2149
vn -0.3125 -0.9052 0.2881
vn -0.6626 -0.7478 0.0412
vn 0.6418 0.0126 -0.7668
vn -0.1540 -0.1802 -0.9715
vn -0.7342 -0.4606 -0.4989
vn 0.2987 0.0595 -0.9525
vn -0.5197 -0.2667 -0.8116
vn -0.3934 -0.7423 0.5425
vn -0.9560 -0.2561 -0.1433
vn -0.7934 -0.4298 0.4311
vn 0.6619 0.4235 -0.6185
vn 0.7048 0.6996 -0.1178
vn 0.9327 0.3333 0.1376
vn -0.1019 -0.5742 0.8124
vn -0.8510 -0.0622 -0.5215
vn -0.5451 0.1932 -0.8158
vn -0.1002 0.2655 -0.9589
vn -0.9725 -0.1364 0.1888
vn 0.2730 -0.6481 0.7110
vn -0.5473 -0.3924 0.7393
vn 0.5403 -0.7622 0.3566
vn 0.1901 0.5366 -0.8221
vn 0.4287 0.7227 -0.5421
vn -0.8387 0.3255 -0.4366
vn -0.1334 0.7103 -0.6912
vn -0.3929 -0.0915 0.9150
vn -0.9195 0.3878 0.0645
vn -0.8110 0.1504 0.5653
vn -0.4887 0.6284 -0.6052
vn 0.1712 -0.1753 0.9695
vn 0.2799 0.9141 -0.2934
vn 0.6014 -0.3413 0.7224
vn 0.3119 0.9138 0.2603
vn -0.7844 0.5881 -0.1970
vn 0.0965 0.9935 0.0602
vn -0.4501 0.3436 0.8243
vn 0.0514 0.2353 0.9706
vn 0.5642 0.1693 0.8081
vn 0.9067 -0.1114 0.4067
vn -0.5991 0.6370 0.4852
vn -0.5016 0.8177 -0.2824
vn -0.1154 0.9399 -0.3213
vn -0.5236 0.8432 0.1214
vn -0.1670 0.5569 0.8136
vn -0.2317 0.9728 -0.0039
vn 0.8040 0.3531 0.4785
vn 0.3413 0.5668 0.7498
vn -0.2008 0.8770 0.4366
vn 0.1051 0.7998 0.5911
vn 0.6026 0.7002 0.3829
vn -0.9846 0.0742 -0.1580
vn -0.7882 0.0750 -0.6108
vn -0.6982 0.0797 -0.7115
vn -0.6973 0.0797 -0.7123
vn 0.0183 0.0849 0.9962
vn 0.5079 0.0794 0.8577
vn 0.6972 0.0757 0.7128
vn 0.9837 0.0737 0.1639
vn 0.7984 0.0805 -0.5967
vn 0.8619 0.0768 -0.5013
vn 0.6375 0.0806 -0.7662
vn 0.7834 0.0809 -0.6162
vn 0.3348 0.0746 -0.9393
vn -0.8593 0.0735 0.5061
vn -0.2908 0.0761 -0.9537
vn -0.7908 0.0749 -0.6075
vn -0.0216 0.0844 0.9962
vn -0.3324 0.0766 0.9400
vn -0.0207 0.0817 0.9964
vn 0.0002 -1.0000 -0.0002
vn -0.0000 -1.0000 0.0016
vn 0.0005 -1.0000 -0.0054
vn -0.0005 -1.0000 0.0003
vn -0.0004 -1.0000 -0.0000
vn -0.0002 -1.0000 0.0003
vn -0.0008 -1.0000 0.0002
vn -0.0007 -1.0000 -0.0001
vn 0.0027 -1.0000 0.0002
vn 0.0016 -1.0000 0.0004
vn 0.0118 0.9998 -0.0163
vn -0.1874 -0.0000 0.9823
vn -0.0628 -0.0000 0.9980
vn -0.8713 -0.0000 -0.4907
vn 0.3396 0.0030 0.9406
vn -0.9918 -0.0000 0.1279
vn 0.0960 -0.0000 0.9954
vn 0.3454 -0.0000 -0.9385
vn -0.6235 -0.0000 -0.7818
vn -0.4048 -0.0000 0.9144
vn -0.8713 -0.0000 0.4907
vn 0.5358 -0.0000 -0.8443
vn 0.4258 -0.0000 -0.9048
vn -0.9855 -0.0026 0.1697
vn -0.5184 -0.0000 -0.8551
vn -0.4961 0.0006 0.8682
vn -0.6447 0.0030 0.7644
vn -0.5413 -0.0113 0.8407
vn -0.7290 -0.0000 0.6845
vn -0.6374 -0.0000 0.7705
vn -0.5039 0.0006 -0.8638
vn -0.3396 0.0030 -0.9406
vn -0.4589 -0.0117 -0.8884
vn -0.6235 -0.0000 0.7818
vn 0.6397 -0.0026 0.7686
vn -0.3090 -0.0000 -0.9511
vn -0.4258 -0.0000 -0.9048
vn -0.9686 -0.0000 0.2487
vn 0.2225 -0.0000 -0.9749
vn 0.9999 0.0071 -0.0073
vn 0.9999 0.0072 -0.0074
vn 0.8763 -0.0000 -0.4818
vn 0.8090 -0.0000 -0.5878
vn 0.9921 -0.0000 -0.1253
vn 0.9686 -0.0000 -0.2487
vn -0.7184 -0.0000 0.6957
vn -1.0000 0.0063 0.0064
vn -1.0000 0.0064 0.0065
vn 0.5358 -0.0000 0.8443
vn 0.6374 -0.0000 0.7705
vn -0.7290 -0.0000 -0.6845
vn -0.8090 -0.0000 -0.5878
vn -0.5358 -0.0000 0.8443
vn -0.8014 -0.0000 0.5981
vn 0.1874 -0.0000 -0.9823
vn 0.0628 -0.0000 -0.9980
vn -0.3461 -0.0019 0.9382
vn 0.0628 -0.0000 0.9980
vn 0.1874 -0.0000 0.9823
vn 0.6374 -0.0000 -0.7705
vn -0.0628 -0.0000 -0.9980
vn -0.1874 -0.0000 -0.9823
vn 0.4996 0.0001 -0.8663
vn 0.4997 -0.0000 -0.8662
vn 0.2225 -0.0000 0.9749
vn 0.9979 -0.0000 -0.0641
vn 0.9491 -0.0000 0.3151
vn 0.4258 -0.0000 0.9048
vn -0.7183 -0.0000 -0.6957
vn 0.6723 -0.0000 0.7403
vn 0.4625 -0.0000 0.8866
vn -0.8090 -0.0000 0.5878
vn -0.2845 -0.0000 -0.9587
vn 0.9921 -0.0000 0.1253
vn -0.9673 -0.0000 0.2537
vn 0.7290 -0.0000 0.6845
vn -0.1596 -0.0000 -0.9872
vn -0.3090 -0.0000 0.9511
vn 0.9010 -0.0000 -0.4339
vn 0.9491 -0.0000 -0.3151
vn 0.9816 -0.0000 0.1912
vn -0.2845 -0.0000 0.9587
vn 0.6723 -0.0000 -0.7403
vn -0.4258 -0.0000 0.9048
vn -0.1596 -0.0000 0.9872
vn -0.9298 -0.0000 -0.3681
vn -0.9686 -0.0000 -0.2487
vn 0.8381 -0.0000 0.5455
vn -0.9269 -0.0000 0.3753
vn -0.5184 -0.0000 0.8551
vn 0.5721 -0.0000 0.8202
vn 0.9010 -0.0000 0.4339
vn -0.6374 -0.0000 -0.7705
vn 0.7290 -0.0000 -0.6845
vn -0.4995 -0.0002 -0.8663
vn -0.4997 -0.0004 -0.8662
vn -0.0321 -0.0000 0.9995
vn 0.0960 -0.0000 -0.9954
vn 0.8763 -0.0000 0.4818
vn 0.9298 -0.0000 0.3681
vn 0.9816 -0.0000 -0.1912
vn 0.9298 -0.0000 -0.3681
vn 0.9686 -0.0000 0.2487
vn -0.8763 -0.0000 -0.4818
vn 0.5721 -0.0000 -0.8202
vn -0.6397 -0.0026 -0.7686
vn 0.3459 -0.0023 -0.9383
vn 0.7614 -0.0000 -0.6482
vn 0.8381 -0.0000 -0.5455
vn 0.3454 -0.0000 0.9385
vn -0.8014 -0.0000 -0.5981
vn 0.0152 -0.1950 0.9807
vn 0.0225 0.1946 0.9806
vn -0.9807 -0.1950 0.0152
vn 0.6050 0.7061 -0.3680
vn -0.9806 0.1946 0.0225
vn 0.6216 0.7056 0.3401
vn 0.6212 0.7061 0.3399
vn -0.3635 -0.7062 -0.6076
vn 0.3635 -0.7062 0.6076
vn -0.3680 0.7061 -0.6050
vn -0.3399 0.7061 0.6212
vn -0.3401 0.7056 0.6216
vn -0.8417 0.1947 0.5036
vn 0.3448 -0.7060 -0.6186
vn 0.8570 0.1947 0.4771
vn -0.0152 -0.1950 -0.9807
vn 0.3399 0.7061 -0.6212
vn 0.3401 0.7056 -0.6216
vn 0.7081 0.7061 -0.0110
vn 0.3680 0.7061 0.6050
vn 0.9806 0.1946 -0.0225
vn 0.5036 0.1947 0.8417
vn -0.6186 -0.7060 -0.3448
vn -0.3448 -0.7060 0.6186
vn 0.7898 -0.3819 -0.4800
vn 0.4771 0.1947 -0.8570
vn 0.0110 0.7061 0.7081
vn -0.7898 -0.3819 0.4800
vn -0.5036 0.1947 -0.8417
vn 0.6186 -0.7060 0.3448
vn -0.6216 0.7056 -0.3401
vn -0.6212 0.7061 -0.3399
vn 0.9807 -0.1950 -0.0152
vn -0.8570 0.1947 -0.4771
vn -0.0110 0.7061 -0.7081
vn -0.0225 0.1946 -0.9806
vn -0.4771 0.1947 0.8570
vn -0.6050 0.7061 0.3680
vn -0.7081 0.7061 0.0110
vn 1.0000 -0.0063 0.0064
vn 1.0000 -0.0064 0.0065
vn 0.4589 -0.0117 0.8884
vn 0.5039 0.0006 0.8638
vn 0.3090 -0.0000 0.9511
vn -0.0320 -0.0000 -0.9995
vn -0.9673 -0.0000 -0.2537
vn 0.3090 -0.0000 -0.9511
vn 0.7614 -0.0000 0.6482
vn -0.9298 -0.0000 0.3681
vn -0.8763 -0.0000 0.4818
vn -0.5358 -0.0000 -0.8443
vn 0.4625 -0.0000 -0.8866
vn 0.9979 -0.0000 0.0641
vn -0.5026 -0.0011 0.8645
vn -0.5026 -0.0012 0.8645
vn -0.5016 -0.0023 0.8651
vn -0.9269 -0.0000 -0.3753
vn 0.4995 -0.0002 0.8663
vn 0.4997 -0.0004 0.8662
vn 0.8090 -0.0000 0.5878
vn 0.5025 -0.0008 -0.8646
vn 0.5018 -0.0000 -0.8650
vn -1.0000 -0.0063 -0.0064
vn -1.0000 -0.0064 -0.0065
vn -0.5026 0.0011 -0.8645
vn -0.5026 0.0012 -0.8645
vn -0.5016 0.0023 -0.8651
vn -0.4048 -0.0000 -0.9144
vn -0.4996 0.0001 0.8663
vn -0.4997 -0.0000 0.8662
vn -0.9921 -0.0000 0.1253
vn 0.8417 0.1947 -0.5036
vn -0.9921 -0.0000 -0.1253
vn 0.5025 0.0008 0.8646
vn 0.5018 -0.0000 0.8650
vn -0.9918 -0.0000 -0.1279
vn 0.9998 0.0143 -0.0146
vn -0.9998 0.0127 0.0129
vn 0.4994 0.0003 -0.8663
vn -0.4993 -0.0000 -0.8664
vn 0.0153 -0.1950 0.9807
vn -0.9807 -0.1950 0.0153
vn -0.0153 -0.1950 -0.9807
vn 0.9807 -0.1950 -0.0153
vn 0.9998 -0.0127 0.0129
vn -0.5036 -0.0000 0.8639
vn 0.4993 -0.0000 0.8664
vn 0.5032 -0.0015 -0.8642
vn -0.9998 -0.0127 -0.0129
vn -0.5036 -0.0000 -0.8639
vn -0.4994 0.0003 0.8663
vn 0.5032 0.0015 0.8642
s 1
usemtl gold
f 724//1 723//2 799//3
f 760//4 762//5 761//6
f 101//7 4//8 1//9
f 102//10 103//11 101//7
f 101//7 99//12 4//8
f 103//11 104//13 101//7
f 105//14 1//9 5//15
f 105//14 101//7 1//9
f 105//14 102//10 101//7
f 105//14 106//16 102//10
f 107//17 5//15 7//18
f 107//17 105//14 5//15
f 107//17 108//19 106//16
f 107//17 106//16 105//14
f 109//20 7//18 9//21
f 109//20 9//21 11//22
f 109//20 107//17 7//18
f 109//20 108//19 107//17
f 109//20 110//23 108//19
f 109//20 111//24 110//23
f 112//25 11//22 13//26
f 112//25 109//20 11//22
f 112//25 113//27 111//24
f 112//25 111//24 109//20
f 114//28 13//26 15//29
f 114//28 15//29 17//30
f 114//28 112//25 13//26
f 114//28 113//27 112//25
f 114//28 115//31 113//27
f 116//32 17//30 19//33
f 116//32 114//28 17//30
f 116//32 115//31 114//28
f 116//32 117//34 115//31
f 116//32 118//35 117//34
f 119//36 19//33 21//37
f 119//36 116//32 19//33
f 119//36 120//38 118//35
f 119//36 118//35 116//32
f 121//39 21//37 24//40
f 121//39 24//40 25//41
f 121//39 119//36 21//37
f 121//39 120//38 119//36
f 121//39 122//42 120//38
f 123//43 121//39 25//41
f 123//43 25//41 27//44
f 123//43 122//42 121//39
f 123//43 124//45 122//42
f 123//43 125//46 124//45
f 126//47 27//44 29//48
f 126//47 29//48 31//49
f 126//47 123//43 27//44
f 126//47 125//46 123//43
f 126//47 127//50 125//46
f 128//51 31//49 34//52
f 128//51 126//47 31//49
f 128//51 127//50 126//47
f 128//51 129//53 127//50
f 130//54 34//52 35//55
f 130//54 128//51 34//52
f 130//54 129//53 128//51
f 130//54 131//56 129//53
f 130//54 132//57 131//56
f 133//58 35//55 37//59
f 133//58 37//59 39//60
f 133//58 130//54 35//55
f 133//58 132//57 130//54
f 133//58 134//61 132//57
f 135//62 133//58 39//60
f 135//62 39//60 41//63
f 135//62 134//61 133//58
f 135//62 136//64 134//61
f 137//65 41//63 43//66
f 137//65 43//66 45//67
f 137//65 135//62 41//63
f 137//65 136//64 135//62
f 137//65 138//68 136//64
f 137//65 139//69 138//68
f 140//70 45//67 48//71
f 140//70 137//65 45//67
f 140//70 141//72 139//69
f 140//70 139//69 137//65
f 142//73 48//71 49//74
f 142//73 140//70 48//71
f 142//73 141//72 140//70
f 142//73 143//75 141//72
f 144//76 49//74 51//77
f 144//76 51//77 53//78
f 144//76 142//73 49//74
f 144//76 145//79 143//75
f 144//76 146//80 145//79
f 144//76 143//75 142//73
f 147//81 53//78 55//82
f 147//81 144//76 53//78
f 147//81 146//80 144//76
f 147//81 148//83 146//80
f 149//84 147//81 55//82
f 149//84 55//82 57//85
f 149//84 148//83 147//81
f 149//84 150//86 148//83
f 151//87 149//84 57//85
f 151//87 57//85 60//88
f 151//87 60//88 61//89
f 151//87 150//86 149//84
f 151//87 152//90 150//86
f 151//87 153//91 152//90
f 154//92 61//89 63//93
f 154//92 151//87 61//89
f 154//92 153//91 151//87
f 154//92 155//94 153//91
f 156//95 63//93 65//96
f 156//95 65//96 67//97
f 156//95 154//92 63//93
f 156//95 155//94 154//92
f 156//95 157//98 155//94
f 158//99 156//95 67//97
f 158//99 67//97 69//100
f 158//99 157//98 156//95
f 158//99 159//101 157//98
f 158//99 160//102 159//101
f 161//103 69//100 71//104
f 161//103 158//99 69//100
f 161//103 160//102 158//99
f 161//103 162//105 160//102
f 163//106 71//104 73//107
f 163//106 73//107 75//108
f 163//106 161//103 71//104
f 163//106 162//105 161//103
f 163//106 164//109 162//105
f 165//110 75//108 78//111
f 165//110 163//106 75//108
f 165//110 164//109 163//106
f 165//110 166//112 164//109
f 165//110 167//113 166//112
f 168//114 78//111 80//115
f 168//114 80//115 81//116
f 168//114 165//110 78//111
f 168//114 167//113 165//110
f 168//114 169//117 167//113
f 170//118 81//116 83//119
f 170//118 168//114 81//116
f 170//118 169//117 168//114
f 170//118 171//120 169//117
f 172//121 83//119 85//122
f 172//121 170//118 83//119
f 172//121 171//120 170//118
f 172//121 173//123 171//120
f 172//121 174//124 173//123
f 175//125 85//122 87//126
f 175//125 87//126 89//127
f 175//125 172//121 85//122
f 175//125 174//124 172//121
f 175//125 176//128 174//124
f 177//129 89//127 91//130
f 177//129 175//125 89//127
f 177//129 176//128 175//125
f 177//129 178//131 176//128
f 179//132 91//130 93//133
f 179//132 93//133 95//134
f 179//132 177//129 91//130
f 179//132 178//131 177//129
f 179//132 180//135 178//131
f 179//132 181//136 180//135
f 182//137 95//134 98//138
f 182//137 179//132 95//134
f 182//137 183//139 181//136
f 182//137 181//136 179//132
f 184//140 182//137 98//138
f 184//140 99//12 101//7
f 184//140 98//138 99//12
f 184//140 183//139 182//137
f 184//140 101//7 104//13
f 184//140 104//13 183//139
f 185//141 103//11 102//10
f 186//142 187//143 185//141
f 185//141 104//13 103//11
f 187//143 188//144 185//141
f 189//145 185//141 102//10
f 189//145 102//10 106//16
f 189//145 186//142 185//141
f 189//145 190//146 186//142
f 191//147 106//16 108//19
f 191//147 189//145 106//16
f 191//147 190//146 189//145
f 191//147 192//148 190//146
f 193//149 108//19 110//23
f 193//149 110//23 111//24
f 193//149 191//147 108//19
f 193//149 192//148 191//147
f 193//149 194//150 192//148
f 195//151 111//24 113//27
f 195//151 193//149 111//24
f 195//151 196//152 194//150
f 195//151 194//150 193//149
f 197//153 113//27 115//31
f 197//153 195//151 113//27
f 197//153 196//152 195//151
f 197//153 198//154 196//152
f 199//155 115//31 117//34
f 199//155 117//34 118//35
f 199//155 197//153 115//31
f 199//155 198//154 197//153
f 199//155 200//156 198//154
f 199//155 201//157 200//156
f 202//158 118//35 120//38
f 202//158 199//155 118//35
f 202//158 203//159 201//157
f 202//158 201//157 199//155
f 204//160 120//38 122//42
f 204//160 202//158 120//38
f 204//160 205//161 203//159
f 204//160 203//159 202//158
f 206//162 204//160 122//42
f 206//162 122//42 124//45
f 206//162 124//45 125//46
f 206//162 205//161 204//160
f 206//162 207//163 205//161
f 208//164 125//46 127//50
f 208//164 206//162 125//46
f 208//164 207//163 206//162
f 208//164 209//165 207//163
f 210//166 127//50 129//53
f 210//166 208//164 127//50
f 210//166 209//165 208//164
f 210//166 211//167 209//165
f 212//168 129//53 131//56
f 212//168 131//56 132//57
f 212//168 210//166 129//53
f 212//168 211//167 210//166
f 212//168 213//169 211//167
f 212//168 214//170 213//169
f 215//171 212//168 132//57
f 215//171 132//57 134//61
f 215//171 214//170 212//168
f 215//171 216//172 214//170
f 217//173 134//61 136//64
f 217//173 215//171 134//61
f 217//173 216//172 215//171
f 217//173 218//174 216//172
f 219//175 136//64 138//68
f 219//175 138//68 139//69
f 219//175 217//173 136//64
f 219//175 220//176 218//174
f 219//175 218//174 217//173
f 221//177 139//69 141//72
f 221//177 219//175 139//69
f 221//177 222//178 220//176
f 221//177 220//176 219//175
f 223//179 141//72 143//75
f 223//179 221//177 141//72
f 223//179 222//178 221//177
f 223//179 224//180 222//178
f 225//181 143//75 145//79
f 225//181 145//79 146//80
f 225//181 223//179 143//75
f 225//181 641//182 224//180
f 225//181 226//183 641//182
f 225//181 224//180 223//179
f 227//184 225//181 146//80
f 227//184 146//80 148//83
f 227//184 228//185 226//183
f 227//184 226//183 225//181
f 229//186 227//184 148//83
f 229//186 148//83 150//86
f 229//186 230//187 228//185
f 229//186 228//185 227//184
f 231//188 229//186 150//86
f 231//188 150//86 152//90
f 231//188 152//90 153//91
f 231//188 230//187 229//186
f 231//188 232//189 230//187
f 233//190 231//188 153//91
f 233//190 153//91 155//94
f 233//190 232//189 231//188
f 233//190 234//191 232//189
f 235//192 233//190 155//94
f 235//192 155//94 157//98
f 235//192 234//191 233//190
f 235//192 236//193 234//191
f 237//194 235//192 157//98
f 237//194 157//98 159//101
f 237//194 159//101 160//102
f 237//194 236//193 235//192
f 237//194 238//195 236//193
f 237//194 239//196 238//195
f 240//197 237//194 160//102
f 240//197 160//102 162//105
f 240//197 239//196 237//194
f 240//197 241//198 239//196
f 242//199 240//197 162//105
f 242//199 162//105 164//109
f 242//199 241//198 240//197
f 242//199 243//200 241//198
f 244//201 242//199 164//109
f 244//201 164//109 166//112
f 244//201 166//112 167//113
f 244//201 243//200 242//199
f 244//201 245//202 243//200
f 246//203 167//113 169//117
f 246//203 244//201 167//113
f 246//203 245//202 244//201
f 246//203 247//204 245//202
f 248//205 169//117 171//120
f 248//205 246//203 169//117
f 248//205 247//204 246//203
f 248//205 249//206 247//204
f 250//207 171//120 173//123
f 250//207 173//123 174//124
f 250//207 248//205 171//120
f 250//207 249//206 248//205
f 250//207 251//208 249//206
f 250//207 252//209 251//208
f 253//210 174//124 176//128
f 253//210 250//207 174//124
f 253//210 252//209 250//207
f 253//210 254//211 252//209
f 255//212 176//128 178//131
f 255//212 253//210 176//128
f 255//212 254//211 253//210
f 255//212 256//213 254//211
f 257//214 178//131 180//135
f 257//214 180//135 181//136
f 257//214 255//212 178//131
f 257//214 256//213 255//212
f 257//214 258//215 256//213
f 259//216 257//214 181//136
f 259//216 181//136 183//139
f 259//216 258//215 257//214
f 259//216 260//217 258//215
f 261//218 104//13 185//141
f 261//218 183//139 104//13
f 261//218 259//216 183//139
f 261//218 185//141 188//144
f 261//218 260//217 259//216
f 261//218 188//144 260//217
f 262//219 187//143 186//142
f 263//220 264//221 262//219
f 262//219 188//144 187//143
f 264//221 265//222 262//219
f 192//223 186//223 190//223
f 186//142 263//220 262//219
f 192//148 266//224 263//220
f 192//148 263//220 186//142
f 194//150 266//224 192//148
f 194//150 267//225 266//224
f 196//152 267//225 194//150
f 201//157 198//154 200//226
f 198//154 267//225 196//152
f 198//154 268//227 267//225
f 201//157 268//227 198//154
f 201//157 269//228 268//227
f 203//159 269//228 201//157
f 203//159 270//229 269//228
f 205//161 271//230 270//229
f 205//161 270//229 203//159
f 211//231 207//231 209//231
f 207//163 272//232 271//230
f 207//163 271//230 205//161
f 273//233 211//167 213//169
f 273//233 213//169 214//170
f 211//167 272//232 207//163
f 273//233 272//232 211//167
f 273//233 274//234 272//232
f 273//233 275//235 274//234
f 276//236 216//172 218//174
f 276//236 214//170 216//172
f 214//170 275//235 273//233
f 214//170 276//236 275//235
f 220//176 276//236 218//174
f 220//176 277//237 276//236
f 220//176 278//238 277//237
f 222//178 278//238 220//176
f 222//178 279//239 278//238
f 226//183 224//180 641//240
f 224//180 279//239 222//178
f 224//180 644//241 279//239
f 226//183 644//241 224//180
f 226//183 280//242 644//241
f 228//185 280//242 226//183
f 281//243 232//189 234//191
f 281//243 230//187 232//189
f 230//187 280//242 228//185
f 230//187 282//244 280//242
f 236//193 281//243 234//191
f 281//243 282//244 230//187
f 283//245 236//193 238//195
f 283//245 238//195 239//196
f 236//193 284//246 281//243
f 283//245 285//247 284//246
f 283//245 286//248 285//247
f 283//245 284//246 236//193
f 243//249 239//249 241//249
f 239//196 286//248 283//245
f 243//200 287//250 286//248
f 243//200 286//248 239//196
f 245//202 287//250 243//200
f 245//202 288//251 287//250
f 247//204 288//251 245//202
f 247//204 289//252 288//251
f 252//209 249//206 251//253
f 249//206 289//252 247//204
f 249//206 290//254 289//252
f 252//209 290//254 249//206
f 252//209 291//255 290//254
f 254//211 291//255 252//209
f 256//213 291//255 254//211
f 256//213 292//256 291//255
f 188//257 258//257 260//257
f 258//215 292//256 256//213
f 258//215 293//258 292//256
f 188//144 293//258 258//215
f 188//144 262//219 265//222
f 188//144 265//222 293//258
f 265//222 264//221 263//220
f 267//225 263//220 266//224
f 263//220 659//259 265//222
f 269//228 267//225 268//227
f 267//225 659//259 263//220
f 270//229 271//230 272//232
f 269//228 659//259 267//225
f 270//229 659//259 269//228
f 275//235 272//232 274//234
f 272//232 659//259 270//229
f 278//238 276//236 277//237
f 275//235 659//259 272//232
f 279//239 644//241 280//242
f 276//236 659//259 275//235
f 278//238 659//259 276//236
f 279//239 659//259 278//238
f 281//243 280//242 282//244
f 280//242 659//259 279//239
f 286//248 284//246 285//247
f 281//243 659//259 280//242
f 288//251 286//248 287//250
f 284//246 659//259 281//243
f 286//248 659//259 284//246
f 291//255 289//252 290//254
f 288//251 659//259 286//248
f 293//258 291//255 292//256
f 289//252 659//259 288//251
f 291//255 659//259 289//252
f 293//258 659//259 291//255
f 265//222 659//259 293//258
f 297//260 294//261 659//262
f 296//263 297//260 659//262
f 299//264 296//263 659//262
f 298//265 299//264 659//262
f 301//266 298//265 659//262
f 302//267 301//266 659//262
f 300//268 302//267 659//262
f 305//269 300//268 659//262
f 303//270 305//269 659//262
f 304//271 303//270 659//262
f 307//272 304//271 659//262
f 308//273 307//272 659//262
f 306//274 308//273 659//262
f 311//275 306//274 659//262
f 309//276 311//275 659//262
f 310//277 309//276 659//262
f 313//278 310//277 659//262
f 312//279 313//278 659//262
f 314//280 312//279 659//262
f 295//281 659//262 294//261
f 295//281 314//280 659//262
f 316//282 295//281 294//261
f 315//283 294//261 297//260
f 315//283 316//282 294//261
f 318//284 315//283 297//260
f 320//285 297//260 296//263
f 320//285 318//284 297//260
f 318//286 319//286 315//286
f 321//287 320//285 296//263
f 322//288 296//263 299//264
f 322//288 321//287 296//263
f 323//289 322//288 299//264
f 325//290 299//264 298//265
f 325//290 323//289 299//264
f 323//289 324//291 322//288
f 326//292 298//265 301//266
f 326//292 325//290 298//265
f 328//293 301//266 302//267
f 301//266 329//294 327//295
f 301//266 327//295 326//292
f 330//296 302//267 300//268
f 330//296 328//293 302//267
f 328//293 329//294 301//266
f 331//297 330//296 300//268
f 332//298 300//268 305//269
f 332//298 331//297 300//268
f 334//299 332//298 305//269
f 332//298 333//300 331//297
f 335//301 334//299 305//269
f 335//301 305//269 303//270
f 304//271 335//301 303//270
f 337//302 307//272 308//273
f 337//302 304//271 307//272
f 338//303 335//301 304//271
f 338//303 336//304 335//301
f 339//305 337//302 308//273
f 337//302 338//303 304//271
f 340//306 308//273 306//274
f 340//306 339//305 308//273
f 341//307 340//306 306//274
f 343//308 306//274 311//275
f 343//308 341//307 306//274
f 341//307 342//309 340//306
f 344//310 343//308 311//275
f 309//276 344//310 311//275
f 346//311 309//276 310//277
f 309//276 347//312 345//313
f 309//276 345//313 344//310
f 348//314 346//311 310//277
f 348//314 310//277 313//278
f 346//311 347//312 309//276
f 349//315 348//314 313//278
f 350//316 349//315 313//278
f 350//316 313//278 312//279
f 352//317 350//316 312//279
f 350//316 351//318 349//315
f 353//319 312//279 314//280
f 353//319 352//317 312//279
f 354//320 353//319 314//280
f 317//321 314//280 295//281
f 317//321 295//281 316//282
f 317//321 354//320 314//280
f 317//322 355//322 354//322
f 357//323 316//282 315//283
f 357//323 317//321 316//282
f 356//324 315//283 319//325
f 356//324 357//323 315//283
f 360//326 319//325 318//284
f 360//326 356//324 319//325
f 360//326 361//327 359//328
f 360//326 359//328 356//324
f 362//329 318//284 320//285
f 362//329 360//326 318//284
f 362//329 361//327 360//326
f 362//329 363//330 361//327
f 362//329 364//331 363//330
f 365//332 320//285 321//287
f 365//332 362//329 320//285
f 365//332 364//331 362//329
f 365//332 366//333 364//331
f 367//334 321//287 322//288
f 367//334 365//332 321//287
f 367//334 368//335 366//333
f 367//334 366//333 365//332
f 369//336 322//288 324//337
f 369//336 367//334 322//288
f 369//336 368//335 367//334
f 370//338 324//337 323//289
f 370//338 323//289 325//290
f 370//338 369//336 324//337
f 372//339 325//290 326//292
f 372//339 370//338 325//290
f 372//339 371//340 370//338
f 372//339 373//341 371//340
f 374//342 326//292 327//295
f 374//342 372//339 326//292
f 374//342 375//343 373//341
f 374//342 373//341 372//339
f 376//344 327//295 329//294
f 376//344 374//342 327//295
f 376//344 375//343 374//342
f 378//345 329//294 328//293
f 378//345 376//344 329//294
f 378//345 379//346 377//347
f 378//345 377//347 376//344
f 380//348 328//293 330//296
f 380//348 378//345 328//293
f 380//348 381//349 379//346
f 380//348 379//346 378//345
f 382//350 380//348 330//296
f 382//350 330//296 331//297
f 382//350 381//349 380//348
f 383//351 331//297 333//352
f 383//351 333//352 332//298
f 383//351 382//350 331//297
f 385//353 332//298 334//299
f 385//353 383//351 332//298
f 385//353 384//354 383//351
f 385//353 386//355 384//354
f 387//356 334//299 335//301
f 387//356 385//353 334//299
f 387//356 386//355 385//353
f 389//357 335//301 336//358
f 389//357 387//356 335//301
f 389//357 390//359 388//360
f 389//357 388//360 387//356
f 391//361 336//358 338//303
f 391//361 389//357 336//358
f 391//361 392//362 390//359
f 391//361 390//359 389//357
f 393//363 338//303 337//302
f 393//363 391//361 338//303
f 393//363 394//364 392//362
f 393//363 392//362 391//361
f 395//365 337//302 339//305
f 395//365 393//363 337//302
f 395//365 394//364 393//363
f 397//366 395//365 339//305
f 397//366 339//305 340//306
f 397//366 396//367 395//365
f 397//366 398//368 396//367
f 399//369 397//366 340//306
f 399//369 340//306 342//370
f 399//369 342//370 341//307
f 399//369 398//368 397//366
f 400//371 399//369 341//307
f 400//371 341//307 343//308
f 402//372 400//371 343//308
f 402//372 343//308 344//310
f 402//372 401//373 400//371
f 402//372 403//374 401//373
f 404//375 344//310 345//313
f 404//375 402//372 344//310
f 404//375 403//374 402//372
f 404//375 405//376 403//374
f 406//377 404//375 345//313
f 406//377 345//313 347//312
f 406//377 405//376 404//375
f 408//378 347//312 346//311
f 408//378 406//377 347//312
f 408//378 407//379 406//377
f 408//378 409//380 407//379
f 410//381 346//311 348//314
f 410//381 408//378 346//311
f 410//381 409//380 408//378
f 410//381 411//382 409//380
f 412//383 348//314 349//315
f 412//383 349//315 351//384
f 412//383 410//381 348//314
f 412//383 411//382 410//381
f 413//385 351//384 350//316
f 413//385 412//383 351//384
f 415//386 350//316 352//317
f 415//386 413//385 350//316
f 415//386 414//387 413//385
f 415//386 416//388 414//387
f 417//389 352//317 353//319
f 417//389 415//386 352//317
f 417//389 416//388 415//386
f 417//389 418//390 416//388
f 419//391 353//319 354//320
f 419//391 417//389 353//319
f 419//391 418//390 417//389
f 419//391 420//392 418//390
f 419//391 421//393 420//392
f 422//394 354//320 355//395
f 422//394 419//391 354//320
f 422//394 421//393 419//391
f 422//394 423//396 421//393
f 358//397 317//321 357//323
f 358//397 355//395 317//321
f 358//397 422//394 355//395
f 358//397 423//396 422//394
f 424//398 357//323 356//324
f 425//399 426//400 424//398
f 424//398 358//397 357//323
f 426//400 427//401 424//398
f 428//402 356//324 359//328
f 428//402 424//398 356//324
f 428//402 425//399 424//398
f 428//402 429//403 425//399
f 430//404 359//328 361//327
f 430//404 428//402 359//328
f 430//404 431//405 429//403
f 430//404 429//403 428//402
f 432//406 361//327 363//330
f 432//406 363//330 364//331
f 432//406 430//404 361//327
f 432//406 431//405 430//404
f 432//406 433//407 431//405
f 432//406 434//408 433//407
f 435//409 364//331 366//333
f 435//409 432//406 364//331
f 435//409 436//410 434//408
f 435//409 434//408 432//406
f 437//411 366//333 368//335
f 437//411 435//409 366//333
f 437//411 436//410 435//409
f 437//411 438//412 436//410
f 439//413 368//335 369//336
f 439//413 437//411 368//335
f 439//413 438//412 437//411
f 439//413 440//414 438//412
f 439//413 441//415 440//414
f 442//416 369//336 370//338
f 442//416 370//338 371//340
f 442//416 439//413 369//336
f 442//416 443//417 441//415
f 442//416 441//415 439//413
f 444//418 371//340 373//341
f 444//418 442//416 371//340
f 444//418 443//417 442//416
f 444//418 445//419 443//417
f 444//418 446//420 445//419
f 447//421 444//418 373//341
f 447//421 373//341 375//343
f 447//421 446//420 444//418
f 447//421 448//422 446//420
f 449//423 375//343 376//344
f 449//423 376//344 377//347
f 449//423 447//421 375//343
f 449//423 448//422 447//421
f 449//423 450//424 448//422
f 451//425 377//347 379//346
f 451//425 449//423 377//347
f 451//425 450//424 449//423
f 451//425 452//426 450//424
f 451//425 453//427 452//426
f 454//428 379//346 381//349
f 454//428 451//425 379//346
f 454//428 453//427 451//425
f 454//428 455//429 453//427
f 456//430 454//428 381//349
f 456//430 381//349 382//350
f 456//430 382//350 383//351
f 456//430 455//429 454//428
f 456//430 457//431 455//429
f 458//432 383//351 384//354
f 458//432 456//430 383//351
f 458//432 459//433 457//431
f 458//432 460//434 459//433
f 458//432 457//431 456//430
f 461//435 384//354 386//355
f 461//435 458//432 384//354
f 461//435 460//434 458//432
f 461//435 462//436 460//434
f 463//437 386//355 387//356
f 463//437 387//356 388//360
f 463//437 461//435 386//355
f 463//437 464//438 462//436
f 463//437 462//436 461//435
f 465//439 388//360 390//359
f 465//439 463//437 388//360
f 465//439 464//438 463//437
f 465//439 466//440 464//438
f 465//439 467//441 466//440
f 468//442 465//439 390//359
f 468//442 390//359 392//362
f 468//442 469//443 467//441
f 468//442 467//441 465//439
f 470//444 392//362 394//364
f 470//444 468//442 392//362
f 470//444 471//445 469//443
f 470//444 472//446 471//445
f 470//444 469//443 468//442
f 473//447 470//444 394//364
f 473//447 394//364 395//365
f 473//447 395//365 396//367
f 473//447 472//446 470//444
f 473//447 474//448 472//446
f 475//449 473//447 396//367
f 475//449 396//367 398//368
f 475//449 474//448 473//447
f 475//449 476//450 474//448
f 477//451 398//368 399//369
f 477//451 475//449 398//368
f 477//451 476//450 475//449
f 477//451 478//452 476//450
f 477//451 479//453 478//452
f 480//454 477//451 399//369
f 480//454 399//369 400//371
f 480//454 400//371 401//373
f 480//454 479//453 477//451
f 480//454 481//455 479//453
f 482//456 401//373 403//374
f 482//456 480//454 401//373
f 482//456 481//455 480//454
f 482//456 483//457 481//455
f 484//458 403//374 405//376
f 484//458 482//456 403//374
f 484//458 483//457 482//456
f 484//458 485//459 483//457
f 484//458 486//460 485//459
f 487//461 405//376 406//377
f 487//461 406//377 407//379
f 487//461 484//458 405//376
f 487//461 486//460 484//458
f 487//461 488//462 486//460
f 489//463 407//379 409//380
f 489//463 487//461 407//379
f 489//463 488//462 487//461
f 489//463 490//464 488//462
f 491//465 409//380 411//382
f 491//465 489//463 409//380
f 491//465 490//464 489//463
f 491//465 492//466 490//464
f 491//465 493//467 492//466
f 494//468 411//382 412//383
f 494//468 412//383 413//385
f 494//468 491//465 411//382
f 494//468 493//467 491//465
f 494//468 495//469 493//467
f 496//470 413//385 414//387
f 496//470 494//468 413//385
f 496//470 495//469 494//468
f 496//470 497//471 495//469
f 496//470 498//472 497//471
f 499//473 414//387 416//388
f 499//473 496//470 414//387
f 499//473 498//472 496//470
f 499//473 500//474 498//472
f 501//475 416//388 418//390
f 501//475 499//473 416//388
f 501//475 500//474 499//473
f 501//475 502//476 500//474
f 503//477 418//390 420//392
f 503//477 420//392 421//393
f 503//477 501//475 418//390
f 503//477 502//476 501//475
f 503//477 504//478 502//476
f 503//477 505//479 504//478
f 506//480 421//393 423//396
f 506//480 503//477 421//393
f 506//480 505//479 503//477
f 506//480 507//481 505//479
f 508//482 506//480 423//396
f 508//482 423//396 358//397
f 508//482 358//397 424//398
f 508//482 507//481 506//480
f 508//482 424//398 427//401
f 508//482 427//401 507//481
f 734//483 736//484 735//485
f 552//486 90//486 88//486
f 551//486 552//486 88//486
f 551//486 88//486 86//486
f 553//486 90//486 552//486
f 553//486 92//486 90//486
f 550//486 551//486 86//486
f 84//486 550//486 86//486
f 554//486 92//486 553//486
f 554//486 94//486 92//486
f 549//486 550//486 84//486
f 555//486 94//486 554//486
f 555//486 96//486 94//486
f 82//486 549//486 84//486
f 548//486 549//486 82//486
f 556//486 96//486 555//486
f 556//486 97//486 96//486
f 79//486 548//486 82//486
f 547//486 548//486 79//486
f 557//486 97//486 556//486
f 557//486 100//486 97//486
f 77//486 547//486 79//486
f 546//486 547//486 77//486
f 510//486 100//486 557//486
f 510//486 2//486 100//486
f 76//486 546//486 77//486
f 545//486 546//486 76//486
f 3//486 2//486 510//486
f 509//486 3//486 510//486
f 74//486 545//486 76//486
f 544//486 545//486 74//486
f 6//486 3//486 509//486
f 511//486 6//486 509//486
f 72//486 544//486 74//486
f 543//486 544//486 72//486
f 8//486 6//486 511//486
f 512//486 8//486 511//486
f 70//486 543//486 72//486
f 542//486 543//486 70//486
f 10//486 8//486 512//486
f 513//486 10//486 512//486
f 68//486 542//486 70//486
f 541//486 542//486 68//486
f 12//486 10//486 513//486
f 514//486 12//486 513//486
f 66//486 541//486 68//486
f 540//486 541//486 66//486
f 14//486 12//486 514//486
f 515//486 14//486 514//486
f 64//486 540//486 66//486
f 539//486 540//486 64//486
f 16//486 14//486 515//486
f 516//486 16//486 515//486
f 62//486 539//486 64//486
f 538//486 539//486 62//486
f 18//486 16//486 516//486
f 517//486 18//486 516//486
f 59//486 538//486 62//486
f 537//486 538//486 59//486
f 20//486 18//486 517//486
f 518//486 20//486 517//486
f 58//486 537//486 59//486
f 536//486 537//486 58//486
f 22//486 20//486 518//486
f 519//486 22//486 518//486
f 56//486 536//486 58//486
f 535//486 536//486 56//486
f 23//486 22//486 519//486
f 520//486 23//486 519//486
f 54//486 535//486 56//486
f 534//486 535//486 54//486
f 26//486 23//486 520//486
f 521//486 26//486 520//486
f 52//486 534//486 54//486
f 533//486 534//486 52//486
f 28//486 26//486 521//486
f 28//486 521//486 522//486
f 50//486 533//486 52//486
f 532//486 533//486 50//486
f 30//486 28//486 522//486
f 30//486 522//486 523//486
f 47//486 532//486 50//486
f 531//486 532//486 47//486
f 32//486 523//486 524//486
f 32//486 30//486 523//486
f 46//486 531//486 47//486
f 46//486 530//486 531//486
f 33//486 524//486 525//486
f 33//486 32//486 524//486
f 44//486 529//486 530//486
f 44//486 530//486 46//486
f 36//486 525//486 526//486
f 36//486 33//486 525//486
f 42//486 528//486 529//486
f 42//486 529//486 44//486
f 38//486 526//486 527//486
f 38//486 36//486 526//486
f 40//486 527//486 528//486
f 40//486 528//486 42//486
f 40//486 38//486 527//486
f 166//487 684//488 681//489
f 641//490 643//491 642//492
f 659//493 561//494 264//495
f 564//496 563//497 562//498
f 606//499 605//500 604//501
f 671//502 670//503 159//504
f 651//486 640//486 652//486
f 568//505 103//505 4//506
f 568//505 4//506 569//506
f 562//505 659//505 264//505
f 562//505 563//505 659//505
f 566//507 187//507 103//505
f 566//507 264//505 187//507
f 566//507 103//505 568//505
f 566//507 562//505 264//505
f 567//508 559//509 558//508
f 567//508 570//509 559//509
f 564//510 561//510 659//510
f 564//510 659//510 563//510
f 560//511 561//510 564//510
f 565//511 558//508 560//511
f 565//511 560//511 564//510
f 565//511 567//508 558//508
f 706//512 705//513 704//514
f 131//515 615//516 614//517
f 659//518 576//519 266//520
f 577//521 563//522 578//523
f 658//524 657//525 656//526
f 666//527 665//528 664//529
f 266//530 563//530 659//530
f 578//530 563//530 266//530
f 581//531 110//531 572//530
f 581//531 572//530 584//530
f 579//532 574//532 110//531
f 579//532 266//530 574//532
f 579//532 110//531 581//531
f 579//532 578//530 266//530
f 576//533 659//533 563//533
f 582//533 571//534 573//533
f 582//533 583//534 571//534
f 577//533 576//533 563//533
f 580//533 573//533 575//533
f 580//533 575//533 576//533
f 580//533 582//533 573//533
f 580//533 576//533 577//533
f 626//535 138//536 625//537
f 711//538 710//539 180//540
f 647//541 646//542 645//543
f 659//544 589//545 268//546
f 591//547 563//548 590//549
f 187//550 561//494 560//551
f 679//552 678//553 677//554
f 590//555 659//555 268//555
f 590//555 563//555 659//555
f 594//556 117//556 586//555
f 594//556 586//555 597//555
f 592//557 200//558 117//556
f 592//557 268//555 200//558
f 592//557 590//555 268//555
f 592//557 117//556 594//556
f 589//559 659//559 563//559
f 595//559 585//560 587//559
f 595//559 596//560 585//560
f 591//559 589//559 563//559
f 593//561 587//559 588//561
f 593//561 588//561 589//559
f 593//561 595//559 587//559
f 593//561 589//559 591//559
f 103//562 187//550 558//563
f 659//564 603//565 271//566
f 605//500 563//567 604//501
f 569//568 567//569 568//570
f 569//486 559//486 570//486
f 609//571 124//571 600//572
f 609//571 600//572 610//572
f 604//571 659//571 271//571
f 604//571 563//571 659//571
f 607//573 601//573 124//571
f 607//573 271//571 601//573
f 607//573 124//571 609//571
f 607//573 604//571 271//571
f 608//574 599//575 598//574
f 608//574 611//575 599//575
f 605//576 603//576 659//576
f 605//576 659//576 563//576
f 602//577 603//576 605//576
f 606//577 598//574 602//577
f 606//577 602//577 605//576
f 606//577 608//574 598//574
f 572//578 110//579 571//580
f 576//519 575//581 574//582
f 659//583 616//584 274//585
f 617//586 563//587 618//588
f 661//589 662//590 660//591
f 583//592 582//593 581//594
f 274//595 563//595 659//595
f 621//596 131//596 613//595
f 621//596 613//595 624//595
f 618//595 563//595 274//595
f 619//597 213//597 131//596
f 619//597 274//595 213//597
f 619//597 131//596 621//596
f 619//597 618//595 274//595
f 616//598 659//598 563//598
f 622//598 612//599 614//598
f 622//598 623//600 612//599
f 617//598 616//598 563//598
f 620//601 614//598 615//601
f 620//601 615//601 616//598
f 620//601 616//598 617//598
f 620//601 622//598 614//598
f 654//602 152//603 653//604
f 588//605 587//606 117//607
f 659//608 630//609 277//610
f 632//611 563//612 631//613
f 596//614 595//615 594//616
f 631//617 659//617 277//617
f 631//617 563//617 659//617
f 635//618 138//618 626//617
f 635//618 626//617 638//617
f 633//619 629//619 138//618
f 633//619 277//617 629//619
f 633//619 631//617 277//617
f 633//619 138//618 635//618
f 632//620 630//620 659//620
f 632//620 659//620 563//620
f 636//620 625//621 627//620
f 636//620 637//621 625//621
f 634//622 627//620 628//622
f 634//622 628//622 630//620
f 634//622 636//620 627//620
f 634//622 630//620 632//620
f 124//623 601//624 598//625
f 145//626 641//490 639//627
f 684//488 686//628 685//629
f 659//630 643//491 644//631
f 646//542 563//632 645//543
f 689//633 688//634 687//635
f 693//636 691//637 692//638
f 650//639 145//639 51//640
f 650//639 51//640 651//640
f 645//639 659//639 644//639
f 645//639 563//639 659//639
f 648//641 641//641 145//639
f 648//641 644//639 641//641
f 648//641 145//639 650//639
f 648//641 645//639 644//639
f 649//642 640//643 639//642
f 649//642 652//643 640//643
f 646//644 643//644 659//644
f 646//644 659//644 563//644
f 647//642 639//642 642//642
f 647//642 642//642 643//644
f 647//642 649//642 639//642
f 647//642 643//644 646//644
f 696//645 173//646 695//647
f 173//646 698//648 697//649
f 701//650 702//651 700//652
f 659//653 658//524 282//654
f 660//591 563//655 661//589
f 578//523 579//656 577//521
f 661//657 659//657 282//657
f 661//657 563//657 659//657
f 664//658 152//658 654//657
f 664//658 654//657 667//657
f 662//659 656//659 152//658
f 662//659 282//657 656//659
f 662//659 661//657 282//657
f 662//659 152//658 664//658
f 660//660 658//660 659//660
f 660//660 659//660 563//660
f 665//660 653//661 655//660
f 665//660 666//661 653//661
f 663//660 655//660 657//660
f 663//660 657//660 658//660
f 663//660 665//660 655//660
f 663//660 658//660 660//660
f 709//662 180//540 708//663
f 628//664 627//665 138//536
f 659//666 672//667 285//668
f 674//669 563//670 673//671
f 669//672 159//504 668//673
f 651//674 649//675 650//676
f 693//486 682//486 694//486
f 285//677 563//677 659//677
f 673//677 563//677 285//677
f 677//678 159//678 669//677
f 677//678 669//677 680//677
f 675//679 238//680 159//678
f 675//679 285//677 238//680
f 675//679 159//678 677//678
f 675//679 673//677 285//677
f 678//681 668//682 670//681
f 678//681 679//682 668//682
f 674//681 672//681 659//681
f 674//681 659//681 563//681
f 676//683 670//681 671//683
f 676//683 671//683 672//681
f 676//683 678//681 670//681
f 676//683 672//681 674//681
f 601//624 603//565 602//684
f 659//685 686//628 287//686
f 688//634 563//687 687//635
f 565//688 564//496 562//498
f 610//689 608//690 609//691
f 610//486 599//486 611//486
f 692//692 166//692 683//693
f 692//692 683//693 693//693
f 687//692 659//692 287//692
f 687//692 563//692 659//692
f 690//694 684//694 166//692
f 690//694 287//692 684//694
f 690//694 166//692 692//692
f 690//694 687//692 287//692
f 691//695 682//696 681//695
f 691//695 694//696 682//696
f 688//697 686//697 659//697
f 688//697 659//697 563//697
f 685//698 686//697 688//697
f 689//698 681//695 685//698
f 689//698 685//698 688//697
f 689//698 691//695 681//695
f 613//699 131//515 612//700
f 659//701 699//702 290//703
f 700//652 563//704 701//650
f 618//588 619//705 617//586
f 720//706 719//707 718//708
f 623//709 622//710 621//711
f 701//712 659//712 290//712
f 701//712 563//712 659//712
f 704//713 173//713 696//712
f 704//713 696//712 707//712
f 702//714 251//714 173//713
f 702//714 290//712 251//714
f 702//714 701//712 290//712
f 702//714 173//713 704//713
f 699//715 659//715 563//715
f 705//715 695//716 697//715
f 705//715 706//717 695//716
f 700//715 699//715 563//715
f 703//718 697//715 698//718
f 703//718 698//718 699//715
f 703//718 705//715 697//715
f 703//718 699//715 700//715
f 586//719 117//607 585//720
f 659//721 713//722 292//723
f 715//724 563//725 714//726
f 637//727 636//728 635//729
f 292//730 563//730 659//730
f 714//730 563//730 292//730
f 718//731 180//731 709//730
f 718//731 709//730 721//730
f 716//732 712//732 180//731
f 716//732 292//730 712//732
f 716//732 180//731 718//731
f 716//732 714//730 292//730
f 713//733 659//733 563//733
f 715//733 713//733 563//733
f 719//733 708//734 710//733
f 719//733 720//734 708//734
f 717//735 710//733 711//735
f 717//735 711//735 713//733
f 717//735 719//733 710//733
f 717//735 713//733 715//733
f 728//736 727//737 726//738
f 729//739 726//738 727//737
f 722//740 729//739 727//737
f 730//741 728//736 726//738
f 731//742 728//736 730//741
f 732//743 729//739 722//740
f 733//744 731//742 730//741
f 733//744 732//743 722//740
f 733//744 730//741 732//743
f 740//745 741//746 739//747
f 740//745 739//747 742//748
f 737//749 743//750 742//748
f 737//749 742//748 739//747
f 744//751 741//746 740//745
f 745//752 744//751 740//745
f 746//753 743//750 737//749
f 746//753 745//752 743//750
f 746//753 744//751 745//752
f 754//754 753//755 752//756
f 750//757 752//756 753//755
f 750//757 755//758 752//756
f 756//759 754//754 752//756
f 757//760 754//754 756//759
f 750//757 758//761 755//758
f 758//761 757//760 756//759
f 759//762 758//761 750//757
f 759//762 757//760 758//761
f 767//763 765//764 766//765
f 763//766 768//767 766//765
f 763//766 766//765 765//764
f 769//768 767//763 766//765
f 770//769 767//763 769//768
f 771//770 768//767 763//766
f 772//771 769//768 771//770
f 772//771 770//769 769//768
f 772//771 771//770 763//766
f 778//772 779//773 780//774
f 778//772 781//775 779//773
f 782//776 780//774 779//773
f 777//777 782//776 779//773
f 783//778 781//775 778//772
f 784//779 783//778 778//772
f 785//780 784//779 782//776
f 785//780 782//776 777//777
f 785//780 783//778 784//779
f 793//781 791//782 792//783
f 789//784 794//785 792//783
f 789//784 792//783 791//782
f 795//786 793//781 792//783
f 796//787 793//781 795//786
f 789//784 797//788 794//785
f 798//789 795//786 797//788
f 798//789 796//787 795//786
f 798//789 797//788 789//784
f 790//790 787//790 788//790
f 751//790 753//790 754//790
f 744//790 747//790 749//790
f 727//790 723//790 725//791
f 727//790 791//790 793//790
f 727//790 793//790 796//790
f 727//790 796//790 799//790
f 727//790 799//790 723//790
f 736//790 738//790 739//790
f 731//790 736//790 739//790
f 731//790 727//790 728//790
f 731//790 735//790 736//790
f 731//790 739//790 741//790
f 731//790 741//790 744//790
f 731//790 749//790 751//790
f 731//790 754//790 757//790
f 731//790 757//790 761//790
f 731//790 761//790 762//790
f 731//790 762//790 764//790
f 731//790 764//790 765//790
f 731//790 765//790 767//790
f 731//790 767//790 770//790
f 731//790 770//790 774//790
f 731//790 774//790 775//790
f 731//790 775//790 776//790
f 731//790 776//790 779//790
f 731//790 779//790 781//790
f 731//790 781//790 783//790
f 731//790 783//790 787//790
f 731//790 790//790 791//790
f 731//790 787//790 790//790
f 731//790 791//790 727//790
f 731//790 751//790 754//790
f 731//790 744//790 749//790
f 722//486 798//486 789//486
f 722//486 724//486 798//486
f 733//486 737//486 734//486
f 733//486 746//486 737//486
f 733//486 750//486 748//486
f 733//486 759//486 750//486
f 733//486 760//486 759//486
f 733//486 763//486 760//486
f 733//486 772//486 763//486
f 733//486 773//486 772//486
f 733//486 777//486 773//486
f 733//486 785//486 777//486
f 733//486 786//486 785//486
f 733//486 789//486 786//486
f 733//486 722//486 789//486
f 733//486 748//486 746//486
f 729//790 800//790 802//790
f 732//790 800//790 729//790
f 726//486 803//486 801//486
f 726//486 801//486 730//486
f 722//740 727//737 725//792
f 740//486 806//486 805//486
f 742//262 806//486 740//486
f 743//790 804//790 807//790
f 745//791 804//790 743//790
f 756//486 810//486 809//486
f 752//486 810//486 756//486
f 758//790 808//790 811//790
f 758//790 811//790 755//790
f 766//486 814//486 813//486
f 766//486 813//486 769//486
f 768//790 812//790 815//790
f 771//790 812//790 768//790
f 778//486 818//486 817//486
f 780//793 818//486 778//486
f 782//794 816//790 819//795
f 784//794 816//790 782//794
f 795//486 822//486 821//486
f 792//486 822//486 795//486
f 797//790 820//790 823//790
f 797//790 823//790 794//790
f 824//796 723//797 725//798
f 824//796 799//799 723//797
f 825//800 725//798 727//801
f 825//800 824//796 725//798
f 825//800 727//801 728//802
f 825//800 728//802 731//803
f 826//804 731//803 735//805
f 826//804 825//800 731//803
f 826//804 735//805 736//806
f 827//807 736//806 738//808
f 827//807 738//808 739//809
f 827//807 826//804 736//806
f 827//807 739//809 741//810
f 828//811 741//810 744//812
f 828//811 744//812 747//813
f 828//811 827//807 741//810
f 829//814 747//813 749//815
f 829//814 828//811 747//813
f 829//814 749//815 751//816
f 829//814 751//816 753//817
f 830//818 829//814 753//817
f 830//818 753//817 754//819
f 830//818 754//819 757//820
f 830//818 757//820 761//821
f 831//822 761//821 762//823
f 831//822 830//818 761//821
f 831//822 762//823 764//824
f 832//825 831//822 764//824
f 832//825 764//824 765//826
f 832//825 765//826 767//827
f 833//828 767//827 770//829
f 833//828 832//825 767//827
f 833//828 770//829 774//830
f 833//828 774//830 775//831
f 834//832 775//831 776//833
f 834//832 833//828 775//831
f 834//832 776//833 779//834
f 834//832 779//834 781//835
f 835//836 781//835 783//837
f 835//836 834//832 781//835
f 835//836 783//837 787//838
f 835//836 787//838 788//839
f 836//840 835//836 788//839
f 836//840 788//839 790//841
f 836//840 790//841 791//842
f 837//843 791//842 793//844
f 837//843 793//844 796//845
f 837//843 836//840 791//842
f 837//843 799//799 824//796
f 837//843 796//845 799//799
f 796//486 793//486 791//486
f 725//486 791//486 790//486
f 725//486 799//486 796//486
f 725//486 723//486 799//486
f 725//486 796//486 791//486
f 728//486 727//793 725//486
f 731//486 728//486 725//486
f 731//486 738//486 736//486
f 731//486 739//486 738//486
f 731//486 747//486 744//486
f 731//486 749//486 747//486
f 731//486 753//486 751//486
f 731//486 754//486 753//486
f 731//486 725//486 790//486
f 826//791 824//259 825//846
f 826//791 827//847 828//848
f 826//791 828//848 829//849
f 826//791 829//849 830//850
f 826//791 830//850 831//851
f 826//791 831//851 832//852
f 826//791 832//852 833//853
f 826//791 833//853 834//854
f 826//791 834//854 835//855
f 826//791 835//855 836//790
f 826//791 836//790 837//790
f 826//791 837//790 824//259
f 840//856 839//857 838//858
f 842//859 840//856 838//858
f 841//860 839//857 840//856
f 843//861 841//860 840//856
f 844//862 842//859 838//858
f 843//861 840//856 842//859
f 845//863 883//864 841//860
f 846//865 843//861 842//859
f 847//866 846//865 842//859
f 848//867 841//860 843//861
f 847//866 842//859 844//862
f 849//868 845//863 841//860
f 849//868 841//860 848//867
f 850//869 847//866 844//862
f 848//867 843//861 846//865
f 851//870 844//862 838//858
f 854//871 845//863 849//868
f 853//872 844//862 851//870
f 850//869 844//862 852//873
f 852//873 844//862 853//872
f 856//874 849//868 848//867
f 857//875 846//865 847//866
f 858//876 847//866 850//869
f 859//877 848//867 846//865
f 859//877 856//874 848//867
f 860//878 857//875 847//866
f 857//875 859//877 846//865
f 860//878 847//866 858//876
f 862//879 852//873 853//872
f 858//876 850//869 852//873
f 856//874 854//871 849//868
f 864//880 858//876 852//873
f 863//881 852//873 862//879
f 865//882 854//871 856//874
f 862//879 853//872 851//870
f 863//881 864//880 852//873
f 861//883 855//884 854//871
f 839//857 851//870 838//858
f 866//885 862//879 851//870
f 867//886 860//878 858//876
f 869//887 857//875 860//878
f 865//882 856//874 859//877
f 868//888 859//877 857//875
f 865//882 861//883 854//871
f 870//889 864//880 863//881
f 871//890 866//885 851//870
f 872//891 863//881 862//879
f 864//880 867//886 858//876
f 873//892 851//870 839//857
f 869//887 860//878 867//886
f 869//887 868//888 857//875
f 875//893 859//877 868//888
f 874//894 861//883 865//882
f 873//892 871//890 851//870
f 872//891 862//879 866//885
f 875//893 865//882 859//877
f 876//895 869//887 867//886
f 875//893 874//894 865//882
f 876//895 867//886 864//880
f 877//896 875//893 868//888
f 873//892 839//857 841//860
f 879//897 863//881 872//891
f 880//898 876//895 864//880
f 877//896 868//888 869//887
f 881//899 870//889 863//881
f 880//898 864//880 870//889
f 882//900 877//896 869//887
f 884//901 866//885 871//890
f 878//902 861//883 874//894
f 885//903 871//890 873//892
f 879//897 872//891 866//885
f 878//902 903//904 861//883
f 881//899 863//881 879//897
f 881//899 880//898 870//889
f 876//895 882//900 869//887
f 877//896 874//894 875//893
f 841//860 883//864 873//892
f 885//903 884//901 871//890
f 887//905 876//895 880//898
f 883//864 885//903 873//892
f 884//901 879//897 866//885
f 886//906 903//904 878//902
f 878//902 874//894 877//896
f 888//907 881//899 879//897
f 887//905 882//900 876//895
f 891//908 888//907 879//897
f 892//909 884//901 885//903
f 890//910 885//903 883//864
f 891//908 879//897 884//901
f 893//911 880//898 881//899
f 894//912 882//900 887//905
f 889//913 877//896 882//900
f 889//913 886//906 878//902
f 889//913 878//902 877//896
f 892//909 885//903 890//910
f 894//912 889//913 882//900
f 890//910 883//864 845//863
f 892//909 891//908 884//901
f 888//907 893//911 881//899
f 895//914 894//912 887//905
f 896//915 888//907 891//908
f 895//914 887//905 880//898
f 895//914 880//898 893//911
f 897//916 889//913 894//912
f 854//871 890//910 845//863
f 898//917 892//909 890//910
f 896//915 893//911 888//907
f 899//918 896//915 891//908
f 855//884 890//910 854//871
f 855//884 898//917 890//910
f 899//918 891//908 892//909
f 897//916 894//912 895//914
f 900//919 893//911 896//915
f 900//919 895//914 893//911
f 897//916 886//906 889//913
f 898//917 899//918 892//909
f 901//920 900//919 896//915
f 901//920 896//915 899//918
f 902//921 899//918 898//917
f 902//921 898//917 855//884
f 902//921 901//920 899//918
f 897//916 895//914 900//919
f 861//883 902//921 855//884
f 903//904 901//920 902//921
f 886//906 897//916 900//919
f 903//904 900//919 901//920
f 886//906 900//919 903//904
f 903//904 902//921 861//883
f 915//922 909//922 910//922
f 915//923 908//924 909//925
f 905//926 913//927 914//928
f 914//929 904//929 905//929
f 905//930 904//931 906//932
f 916//933 905//930 906//932
f 916//933 906//932 907//934
f 915//935 910//935 911//935
f 916//936 907//936 908//936
f 915//923 916//937 908//924
f 915//938 911//939 912//940
f 905//926 915//938 912//940
f 913//927 905//926 912//940
f 906//941 908//942 907//943
f 906//941 909//944 908//942
f 906//941 910//945 909//944
f 906//941 911//946 910//945
f 906//941 912//947 911//946
f 906//941 913//948 912//947
f 906//941 914//949 913//948
f 906//941 904//950 914//949
f 905//951 916//951 915//951
f 75//108 74//952 76//953
f 810//677 808//677 809//677
f 554//954 502//476 504//478
f 818//505 816//505 817//505
f 785//780 787//955 783//778
f 509//956 426//400 425//399
f 522//957 446//420 448//422
f 543//958 483//457 485//459
f 551//959 497//471 498//472
f 518//960 440//414 441//415
f 513//961 431//405 433//407
f 19//33 18//962 20//963
f 765//764 764//964 763//766
f 550//965 495//469 497//471
f 775//966 774//967 773//968
f 65//96 64//969 66//970
f 749//971 747//972 748//973
f 516//974 436//410 438//412
f 791//782 790//975 789//784
f 34//52 32//976 33//977
f 56//978 57//85 55//82
f 544//979 485//459 486//460
f 780//980 819//981 818//571
f 11//22 10//982 12//983
f 5//15 3//984 6//985
f 515//986 434//408 436//410
f 742//987 807//988 806//692
f 806//639 804//639 805//639
f 87//126 86//989 88//990
f 41//63 40//991 42//992
f 67//97 66//970 68//993
f 514//994 433//407 434//408
f 25//41 23//995 26//996
f 761//6 759//762 760//4
f 773//968 776//997 775//966
f 80//115 77//998 79//999
f 17//30 16//1000 18//962
f 29//48 28//1001 30//1002
f 792//1003 823//1003 822//1004
f 523//1005 448//422 450//424
f 534//1006 467//441 469//443
f 531//1007 462//436 464//438
f 85//122 84//1008 86//989
f 552//1009 498//472 500//474
f 527//1010 455//429 457//431
f 525//1011 452//426 453//427
f 62//1012 63//93 61//89
f 548//1013 492//466 493//467
f 4//8 100//1014 2//571
f 511//1015 425//399 429//403
f 89//127 88//990 90//1016
f 547//1017 490//464 492//466
f 73//107 72//1018 74//952
f 472//446 537//1019 536//1020
f 532//1021 464//438 466//440
f 519//1022 441//415 443//417
f 540//1023 478//452 479//453
f 69//100 68//993 70//1024
f 520//1025 443//417 445//419
f 48//71 46//1026 47//1027
f 529//1028 459//433 460//434
f 512//1029 429//403 431//405
f 517//1030 438//412 440//414
f 526//1031 453//427 455//429
f 27//44 26//996 28//1001
f 530//1032 460//434 462//436
f 39//60 38//1033 40//991
f 52//692 53//78 51//77
f 15//29 14//1034 16//1000
f 769//1035 812//1035 771//1036
f 521//1037 445//419 446//420
f 545//1038 486//460 488//462
f 13//26 12//983 14//1034
f 95//134 94//1039 96//1040
f 471//445 536//1020 535//1041
f 9//21 8//1042 10//982
f 97//1043 99//12 98//138
f 45//67 44//1044 46//1026
f 479//453 541//1045 540//1023
f 724//1 725//792 723//2
f 753//755 751//1046 750//757
f 739//747 738//1047 737//749
f 803//595 800//595 801//595
f 799//3 798//789 724//1
f 476//450 539//1048 538//1049
f 524//1050 450//424 452//426
f 553//1051 500//474 502//476
f 598//625 600//1052 124//623
f 695//486 707//486 696//486
f 691//637 693//636 694//1053
f 681//489 684//488 685//629
f 558//563 4//1054 103//562
f 579//656 582//593 580//1055
f 649//675 651//674 652//1056
f 693//486 683//486 682//486
f 716//1057 719//707 717//1058
f 251//1059 698//648 173//646
f 616//584 213//1060 274//585
f 699//702 251//1059 290//703
f 619//705 622//710 620//1061
f 676//1062 673//671 675//1063
f 667//1064 666//527 664//529
f 138//536 627//665 625//537
f 238//1065 671//502 159//504
f 238//1065 672//667 671//502
f 625//486 638//486 626//486
f 721//1066 720//706 718//708
f 681//489 683//1067 166//487
f 593//1068 590//549 592//1069
f 159//504 670//503 668//673
f 639//627 641//490 642//492
f 287//686 686//628 684//488
f 647//541 650//676 649//675
f 566//1070 565//688 562//498
f 702//651 705//513 703//1071
f 567//569 569//568 570//1072
f 695//647 173//646 697//649
f 656//526 282//654 658//524
f 700//652 702//651 703//1071
f 653//486 667//486 654//486
f 707//1073 706//512 704//514
f 708//486 721//486 709//486
f 712//1074 713//722 711//538
f 200//1075 588//605 117//607
f 655//1076 656//526 657//525
f 592//1069 595//615 593//1068
f 668//486 680//486 669//486
f 597//1077 596//614 594//616
f 565//688 568//570 567//569
f 271//566 603//565 601//624
f 644//631 643//491 641//490
f 690//1078 689//633 687//635
f 571//486 584//486 572//486
f 569//486 4//486 559//486
f 651//486 51//486 640//486
f 571//580 110//579 573//1079
f 213//1060 615//516 131//515
f 617//586 619//705 620//1061
f 712//1074 711//538 180//540
f 624//1080 623//709 621//711
f 629//1081 630//609 628//664
f 180//540 710//539 708//663
f 717//1058 714//726 716//1057
f 633//1082 636//728 634//1083
f 639//627 51//1084 145//626
f 638//1085 637//727 635//729
f 689//633 692//638 691//637
f 606//499 609//691 608//690
f 558//563 187//550 560//551
f 598//625 601//624 602//684
f 264//495 561//494 187//550
f 607//1086 606//499 604//501
f 573//1079 574//582 575//581
f 608//690 610//689 611//1087
f 610//486 600//486 599//486
f 680//1088 679//552 677//554
f 653//604 152//603 655//1076
f 662//590 665//528 663//1089
f 574//582 266//520 576//519
f 648//1090 647//541 645//543
f 577//521 579//656 580//1055
f 612//486 624//486 613//486
f 200//1075 589//545 588//605
f 612//700 131//515 614//517
f 117//607 587//606 585//720
f 629//1081 628//664 138//536
f 634//1083 631//613 633//1082
f 660//591 662//590 663//1089
f 675//1063 678//553 676//1062
f 585//486 597//486 586//486
f 745//1091 805//1092 804//571
f 786//1093 790//975 788//1094
f 748//973 751//1046 749//971
f 98//138 96//1040 97//1043
f 788//1094 787//955 786//1093
f 738//1047 734//483 737//749
f 1//9 2//571 3//984
f 81//116 79//999 82//1095
f 546//1096 488//462 490//464
f 764//964 760//4 763//766
f 78//111 76//953 77//998
f 556//1097 505//479 507//481
f 24//40 22//1098 23//995
f 528//1099 457//431 459//433
f 60//88 58//1100 59//1101
f 7//18 6//985 8//1042
f 59//1101 61//89 60//88
f 735//485 733//744 734//483
f 37//59 36//1102 38//1033
f 542//1103 481//455 483//457
f 533//1104 466//440 467//441
f 795//1105 820//1106 797//1107
f 555//1108 504//478 505//479
f 822//555 820//555 821//555
f 510//692 427//401 426//400
f 730//1109 800//1109 732//1110
f 83//119 82//1095 84//1008
f 47//1027 49//74 48//71
f 93//133 92//1111 94//1039
f 758//1112 809//1112 808//1113
f 784//1114 817//1115 816//692
f 729//1116 803//1117 726//1118
f 549//1119 493//467 495//469
f 538//1049 474//448 476//450
f 779//773 776//997 777//777
f 814//712 812//712 813//712
f 21//37 20//963 22//1098
f 35//55 33//977 36//1102
f 752//1120 811//1120 810//1121
f 774//967 772//771 773//968
f 71//104 70//1024 72//1018
f 469//443 535//1041 534//1006
f 54//1122 55//82 53//78
f 584//1123 583//592 581//594
f 91//130 90//1016 92//1111
f 43//66 42//992 44//1044
f 31//49 30//1002 32//976
f 746//753 747//972 744//751
f 50//1124 51//77 49//74
f 766//1125 815//1125 814//1126
f 557//1127 507//481 427//401
f 75//108 73//107 74//952
f 810//677 811//677 808//677
f 554//954 553//1051 502//476
f 818//505 819//505 816//505
f 785//780 786//1093 787//955
f 509//956 510//692 426//400
f 522//957 521//1037 446//420
f 543//958 542//1103 483//457
f 551//959 550//965 497//471
f 518//960 517//1030 440//414
f 513//961 512//1029 431//405
f 19//33 17//30 18//962
f 550//965 549//1119 495//469
f 65//96 63//93 64//969
f 516//974 515//986 436//410
f 34//52 31//49 32//976
f 56//978 58//1100 57//85
f 544//979 543//958 485//459
f 780//980 782//1128 819//981
f 11//22 9//21 10//982
f 5//15 1//9 3//984
f 515//986 514//994 434//408
f 742//987 743//1129 807//988
f 806//639 807//639 804//639
f 87//126 85//122 86//989
f 41//63 39//60 40//991
f 67//97 65//96 66//970
f 514//994 513//961 433//407
f 25//41 24//40 23//995
f 761//6 757//760 759//762
f 773//968 777//777 776//997
f 80//115 78//111 77//998
f 17//30 15//29 16//1000
f 29//48 27//44 28//1001
f 792//1003 794//1130 823//1003
f 523//1005 522//957 448//422
f 534//1006 533//1104 467//441
f 531//1007 530//1032 462//436
f 85//122 83//119 84//1008
f 552//1009 551//959 498//472
f 527//1010 526//1031 455//429
f 525//1011 524//1050 452//426
f 62//1012 64//969 63//93
f 548//1013 547//1017 492//466
f 4//8 99//12 100//1014
f 511//1015 509//956 425//399
f 89//127 87//126 88//990
f 547//1017 546//1096 490//464
f 73//107 71//104 72//1018
f 472//446 474//448 537//1019
f 532//1021 531//1007 464//438
f 519//1022 518//960 441//415
f 540//1023 539//1048 478//452
f 69//100 67//97 68//993
f 520//1025 519//1022 443//417
f 48//71 45//67 46//1026
f 529//1028 528//1099 459//433
f 512//1029 511//1015 429//403
f 517//1030 516//974 438//412
f 526//1031 525//1011 453//427
f 27//44 25//41 26//996
f 530//1032 529//1028 460//434
f 39//60 37//59 38//1033
f 52//692 54//1122 53//78
f 15//29 13//26 14//1034
f 769//1035 813//1131 812//1035
f 521//1037 520//1025 445//419
f 545//1038 544//979 486//460
f 13//26 11//22 12//983
f 95//134 93//133 94//1039
f 471//445 472//446 536//1020
f 9//21 7//18 8//1042
f 97//1043 100//1014 99//12
f 45//67 43//66 44//1044
f 479//453 481//455 541//1045
f 724//1 722//740 725//792
f 803//595 802//595 800//595
f 799//3 796//787 798//789
f 476//450 478//452 539//1048
f 524//1050 523//1005 450//424
f 553//1051 552//1009 500//474
f 598//625 599//1132 600//1052
f 695//486 706//486 707//486
f 558//563 559//1133 4//1054
f 579//656 581//594 582//593
f 716//1057 718//708 719//707
f 616//584 615//516 213//1060
f 699//702 698//648 251//1059
f 619//705 621//711 622//710
f 676//1062 674//669 673//671
f 238//1065 285//668 672//667
f 625//486 637//486 638//486
f 681//489 682//1134 683//1067
f 593//1068 591//547 590//549
f 647//541 648//1090 650//676
f 702//651 704//514 705//513
f 653//486 666//486 667//486
f 708//486 720//486 721//486
f 712//1074 292//723 713//722
f 655//1076 152//603 656//526
f 592//1069 594//616 595//615
f 668//486 679//486 680//486
f 565//688 566//1070 568//570
f 571//486 583//486 584//486
f 629//1081 277//610 630//609
f 717//1058 715//724 714//726
f 633//1082 635//729 636//728
f 639//627 640//1135 51//1084
f 689//633 690//1078 692//638
f 606//499 607//1086 609//691
f 573//1079 110//579 574//582
f 662//590 664//529 665//528
f 612//486 623//486 624//486
f 200//1075 268//546 589//545
f 634//1083 632//611 631//613
f 675//1063 677//554 678//553
f 585//486 596//486 597//486
f 745//1091 740//1136 805//1092
f 786//1093 789//784 790//975
f 748//973 750//757 751//1046
f 98//138 95//134 96//1040
f 738//1047 736//484 734//483
f 1//9 4//8 2//571
f 81//116 80//115 79//999
f 546//1096 545//1038 488//462
f 764//964 762//5 760//4
f 78//111 75//108 76//953
f 556//1097 555//1108 505//479
f 24//40 21//37 22//1098
f 528//1099 527//1010 457//431
f 60//88 57//85 58//1100
f 7//18 5//15 6//985
f 59//1101 62//1012 61//89
f 735//485 731//742 733//744
f 37//59 35//55 36//1102
f 542//1103 541//1045 481//455
f 533//1104 532//1021 466//440
f 795//1105 821//1137 820//1106
f 555//1108 554//954 504//478
f 822//555 823//555 820//555
f 510//692 557//1127 427//401
f 730//1109 801//1138 800//1109
f 83//119 81//116 82//1095
f 47//1027 50//1124 49//74
f 93//133 91//130 92//1111
f 758//1112 756//1139 809//1112
f 784//1114 778//1140 817//1115
f 729//1116 802//1141 803//1117
f 549//1119 548//1013 493//467
f 538//1049 537//1019 474//448
f 814//712 815//712 812//712
f 21//37 19//33 20//963
f 35//55 34//52 33//977
f 752//1120 755//1142 811//1120
f 774//967 770//769 772//771
f 71//104 69//100 70//1024
f 469//443 471//445 535//1041
f 54//1122 56//978 55//82
f 91//130 89//127 90//1016
f 43//66 41//63 42//992
f 31//49 29//48 30//1002
f 746//753 748//973 747//972
f 50//1124 52//692 51//77
f 766//1125 768//1143 815//1125
f 557//1127 556//1097 507//481
usemtl dark
f 943//639 946//639 944//639
f 927//555 930//555 928//555
f 943//571 941//571 942//571
f 951//617 949//617 950//617
f 938//657 939//657 937//657
f 937//712 934//712 933//712
f 930//617 931//617 929//617
f 920//790 921//790 917//790
f 957//790 962//790 961//790
f 921//639 918//639 917//639
f 954//730 955//730 953//730
f 924//486 918//486 923//486
f 961//595 958//595 957//595
f 948//486 942//486 947//486
f 922//571 923//571 921//571
f 919//692 917//692 918//692
f 929//677 926//677 925//677
f 934//486 940//486 935//486
f 933//790 938//790 937//790
f 946//692 947//692 945//692
f 927//730 925//730 926//730
f 931//486 927//486 926//486
f 944//790 945//790 941//790
f 959//657 957//657 958//657
f 935//595 938//595 936//595
f 935//530 933//530 934//530
f 919//505 922//505 920//505
f 929//790 928//790 930//790
f 953//790 952//790 954//790
f 953//555 950//555 949//555
f 951//677 954//677 952//677
f 958//486 964//486 959//486
f 945//505 942//505 941//505
f 955//486 951//486 950//486
f 962//530 963//530 961//530
f 959//712 962//712 960//712
f 943//639 948//639 946//639
f 927//555 932//555 930//555
f 943//571 944//571 941//571
f 951//617 952//617 949//617
f 938//657 940//657 939//657
f 937//712 939//712 934//712
f 930//617 932//617 931//617
f 920//790 922//790 921//790
f 957//790 960//790 962//790
f 921//639 923//639 918//639
f 954//730 956//730 955//730
f 924//486 919//486 918//486
f 961//595 963//595 958//595
f 948//486 943//486 942//486
f 922//571 924//571 923//571
f 919//692 920//692 917//692
f 929//677 931//677 926//677
f 934//486 939//486 940//486
f 933//790 936//790 938//790
f 946//692 948//692 947//692
f 927//730 928//730 925//730
f 931//486 932//486 927//486
f 944//790 946//790 945//790
f 959//657 960//657 957//657
f 935//595 940//595 938//595
f 935//530 936//530 933//530
f 919//505 924//505 922//505
f 929//790 925//790 928//790
f 953//790 949//790 952//790
f 953//555 955//555 950//555
f 951//677 956//677 954//677
f 958//486 963//486 964//486
f 945//505 947//505 942//505
f 955//486 956//486 951//486
f 962//530 964//530 963//530
f 959//712 964//712 962//712
